brand,model,title,url,price,city,year,country,seats,mileage,owners,condition,pts,trim,engine,transmission,drive,wheel,body,color,image_url,updated_at
Renault,Duster,Renault Duster I Рестайлинг,https://auto.ru/cars/used/sale/renault/duster/1133651953-ae70e243/,1099000,Барнаул,2019,,5,117400,2,Не требует ремонта,Оригинал,Expression,"бензин, 1.6 MT (114 л.с.) 4WD",механическая,полный,Левый,Внедорожник 5 дв.,коричневый,https://avatars.avto.ru/get-autoru-vos/17720009/e339d02571d718afb57b14b7f9695e01/1200x900,2026-09-22T05:49:58Z
Toyota,Voxy,Toyota Voxy III (R80) Рестайлинг,https://auto.ru/cars/used/sale/toyota/voxy/1132755110-ba2a07e8/,1849000,Барнаул,2018,,7,147000,1,Не требует ремонта,Оригинал,,"бензин, 2.0 CVT (152 л.с.)",вариатор,передний,Правый,Минивэн,серебристый,https://photo.auto.ru/photo/get-autoru-vos/16164821/_Dqxkdf5yKbqhokWj1JiZvLgE3BXiGJHRQPUAW34mkhFdQM8_ssPFncy08YWljg7egpkVokEP2MU5ObJTByPHyhmzI1Yh_tMdFbwZJnaQWQDPAJAIRUhSEhSpB3pXnQbcQLsKd5SzYrRqs7OrsFb3lZK-fIN0OUWABHG1YQo4nd_isg/1200x900,2026-09-22T05:49:58Z
Lexus,NX,Lexus NX 200 I,https://auto.ru/cars/used/sale/lexus/nx/1132413725-f4c8e4a7/,2449000,Барнаул,2015,,5,106000,2,Не требует ремонта,Оригинал,Executive,"бензин, 200 2.0 CVT (150 л.с.) 4WD",вариатор,полный,Левый,Внедорожник 5 дв.,серый,https://avatars.avto.ru/get-autoru-vos/16757019/a1848360390566b238e4682ddb65d3e1/1200x900,2026-09-22T05:49:58Z
Nissan,Vanette,Nissan Vanette IV,https://auto.ru/cars/used/sale/nissan/vanette/1133494051-70fd8b79/,699000,Барнаул,2011,,5,245000,3,Не требует ремонта,Оригинал,,"бензин, 1.8 AT (102 л.с.) 4WD",автоматическая,полный,Правый,Минивэн,белый,https://avatars.avto.ru/get-autoru-vos/21020531/4e36dbee08fc7ddb37f22cd5cd37234e/1200x900,2026-09-22T05:49:58Z
Mitsubishi,Outlander,Mitsubishi Outlander II Рестайлинг,https://auto.ru/cars/used/sale/mitsubishi/outlander/1134062588-cdf0b8fa/,1169000,Барнаул,2010,,5,157000,2,Не требует ремонта,Дубликат,,"бензин, 2.4 CVT (170 л.с.) 4WD",вариатор,полный,Левый,Внедорожник 5 дв.,серый,https://avatars.avto.ru/get-autoru-vos/20394542/1cbe08d4be052b99450a4ae41ed36727/1200x900,2026-09-22T05:49:58Z
Mitsubishi,Outlander,Mitsubishi Outlander III Рестайлинг 2,https://auto.ru/cars/used/sale/mitsubishi/outlander/1134088106-879cd3b7/,1519000,Барнаул,2015,,5,210000,2,Не требует ремонта,Дубликат,,"бензин, 2.0 CVT (146 л.с.) 4WD",вариатор,полный,Левый,Внедорожник 5 дв.,белый,https://photo.auto.ru/photo/get-autoru-vos/20116688/f2irxvA6W6WjRH-WcNCDbyZUou8E3_xsbcBrL_xnaTWXBD2EkxmniND6Tu7dTHATiTa7wP8QdL-2pIN6yMH62VQ4BYEOCgafRgtcgF0pCQ70W1YTqiQHKbSV9YDPlHOc4DT5QgCW1t3D7gpyN_6IQwEIPqx538pqdThtDNjcFT5FGSw/1200x900,2026-09-22T05:49:58Z
Hyundai,Tucson,Hyundai Tucson I,https://auto.ru/cars/used/sale/hyundai/tucson/1131082244-220e7625/,699000,Барнаул,2005,,5,266000,4,Не требует ремонта,Дубликат,,"бензин, 2.0 AT (141 л.с.) 4WD",автоматическая,полный,Левый,Внедорожник 5 дв.,серый,https://avatars.avto.ru/get-autoru-vos/16383606/fd2ab9ff5609317e2a2387c7870cb736/1200x900,2026-09-22T05:49:58Z
Honda,HR-V,Honda HR-V I Рестайлинг,https://auto.ru/cars/used/sale/honda/hr_v/1132739280-cd81f6c5/,449000,Барнаул,2004,,5,208600,2,Не требует ремонта,Оригинал,,"бензин, 1.6 CVT (105 л.с.) 4WD",вариатор,полный,Левый,Внедорожник 5 дв.,голубой,https://avatars.avto.ru/get-autoru-vos/20132077/2735099c43bab34869ea507dfdafd705/1200x900,2026-09-22T05:49:58Z
Hyundai,Creta,Hyundai Creta I,https://auto.ru/cars/used/sale/hyundai/creta/1133972922-1aa58444/,1599000,Барнаул,2019,,5,161000,1,Не требует ремонта,Оригинал,,"бензин, 2.0 AT (150 л.с.)",автоматическая,передний,Левый,Внедорожник 5 дв.,белый,https://avatars.avto.ru/get-autoru-vos/6358557/d382b20788c559b4e9b889475a41b759/1200x900,2026-09-22T05:49:58Z
Toyota,Corolla Spacio,Toyota Corolla Spacio II,https://auto.ru/cars/used/sale/toyota/corolla_spacio/1133972925-9c835a3a/,459000,Барнаул,2001,,7,400000,2,Не требует ремонта,Оригинал,,"бензин, 1.5 AT (110 л.с.)",автоматическая,передний,Правый,Компактвэн,синий,https://avatars.avto.ru/get-autoru-vos/2113863/dff56bcd8fcf968d9b0d9799f21c23e7/1200x900,2026-09-22T05:49:58Z
Subaru,Levorg,Subaru Levorg I,https://auto.ru/cars/used/sale/subaru/levorg/1134017632-ec9ae5ec/,1329000,Барнаул,2016,,5,133000,1,Не требует ремонта,Оригинал,,"бензин, 1.6 CVT (170 л.с.) 4WD",вариатор,полный,Правый,Универсал 5 дв.,синий,https://avatars.avto.ru/get-autoru-vos/16133285/205174eac1231fbaccb804a5b05b7c35/1200x900,2026-09-22T05:49:58Z
Nissan,Qashqai,Nissan Qashqai II,https://auto.ru/cars/used/sale/nissan/qashqai/1133234710-64b6e548/,1349000,Барнаул,2015,,5,230000,3,Не требует ремонта,Дубликат,SE,"бензин, 2.0 CVT (144 л.с.) 4WD",вариатор,полный,Левый,Внедорожник 5 дв.,белый,https://photo.auto.ru/photo/get-autoru-vos/20022717/kTPISwwuA_CYV1u5Ztt7DM0NrEVS_oJTogxiX_CDAR3P1PgiL0y5jSvoF-E1sNBqL2imLyPNzIGQch60U-zjZZxec9yPv7ANY7Fr0RPztZXCMzMXYMlEX1MGFmhSYNm0fdt_Xh-n3L3aEy6wtnA9RXPtQQgDYmcZi1vqE0lAe3QlCUw/1200x900,2026-09-22T05:49:58Z
Toyota,RAV4,Toyota RAV4 III (XA30),https://auto.ru/cars/used/sale/toyota/rav_4/1133903674-6e6e532c/,1299000,Барнаул,2009,,5,159000,3,Не требует ремонта,Дубликат,,"бензин, 2.0 AT (152 л.с.) 4WD",автоматическая,полный,Левый,Внедорожник 5 дв.,чёрный,https://avatars.avto.ru/get-autoru-vos/2144762/e3d99d5fbbeb0320283036244581984a/1200x900,2026-09-22T05:49:58Z
Toyota,Ipsum,Toyota Ipsum II (M20),https://auto.ru/cars/used/sale/toyota/ipsum/1133341582-cacf8bf1/,649000,Барнаул,2002,,6,371000,4,Не требует ремонта,Дубликат,,"бензин, 2.4 AT (160 л.с.)",автоматическая,передний,Правый,Компактвэн,серебристый,https://avatars.avto.ru/get-autoru-vos/20606978/58100de002dc7957f2a2d85b7cb6433a/1200x900,2026-09-22T05:49:58Z
Honda,Fit Shuttle,Honda Fit Shuttle I,https://auto.ru/cars/used/sale/honda/fit_shuttle/1132381832-795d4b10/,759000,Барнаул,2012,,5,191000,1,Не требует ремонта,Оригинал,,"гибрид, 1.3hyb CVT (88 л.с.)",вариатор,передний,Правый,Универсал 5 дв.,красный,https://avatars.avto.ru/get-autoru-vos/19936221/e0f49c34683e66eabab17b82c1685f6e/1200x900,2026-09-22T05:49:58Z
Volkswagen,Tiguan,Volkswagen Tiguan I,https://auto.ru/cars/used/sale/volkswagen/tiguan/1133040470-4649c6b6/,949000,Барнаул,2010,,5,298000,3,Не требует ремонта,Оригинал,Sport&Style,"бензин, 2.0 AT (170 л.с.) 4WD",автоматическая,полный,Левый,Внедорожник 5 дв.,белый,https://avatars.avto.ru/get-autoru-vos/17674678/b80fc52df60cbb618b7f056740978f86/1200x900,2026-09-22T05:49:58Z
Ford,Focus,Ford Focus III Рестайлинг,https://auto.ru/cars/used/sale/ford/focus/1131726867-be4c4fc2/,819000,Барнаул,2018,,5,180000,2,Не требует ремонта,Оригинал,SYNC Edition,"бензин, 1.6 MT (125 л.с.)",механическая,передний,Левый,Хэтчбек 5 дв.,белый,https://avatars.avto.ru/get-autoru-vos/16164821/670c9e907e33df0b189862286fe69189/1200x900,2026-09-22T05:49:58Z
Toyota,RAV4,Toyota RAV4 II (XA20),https://auto.ru/cars/used/sale/toyota/rav_4/1134173907-70b5e359/,699000,Барнаул,2000,,5,220000,4,Не требует ремонта,Дубликат,,"бензин, 2.0 AT (150 л.с.) 4WD",автоматическая,полный,Левый,Внедорожник 3 дв.,синий,https://photo.auto.ru/photo/get-autoru-vos/20369579/LXrost3fViXR7BCRjYK_MUDYrBhkwBIPSM78JxVttBmt2OB1PIusxj4J4asuWjqKMHR8_n0YnnpsLLwf2Gb6RnHnwgrVQgiYFI7OD4OEfPHbAJ3kBVLBaiG_gOmjTe3BeCdw5hSRi5xJ5JQXKuLJSCobEzHWHJ6w_EhTIye-bSLXyRs/1200x900,2026-09-22T05:49:58Z
Nissan,Tino,Nissan Tino,https://auto.ru/cars/used/sale/nissan/tino/1133026820-f6a5f7db/,249000,Барнаул,2002,,6,394000,4,Не требует ремонта,Дубликат,,"бензин, 1.8 AT (120 л.с.)",автоматическая,передний,Правый,Компактвэн,серебристый,https://avatars.avto.ru/get-autoru-vos/20134224/5759f4937c1c1ce308b31af0ddc7f39f/1200x900,2026-09-22T05:49:58Z
Volkswagen,Tiguan,Volkswagen Tiguan I Рестайлинг,https://auto.ru/cars/used/sale/volkswagen/tiguan/1133817799-94cacaeb/,1119000,Барнаул,2014,,5,151100,3,Не требует ремонта,Оригинал,,"бензин, 1.4 AMT (150 л.с.)",робот,передний,Левый,Внедорожник 5 дв.,коричневый,https://avatars.avto.ru/get-autoru-vos/9729495/be498fd9d1102db268c7268dfd86d72d/1200x900,2026-09-22T05:49:58Z
Volkswagen,Polo,Volkswagen Polo V Рестайлинг,https://auto.ru/cars/used/sale/volkswagen/polo/1133893203-9e8e523d/,999000,Барнаул,2019,,5,55000,2,Не требует ремонта,Оригинал,,"бензин, 1.6 MT (90 л.с.)",механическая,передний,Левый,Седан,синий,https://photo.auto.ru/photo/get-autoru-vos/17699914/a858X1Kxipb4lHWCKDw24geF-eLqQHDV-td0wvkwRlVMb2TvKBIDlEvd2oIj3b4ts0mT5CRtw0PI07EA6y9wIsjEaFFn9756sHyqeQuKEiG4l4eyviPQvx2-XkOwbhlp8cbhSzt08vxoFprihovoKYOY37R5wHCtWd7O_y3eUYmrTNI/1200x900,2026-09-22T05:49:58Z
Hyundai,Solaris,Hyundai Solaris II,https://auto.ru/cars/used/sale/hyundai/solaris/1132066253-7701f6ff/,749000,Барнаул,2017,,5,150000,4,Не требует ремонта,Дубликат,Active,"бензин, 1.4 MT (100 л.с.)",механическая,передний,Левый,Седан,белый,https://avatars.avto.ru/get-autoru-vos/17713999/f909e9662cf777227b24827409ea3c5f/1200x900,2026-09-22T05:49:58Z
Lada (ВАЗ),Kalina,Lada (ВАЗ) Kalina I,https://auto.ru/cars/used/sale/vaz/kalina/1134216032-ae58e26b/,219000,Барнаул,2011,,5,150000,4,Не требует ремонта,Оригинал,,"бензин, 1.6 MT (84 л.с.)",механическая,передний,Левый,Универсал 5 дв.,серебристый,https://avatars.avto.ru/get-autoru-vos/20140694/117e48b9f3047c2a1769c3ecb666d01d/1200x900,2026-09-22T05:49:58Z
Mitsubishi,Lancer,Mitsubishi Lancer X,https://auto.ru/cars/used/sale/mitsubishi/lancer/1133906401-3f0691d7/,609000,Барнаул,2008,,5,264000,3,Не требует ремонта,Оригинал,,"бензин, 1.8 CVT (143 л.с.)",вариатор,передний,Левый,Седан,зелёный,https://photo.auto.ru/photo/get-autoru-vos/20200701/OigV-SL0HGl3KGMr9fEgPPu9yCV3FYuh_3NNf1QNNA_3N2tgUlTk97ick602881dvnLTAQoQE27dimZRtL4n1C_7tGp6LCLaSY1eywpu8SlU0b1Gswvm1fIec7rchnP57aQEtgRkvq4z0IExs24BkGAa2ncbK9xKH-g61A4LOWql6Gk/1200x900,2026-09-22T05:49:58Z
Lada (ВАЗ),XRAY,Lada (ВАЗ) XRAY I,https://auto.ru/cars/used/sale/vaz/xray/1134005126-126b7e78/,609000,Барнаул,2017,,5,142000,3,Не требует ремонта,Оригинал,,"бензин, 1.6 MT (106 л.с.)",механическая,передний,Левый,Хэтчбек 5 дв.,серый,https://avatars.avto.ru/get-autoru-vos/2174525/e86d221b3e129880039c25c45c1fa7b7/1200x900,2026-09-22T05:49:58Z
Lifan,X50,Lifan X50,https://auto.ru/cars/used/sale/lifan/x50/1134116800-427c7435/,479000,Барнаул,2016,,5,137000,3,Не требует ремонта,Дубликат,,"бензин, 1.5 MT (103 л.с.)",механическая,передний,Левый,Хэтчбек 5 дв.,чёрный,https://photo.auto.ru/photo/get-autoru-vos/20265681/a2G-eeqTSqohSawBLInAQqjF76LWouPWBlbkVAkPaZXjfgEn32j4HgOrl8Y55QYDAapyqg_Skd49eQki06GK1fwMnpG-YpsOLtiqRXNe7XMwo6UnigMhZc4dQ29YFPUzX5TqdJOJX6s644e3PxobsY2YFyOo7LL2vOc3uuyZw60C3gA/1200x900,2026-09-22T05:49:58Z
Toyota,Vitz,Toyota Vitz III (XP130) Рестайлинг,https://auto.ru/cars/used/sale/toyota/vitz/1130898022-65f4e50b/,749000,Барнаул,2015,,5,102000,3,Не требует ремонта,Оригинал,,"бензин, 1.0 CVT (69 л.с.)",вариатор,передний,Правый,Хэтчбек 5 дв.,серебристый,https://avatars.avto.ru/get-autoru-vos/17999629/b8ca6472f420e7862e273565399c368b/1200x900,2026-09-22T05:49:58Z
Nissan,Teana,Nissan Teana III (L33),https://auto.ru/cars/used/sale/nissan/teana/1132480467-c5dc284e/,1249000,Барнаул,2014,,5,244700,4,Не требует ремонта,Оригинал,Elegance,"бензин, 2.5 CVT (173 л.с.)",вариатор,передний,Левый,Седан,серебристый,https://avatars.avto.ru/get-autoru-vos/18105905/aa1b7e3a0c82ad764fef7db9a60ec272/1200x900,2026-09-22T05:49:58Z
Lada (ВАЗ),Granta,Lada (ВАЗ) Granta I Рестайлинг,https://auto.ru/cars/used/sale/vaz/granta/1133893202-089f0de5/,659000,Барнаул,2020,,5,45000,1,Не требует ремонта,Оригинал,,"бензин, 1.6 MT (87 л.с.)",механическая,передний,Левый,Лифтбек,коричневый,https://photo.auto.ru/photo/get-autoru-vos/20315033/GYK20O2hDf8tc_YhlyIm2fdv0T0p66Jli6CCZfHNanMDirNxE28rlYjZrG8JZc-gZfqedVceeYkWTjUuLZ0mMSI1fLNUNTRgw5T1W1vrtzUKeysGCEOIPImaNjqPYhZW2ASiDkbL3in-SkIJEfgQeNZXNRsC3vbj0TK20W4-cy2kCzk/1200x900,2026-09-22T05:49:58Z
Subaru,XV,Subaru XV I,https://auto.ru/cars/used/sale/subaru/xv/1133637445-a000bc63/,1509000,Барнаул,2014,,5,135000,2,Не требует ремонта,Дубликат,EH,"бензин, 2.0 CVT (150 л.с.) 4WD",вариатор,полный,Левый,Внедорожник 5 дв.,чёрный,https://avatars.avto.ru/get-autoru-vos/18185687/cf29ad451e3211e017cdd355de34c957/1200x900,2026-09-22T05:49:58Z
Toyota,Noah,Toyota Noah I (R60),https://auto.ru/cars/used/sale/toyota/noah/1133679609-de0e4de2/,849000,Барнаул,2003,,8,370000,3,Не требует ремонта,Оригинал,,"бензин, 2.0 AT (152 л.с.)",автоматическая,передний,Правый,Минивэн,синий,https://photo.auto.ru/photo/get-autoru-vos/2157912/85oD2ADqB33JgII-dE8SMLR9RyMcT8cpWmy35sdSZzNasnVyjzn17Ush4O6YFFk3nRMRqeR4dUSWExJvhHXpqSe-Qrap1l6WUBcacMgHEDnRlxiHpyE_dSLehSXDTu2-pe21Z1vOsG_2_PrcjChG6vA_LbsMJlwFMUsJNA7GhXkfZVg/1200x900,2026-09-22T05:49:58Z
Mazda,Demio,Mazda Demio I (DW),https://auto.ru/cars/used/sale/mazda/demio/1133637447-b1481e98/,199000,Барнаул,2001,,5,240000,4,Не требует ремонта,Дубликат,,"бензин, 1.3 AT (83 л.с.)",автоматическая,передний,Правый,Хэтчбек 5 дв.,белый,https://avatars.avto.ru/get-autoru-vos/18141476/0fd070195821444ac83c60ade95d5dc6/1200x900,2026-09-22T05:49:58Z
Mitsubishi,Delica,Mitsubishi Delica IV,https://auto.ru/cars/used/sale/mitsubishi/delica/1133836052-30111648/,1399000,Барнаул,2002,,7,290000,2,Не требует ремонта,Оригинал,,"бензин, 3.0 AT (185 л.с.) 4WD",автоматическая,полный,Правый,Минивэн,белый,https://avatars.avto.ru/get-autoru-vos/21068092/39dc6275d6c055173e79bcef22a5587a/1200x900,2026-09-22T05:49:58Z
Toyota,Verso,Toyota Verso I,https://auto.ru/cars/used/sale/toyota/verso/1133990798-96572d93/,1209000,Барнаул,2009,,5,170000,2,Не требует ремонта,Оригинал,,"бензин, 1.8 CVT (147 л.с.)",вариатор,передний,Левый,Компактвэн,серебристый,https://avatars.avto.ru/get-autoru-vos/4402921/b2c98c0bc320cafb19e0c600f8c3f370/1200x900,2026-09-22T05:49:58Z
Toyota,Rush,Toyota Rush I,https://auto.ru/cars/used/sale/toyota/rush/1134116798-29894996/,1049000,Барнаул,2007,,5,149000,1,Не требует ремонта,Оригинал,,"бензин, 1.5 AT (109 л.с.) 4WD",автоматическая,полный,Правый,Внедорожник 5 дв.,серебристый,https://avatars.avto.ru/get-autoru-vos/18408326/79efee6ee1b35e499118b605fdae669e/1200x900,2026-09-22T05:49:58Z
Renault,Latitude,Renault Latitude I,https://auto.ru/cars/used/sale/renault/latitude/1133986979-45efb663/,899000,Барнаул,2011,,5,245000,4,Не требует ремонта,Дубликат,,"бензин, 2.0 CVT (139 л.с.)",вариатор,передний,Левый,Седан,золотистый,https://avatars.avto.ru/get-autoru-vos/18408326/557411eb8501fac0cb55b89b2dba7d21/1200x900,2026-09-22T05:49:58Z
Chery,Tiggo 7 Pro Max,Chery Tiggo 7 Pro Max I,https://auto.ru/cars/used/sale/chery/tiggo_7_pro_max/1133433882-a19e7131/,2199000,Барнаул,2024,,5,23400,1,Не требует ремонта,Оригинал,Prestige,"бензин, 1.6 AMT (150 л.с.) 4WD",робот,полный,Левый,Внедорожник 5 дв.,белый,https://avatars.avto.ru/get-autoru-vos/20656151/63173b81ce4ff79887e5b93bb653739e/1200x900,2026-09-22T05:49:58Z
Mitsubishi,Delica,Mitsubishi Delica IV,https://auto.ru/cars/used/sale/mitsubishi/delica/1133892283-b2051ad2/,1759000,Барнаул,2002,,7,306000,1,Не требует ремонта,Оригинал,,"бензин, 3.0 AT (185 л.с.) 4WD",автоматическая,полный,Правый,Минивэн,серебристый,https://avatars.avto.ru/get-autoru-vos/2112413/e46e658c98af064b36efc6e4c036d164/1200x900,2026-09-22T05:50:01Z
Renault,Koleos,Renault Koleos I,https://auto.ru/cars/used/sale/renault/koleos/1133976317-bd4cbf31/,999000,Барнаул,2008,,5,196000,3,Не требует ремонта,Дубликат,,"бензин, 2.5 CVT (171 л.с.) 4WD",вариатор,полный,Левый,Внедорожник 5 дв.,белый,https://avatars.avto.ru/get-autoru-vos/20054636/0230d6d587d724ee8e29db8f6e8712a1/1200x900,2026-09-22T05:50:01Z
Hyundai,Tucson,Hyundai Tucson I,https://auto.ru/cars/used/sale/hyundai/tucson/1134180089-236d7b4a/,799000,Барнаул,2007,,5,276700,2,Не требует ремонта,Оригинал,,"бензин, 2.0 MT (141 л.с.) 4WD",механическая,полный,Левый,Внедорожник 5 дв.,красный,https://avatars.avto.ru/get-autoru-vos/19298886/6d5b00efce5b484633be1696c011c7b9/1200x900,2026-09-22T05:50:01Z
Toyota,Wish,Toyota Wish I Рестайлинг,https://auto.ru/cars/used/sale/toyota/wish/1134216031-b89e762f/,989000,Барнаул,2008,,6,160000,1,Не требует ремонта,Оригинал,,"бензин, 1.8 AT (132 л.с.)",автоматическая,передний,Правый,Компактвэн,чёрный,https://avatars.avto.ru/get-autoru-vos/20265681/f42a5cf1b80d5cc9a87a058f1e31d5d1/1200x900,2026-09-22T05:50:01Z
Toyota,RAV4,Toyota RAV4 III (XA30),https://auto.ru/cars/used/sale/toyota/rav_4/1133824178-103d3f6d/,1299000,Барнаул,2008,,5,299000,2,Не требует ремонта,Оригинал,,"бензин, 2.4 AT (170 л.с.) 4WD",автоматическая,полный,Левый,Внедорожник 5 дв.,красный,https://avatars.avto.ru/get-autoru-vos/9729495/473ad515030b830f6d62946eb1ea3b0d/1200x900,2026-09-22T05:50:01Z
Geely,Coolray,Geely Coolray I,https://auto.ru/cars/used/sale/geely/coolray/1133433057-5d0d456a/,1799000,Барнаул,2023,,5,53000,1,Не требует ремонта,Оригинал,Luxury,"бензин, 1.5 AMT (150 л.с.)",робот,передний,Левый,Внедорожник 5 дв.,белый,https://avatars.avto.ru/get-autoru-vos/19798937/d412f29f42beab4d2c4be16a8dede9f3/1200x900,2026-09-22T05:50:01Z
Mitsubishi,L200,Mitsubishi L200 V,https://auto.ru/cars/used/sale/mitsubishi/l200/1133990797-ac40d447/,1859000,Барнаул,2016,,5,218000,4,Не требует ремонта,Оригинал,,"дизель, 2.4d AT (154 л.с.) 4WD",автоматическая,полный,Левый,Пикап Двойная кабина,серебристый,https://avatars.avto.ru/get-autoru-vos/20369579/2d6cbe4ac3725eeac06147862792ee61/1200x900,2026-09-22T05:50:01Z
Mitsubishi,Outlander,Mitsubishi Outlander III,https://auto.ru/cars/used/sale/mitsubishi/outlander/1134180088-9ca3e5a5/,1389000,Барнаул,2012,,5,182000,3,Не требует ремонта,Оригинал,,"бензин, 2.0 CVT (146 л.с.) 4WD",вариатор,полный,Левый,Внедорожник 5 дв.,чёрный,https://avatars.avto.ru/get-autoru-vos/17777984/7e0d986694eec7878f3e72eb2e619a77/1200x900,2026-09-22T05:50:01Z
Toyota,Wish,Toyota Wish II,https://auto.ru/cars/used/sale/toyota/wish/1133295909-3b443030/,1269000,Барнаул,2010,,6,143000,1,Не требует ремонта,Оригинал,,"бензин, 1.8 CVT (133 л.с.) 4WD",вариатор,полный,Правый,Минивэн,красный,https://photo.auto.ru/photo/get-autoru-vos/19700919/-3G7kx1I-rlm6Cq0s2leWHlNzNP7LTxVx-n7WzgjglYmn8DQdySWsvXRU2V9erhx26zkDHL2IjfzrUFJer1xS3E-qyrK4pF8vMqhKjc_QBrqozx5WRvEq58Q5IxirpkL3CCu6vSl-YAgLnaf5Ze9sjCmbejhgqA42rOb4I-lupiW3A/1200x900,2026-09-22T05:50:01Z
Chery,Tiggo 4,Chery Tiggo 4 I Рестайлинг,https://auto.ru/cars/used/sale/chery/tiggo_4/1134029754-946530be/,1299000,Барнаул,2020,,5,198000,1,Не требует ремонта,Оригинал,,"бензин, 2.0 CVT (122 л.с.)",вариатор,передний,Левый,Внедорожник 5 дв.,серебристый,https://avatars.avto.ru/get-autoru-vos/20446679/2fc1b7c51d0d61a6b353138e237b0ab5/1200x900,2026-09-22T05:50:01Z
Infiniti,EX,Infiniti EX25 I (J50),https://auto.ru/cars/used/sale/infiniti/ex/1133024618-d2ac2627/,1699000,Барнаул,2011,,5,169000,3,Не требует ремонта,Дубликат,Elite,"бензин, EX25 2.5 AT (222 л.с.) 4WD",автоматическая,полный,Левый,Внедорожник 5 дв.,белый,https://avatars.avto.ru/get-autoru-vos/18008089/171304b342f0d72cfdac0ae2b8a64560/1200x900,2026-09-22T05:50:01Z
Honda,Stepwgn,Honda Stepwgn V,https://auto.ru/cars/used/sale/honda/stepwagon/1134089881-60e82fd8/,2049000,Барнаул,2015,,7,94000,1,Не требует ремонта,Оригинал,,"бензин, 1.5 CVT (150 л.с.)",вариатор,передний,Правый,Минивэн,чёрный,https://avatars.avto.ru/get-autoru-vos/18154113/13ec1337183a83ec7aea1187a00a8846/1200x900,2026-09-22T05:50:01Z
Jeep,Grand Cherokee,Jeep Grand Cherokee SRT8 IV (WK2),https://auto.ru/cars/used/sale/jeep/grand_cherokee/1134029752-cf6565b0/,2899000,Барнаул,2012,,5,141000,3,Не требует ремонта,Дубликат,,"бензин, SRT8 6.4 AT (468 л.с.) 4WD",автоматическая,полный,Левый,Внедорожник 5 дв. SRT8,чёрный,https://avatars.avto.ru/get-autoru-vos/17913096/9434b8613a59a6c64ddc7c061ba899e5/1200x900,2026-09-22T05:50:01Z
Toyota,Passo,Toyota Passo III Рестайлинг,https://auto.ru/cars/used/sale/toyota/passo/1133900244-14540e31/,999000,Барнаул,2020,,5,83000,1,Не требует ремонта,Оригинал,,"бензин, 1.0 CVT (69 л.с.)",вариатор,передний,Правый,Хэтчбек 5 дв.,зелёный,https://avatars.avto.ru/get-autoru-vos/2180783/4c75bbe6c7d234a63c40c2c08c720aa8/1200x900,2026-09-22T05:50:01Z
Mitsubishi,Outlander,Mitsubishi Outlander II,https://auto.ru/cars/used/sale/mitsubishi/outlander/1133488328-fb49f13c/,1049000,Барнаул,2007,,5,219000,1,Не требует ремонта,Дубликат,Intense,"бензин, 2.4 CVT (170 л.с.) 4WD",вариатор,полный,Левый,Внедорожник 5 дв.,синий,https://avatars.avto.ru/get-autoru-vos/20335149/fef7ed29934193c6b222445df5039d1d/1200x900,2026-09-22T05:50:01Z
Kia,K5,Kia K5 III,https://auto.ru/cars/used/sale/kia/k5/1133758695-9a6d068e/,2409000,Барнаул,2021,,5,114000,1,Не требует ремонта,Оригинал,,"бензин, 2.0 AT (160 л.с.)",автоматическая,передний,Левый,Седан,белый,https://avatars.avto.ru/get-autoru-vos/18068962/2d5e814735fc4a7b14605097605f7e06/1200x900,2026-09-22T05:50:01Z
Mitsubishi,Outlander,Mitsubishi Outlander III,https://auto.ru/cars/used/sale/mitsubishi/outlander/1134089880-6682069d/,1399000,Барнаул,2014,,5,215000,4,Не требует ремонта,Оригинал,,"бензин, 2.0 CVT (146 л.с.) 4WD",вариатор,полный,Левый,Внедорожник 5 дв.,синий,https://avatars.avto.ru/get-autoru-vos/17783177/b2af267153f3385ce62532b7635355e4/1200x900,2026-09-22T05:50:01Z
Toyota,C-HR,Toyota C-HR I,https://auto.ru/cars/used/sale/toyota/c_hr/1133460218-ef0620b6/,1799000,Барнаул,2018,,5,119300,2,Не требует ремонта,Оригинал,,"гибрид, 1.8hyb CVT (98 л.с.)",вариатор,передний,Правый,Внедорожник 5 дв.,серебристый,https://avatars.avto.ru/get-autoru-vos/19811519/52c3c899cc94d0c9092cf0d2f6182df1/1200x900,2026-09-22T05:50:01Z
Hyundai,Tucson,Hyundai Tucson I,https://auto.ru/cars/used/sale/hyundai/tucson/1130994013-a9e95d62/,749000,Барнаул,2005,,5,208000,4,Не требует ремонта,Дубликат,,"бензин, 2.0 MT (141 л.с.) 4WD",механическая,полный,Левый,Внедорожник 5 дв.,серый,https://avatars.avto.ru/get-autoru-vos/17750173/e1ebd39f582f98db9b3c70364069d56c/1200x900,2026-09-22T05:50:01Z
Honda,Stream,Honda Stream II,https://auto.ru/cars/used/sale/honda/stream/1133860326-05d714b9/,1159000,Барнаул,2007,,7,78000,1,Не требует ремонта,Оригинал,,"бензин, 1.8 AT (140 л.с.)",автоматическая,передний,Правый,Компактвэн,чёрный,https://avatars.avto.ru/get-autoru-vos/2196765/10431751447b179c11788f5f2437e0a8/1200x900,2026-09-22T05:50:01Z
Mitsubishi,ASX,Mitsubishi ASX I,https://auto.ru/cars/used/sale/mitsubishi/asx/1134089884-5a224e49/,1089000,Барнаул,2012,,5,231000,4,Не требует ремонта,Дубликат,,"бензин, 1.8 CVT (140 л.с.)",вариатор,передний,Левый,Внедорожник 5 дв.,чёрный,https://avatars.avto.ru/get-autoru-vos/18090779/83e7e93d0d1533bba048ef320b40c7ed/1200x900,2026-09-22T05:50:01Z
Mitsubishi,ASX,Mitsubishi ASX I,https://auto.ru/cars/used/sale/mitsubishi/asx/1133262736-38c9f27c/,1109000,Барнаул,2010,,5,195000,4,Не требует ремонта,Дубликат,Instyle,"бензин, 1.8 CVT (140 л.с.)",вариатор,передний,Левый,Внедорожник 5 дв.,голубой,https://avatars.avto.ru/get-autoru-vos/19816781/ef53305be73fcd63e56417da311c5613/1200x900,2026-09-22T05:50:01Z
Nissan,Safari,Nissan Safari V (Y61),https://auto.ru/cars/used/sale/nissan/safari/1133976316-87cc0632/,1209000,Барнаул,2000,,5,385000,4,Не требует ремонта,Дубликат,,"бензин, 4.5 AT (200 л.с.) 4WD",автоматическая,полный,Правый,Внедорожник 5 дв.,белый,https://avatars.avto.ru/get-autoru-vos/2156821/a68b6a3a3a4f3d8446dbf8e41a75e357/1200x900,2026-09-22T05:50:01Z
Toyota,C-HR,Toyota C-HR I Рестайлинг,https://auto.ru/cars/used/sale/toyota/c_hr/1133665187-fc37ca7e/,1899000,Барнаул,2019,,5,127000,1,Не требует ремонта,Оригинал,,"гибрид, 1.8hyb CVT (98 л.с.)",вариатор,передний,Правый,Внедорожник 5 дв.,белый,https://avatars.avto.ru/get-autoru-vos/20291570/41fdd46198a65b0e0e244aea396dbba3/1200x900,2026-09-22T05:50:01Z
Hyundai,ix35,Hyundai ix35 I,https://auto.ru/cars/used/sale/hyundai/ix35/1133493068-789f1a82/,1349000,Барнаул,2010,,5,160000,2,Не требует ремонта,Оригинал,Classic,"бензин, 2.0 AT (150 л.с.) 4WD",автоматическая,полный,Левый,Внедорожник 5 дв.,зелёный,https://avatars.avto.ru/get-autoru-vos/20315033/9ab99d33665fd273ac5bfab11a97393a/1200x900,2026-09-22T05:50:01Z
Hyundai,ix55,Hyundai ix55,https://auto.ru/cars/used/sale/hyundai/ix55/1132838484-0b54b595/,1179000,Барнаул,2010,,7,274000,4,Не требует ремонта,Дубликат,Family,"дизель, 3.0d AT (239 л.с.) 4WD",автоматическая,полный,Левый,Внедорожник 5 дв.,серый,https://avatars.avto.ru/get-autoru-vos/16409627/4cc9eb4023309b77b2304a0f9cdf99b5/1200x900,2026-09-22T05:50:01Z
Mitsubishi,Outlander,Mitsubishi Outlander II,https://auto.ru/cars/used/sale/mitsubishi/outlander/1133806776-e1932a27/,1299000,Барнаул,2007,,5,316800,4,Не требует ремонта,Дубликат,,"бензин, 3.0 AT (220 л.с.) 4WD",автоматическая,полный,Левый,Внедорожник 5 дв.,чёрный,https://avatars.avto.ru/get-autoru-vos/17755365/295b15b8ac3b820a43252721a5d40a48/1200x900,2026-09-22T05:50:01Z
Lexus,RX,Lexus RX 300 II,https://auto.ru/cars/used/sale/lexus/rx/1133751174-345c5b4c/,1249000,Барнаул,2003,,5,350000,4,Не требует ремонта,Дубликат,,"бензин, 300 3.0 AT (204 л.с.) 4WD",автоматическая,полный,Левый,Внедорожник 5 дв.,серебристый,https://avatars.avto.ru/get-autoru-vos/20263483/0ab28621b126ef72ca2b45b2f8888860/1200x900,2026-09-22T05:50:01Z
Infiniti,FX,Infiniti FX35 II (S51),https://auto.ru/cars/used/sale/infiniti/fx/1134005128-9c0a1bf2/,1409000,Барнаул,2008,,5,235000,4,Не требует ремонта,Дубликат,,"бензин, FX35 3.5 AT (307 л.с.) 4WD",автоматическая,полный,Левый,Внедорожник 5 дв.,чёрный,https://avatars.avto.ru/get-autoru-vos/20467659/2788a20ba71701ba0e8b9278c170749b/1200x900,2026-09-22T05:50:01Z
Chevrolet,Epica,Chevrolet Epica V250,https://auto.ru/cars/used/sale/chevrolet/epica/1133295090-2c02c998/,509000,Барнаул,2007,,5,260000,4,Не требует ремонта,Дубликат,LS,"бензин, 2.0 AT (143 л.с.)",автоматическая,передний,Левый,Седан,синий,https://avatars.avto.ru/get-autoru-vos/16964490/e26eb3b2c5db7eab138cd84cae84d1e4/1200x900,2026-09-22T05:50:01Z
Infiniti,FX,Infiniti FX45 I (S50) Рестайлинг,https://auto.ru/cars/used/sale/infiniti/fx/1133903676-73f3e51a/,1349000,Барнаул,2007,,5,240000,4,Не требует ремонта,Дубликат,,"бензин, FX45 4.5 AT (328 л.с.) 4WD",автоматическая,полный,Левый,Внедорожник 5 дв.,чёрный,https://avatars.avto.ru/get-autoru-vos/16673081/a42da22d08c01bfd926d2b41d2ff95c1/1200x900,2026-09-22T05:50:01Z
Toyota,RAV4,Toyota RAV4 III (XA30),https://auto.ru/cars/used/sale/toyota/rav_4/1133917279-666d5226/,1309000,Барнаул,2009,,5,349000,4,Не требует ремонта,Дубликат,,"бензин, 2.0 AT (152 л.с.) 4WD",автоматическая,полный,Левый,Внедорожник 5 дв.,серый,https://avatars.avto.ru/get-autoru-vos/5662943/e39782a028c9677b86211f60602d94ee/1200x900,2026-09-22T05:50:01Z
Kia,Sportage,Kia Sportage III,https://auto.ru/cars/used/sale/kia/sportage/1134148843-dc391f85/,1199000,Барнаул,2011,,5,231000,4,Не требует ремонта,Дубликат,,"бензин, 2.0 AT (150 л.с.) 4WD",автоматическая,полный,Левый,Внедорожник 5 дв.,серый,https://avatars.avto.ru/get-autoru-vos/10500495/73d310d5a20c14c237edf04e58a21213/1200x900,2026-09-22T05:50:01Z
Nissan,Teana,Nissan Teana I (J31) Рестайлинг,https://auto.ru/cars/used/sale/nissan/teana/1134089883-c0e3faa6/,569000,Барнаул,2006,,5,360000,4,Не требует ремонта,Оригинал,,"бензин, 2.4 AT (173 л.с.)",автоматическая,передний,Правый,Седан,серый,https://avatars.avto.ru/get-autoru-vos/17435526/18e1b2c9052aee52f63cdff2170f4ed3/1200x900,2026-09-22T05:50:01Z
Honda,Vezel,Honda Vezel I,https://auto.ru/cars/used/sale/honda/vezel/1132956230-4da6fb6f/,1559000,Барнаул,2014,,5,155000,1,Не требует ремонта,Оригинал,,"бензин, 1.5 CVT (131 л.с.)",вариатор,передний,Правый,Внедорожник 5 дв.,белый,https://avatars.avto.ru/get-autoru-vos/2072159/631536231080e13197b5e46225921203/1200x900,2026-09-22T05:50:01Z
Hyundai,Tucson,Hyundai Tucson I,https://auto.ru/cars/used/sale/hyundai/tucson/1134151308-dd43f918/,799000,Барнаул,2005,,5,264000,4,Не требует ремонта,Дубликат,,"бензин, 2.0 MT (141 л.с.) 4WD",механическая,полный,Левый,Внедорожник 5 дв.,серебристый,https://photo.auto.ru/photo/get-autoru-vos/19815194/VbX2Tq4BeqikAe52-v3qGM4Udh57Ab1Tiny--mTj4N_mS2THCmCtSGOCxK5MUxy-sjxZjXbaQWdLO7TfIZ6nUqOi0Y94Bmwdl73YPPwKMMT59GqeUKQLjsmQt6IM6FKNQdv4xcHU1n0VpG2D65K84QrCXBwGUqmN-8xv68Jt3_4dCA/1200x900,2026-09-22T05:50:01Z
Nissan,X-Trail,Nissan X-Trail I Рестайлинг,https://auto.ru/cars/used/sale/nissan/x_trail/1131237246-38eea60f/,849000,Барнаул,2006,,5,160000,4,Не требует ремонта,Дубликат,,"бензин, 2.0 AT (140 л.с.) 4WD",автоматическая,полный,Левый,Внедорожник 5 дв.,серебристый,https://avatars.avto.ru/get-autoru-vos/17720009/31250c504a608e9ee819e77ae37d29ff/1200x900,2026-09-22T05:50:01Z
Mitsubishi,Montero Sport,Mitsubishi Montero Sport I,https://auto.ru/cars/used/sale/mitsubishi/montero_sport/1132859914-aad1d8dc/,899000,Барнаул,2001,,5,209000,4,Не требует ремонта,Оригинал,,"бензин, 3.0 AT (167 л.с.) 4WD",автоматическая,полный,Левый,Внедорожник 5 дв.,синий,https://avatars.avto.ru/get-autoru-vos/18106725/f1c267a05e6bacc721472c1089edc550/1200x900,2026-09-22T05:50:04Z
Omoda,C5,Omoda C5 I,https://auto.ru/cars/used/sale/omoda/c5/1134117281-f04c72b1/,2049000,Барнаул,2024,,5,38000,2,Не требует ремонта,Оригинал,,"бензин, 1.6 AMT (150 л.с.) 4WD",робот,полный,Левый,Внедорожник 5 дв.,голубой,https://avatars.avto.ru/get-autoru-vos/17435526/90f8689823ab646f37938b1de07b8613/1200x900,2026-09-22T05:50:04Z
Kia,Sorento,Kia Sorento I Рестайлинг,https://auto.ru/cars/used/sale/kia/sorento/1133295917-c37e4f8d/,999000,Барнаул,2008,,5,190000,3,Не требует ремонта,Дубликат,5921/5922,"бензин, 3.3 AT (248 л.с.) 4WD",автоматическая,полный,Левый,Внедорожник 5 дв.,золотистый,https://avatars.avto.ru/get-autoru-vos/20487659/12dd3b9640c45f9d5aa6458122f28649/1200x900,2026-09-22T05:50:04Z
Volkswagen,Golf Plus,Volkswagen Golf Plus I,https://auto.ru/cars/used/sale/volkswagen/golf_plus/1133917280-a0bc7516/,549000,Барнаул,2007,,5,320000,2,Не требует ремонта,Оригинал,,"бензин, 1.6 AT (102 л.с.)",автоматическая,передний,Левый,Хэтчбек 5 дв.,серый,https://avatars.avto.ru/get-autoru-vos/20289822/09ae5fddb48b2258f7b27f6739e1a3f6/1200x900,2026-09-22T05:50:04Z
Honda,CR-Z,Honda CR-Z Hybrid I,https://auto.ru/cars/used/sale/honda/cr_z/1133942171-7fb0bf0f/,869000,Барнаул,2010,,4,210000,4,Не требует ремонта,Оригинал,,"гибрид, Hybrid 1.5hyb CVT (112 л.с.)",вариатор,передний,Правый,Хэтчбек 3 дв.,серебристый,https://avatars.avto.ru/get-autoru-vos/17699839/8b52f8a0eac669e8a49b71f7a7d3bfbf/1200x900,2026-09-22T05:50:04Z
Toyota,RAV4,Toyota RAV4 IV (XA40),https://auto.ru/cars/used/sale/toyota/rav_4/1133852476-952a6cac/,1859000,Барнаул,2013,,5,179000,3,Не требует ремонта,Дубликат,,"бензин, 2.0 CVT (146 л.с.) 4WD",вариатор,полный,Левый,Внедорожник 5 дв.,серебристый,https://avatars.avto.ru/get-autoru-vos/6214220/ae33a5d70ed1535205fa9d574e810f66/1200x900,2026-09-22T05:50:04Z
Kia,Seltos,Kia Seltos I,https://auto.ru/cars/used/sale/kia/seltos/1134088105-052cc096/,2229000,Барнаул,2020,,5,82400,3,Не требует ремонта,Оригинал,,"бензин, 1.6 AT (121 л.с.) 4WD",автоматическая,полный,Левый,Внедорожник 5 дв.,серебристый,https://photo.auto.ru/photo/get-autoru-vos/20331633/FNEeIS6GvluUP6xuPJut7-OSFWvhw2nAlPcmbo6IVznxNIAT0d8uJGpyr6crDMliMeyMPXq-2V-WlIQZp_nNj8rXhXhoqoRYo6b3-f8FqwIaZdhAHurPeDS0UwkXcJIkHmYXksv0ijD3S-oyY6e2nV5cdWKL2htp3JveqF_wJsAztw/1200x900,2026-09-22T05:50:04Z
Toyota,RAV4,Toyota RAV4 III (XA30) Рестайлинг,https://auto.ru/cars/used/sale/toyota/rav_4/1133382323-cb810d38/,1349000,Барнаул,2011,,5,400000,3,Не требует ремонта,Оригинал,Комфорт,"бензин, 2.0 CVT (158 л.с.) 4WD",вариатор,полный,Левый,Внедорожник 5 дв.,коричневый,https://avatars.avto.ru/get-autoru-vos/20055049/c676436be8e6f600d428ff1f693c59c9/1200x900,2026-09-22T05:50:04Z
Daihatsu,Rocky,Daihatsu Rocky A200,https://auto.ru/cars/used/sale/daihatsu/rocky/1134029753-80cd487a/,1649000,Барнаул,2021,,5,31000,1,Не требует ремонта,Оригинал,,"бензин, 1.2 CVT (87 л.с.)",вариатор,передний,Правый,Внедорожник 5 дв.,красный,https://avatars.avto.ru/get-autoru-vos/17665660/9c2c8d13f119cebcd0d5a7239f85c2d3/1200x900,2026-09-22T05:50:04Z
Livan,X6 Pro,Livan X6 Pro,https://auto.ru/cars/used/sale/livan/x6_pro/1133653038-2e0b752f/,1849000,Барнаул,2023,,5,50000,1,Не требует ремонта,Оригинал,Лакшери,"бензин, 1.5 AMT (147 л.с.)",робот,передний,Левый,Внедорожник 5 дв.,серебристый,https://avatars.avto.ru/get-autoru-vos/16135405/248628682861b4fd950da43b1c8d249d/1200x900,2026-09-22T05:50:04Z
Renault,Duster,Renault Duster I,https://auto.ru/cars/used/sale/renault/duster/1132839639-b0aa4227/,949000,Барнаул,2013,,5,127000,4,Не требует ремонта,Оригинал,Expression,"бензин, 2.0 AT (135 л.с.) 4WD",автоматическая,полный,Левый,Внедорожник 5 дв.,серебристый,https://avatars.avto.ru/get-autoru-vos/16446884/6ee7ce43a2367e810fb71ce63d44b5a2/1200x900,2026-09-22T05:50:04Z
Hyundai,Tucson,Hyundai Tucson IV,https://auto.ru/cars/used/sale/hyundai/tucson/1132182129-8455b917/,3189000,Барнаул,2022,,5,95300,1,Не требует ремонта,Оригинал,Family,"бензин, 2.5 AT (190 л.с.) 4WD",автоматическая,полный,Левый,Внедорожник 5 дв.,серебристый,https://avatars.avto.ru/get-autoru-vos/18150448/210526f79ac66fb7f82c8ff80c2a3276/1200x900,2026-09-22T05:50:04Z
Mitsubishi,Outlander,Mitsubishi Outlander III,https://auto.ru/cars/used/sale/mitsubishi/outlander/1133250021-d703f853/,1499000,Барнаул,2013,,5,210000,2,Не требует ремонта,Оригинал,Instyle,"бензин, 2.4 CVT (167 л.с.) 4WD",вариатор,полный,Левый,Внедорожник 5 дв.,серый,https://avatars.avto.ru/get-autoru-vos/2158853/ff2194f7cc20ea929fdb9f129157c851/1200x900,2026-09-22T05:50:04Z
Nissan,Juke,Nissan Juke I,https://auto.ru/cars/used/sale/nissan/juke/1134017631-e01d39bb/,1149000,Барнаул,2013,,5,207000,3,Не требует ремонта,Оригинал,,"бензин, 1.6 CVT (117 л.с.)",вариатор,передний,Левый,Внедорожник 5 дв.,чёрный,https://avatars.avto.ru/get-autoru-vos/2101505/13fbb07fe348d0119c24ddc34a1d6f7c/1200x900,2026-09-22T05:50:04Z
Chery,Tiggo 4,Chery Tiggo 4 I Рестайлинг,https://auto.ru/cars/used/sale/chery/tiggo_4/1134029755-ae926f2c/,1349000,Барнаул,2021,,5,123000,2,Не требует ремонта,Оригинал,,"бензин, 2.0 CVT (122 л.с.)",вариатор,передний,Левый,Внедорожник 5 дв.,красный,https://avatars.avto.ru/get-autoru-vos/3913595/eb95afaa3cba6ed434a56c7ccfd2a360/1200x900,2026-09-22T05:50:04Z
SsangYong,Actyon,SsangYong Actyon II Рестайлинг,https://auto.ru/cars/used/sale/ssang_yong/actyon/1134146757-d82222a7/,1199000,Барнаул,2014,,5,100850,2,Не требует ремонта,Оригинал,,"бензин, 2.0 MT (149 л.с.) 4WD",механическая,полный,Левый,Внедорожник 5 дв.,красный,https://avatars.avto.ru/get-autoru-vos/17755365/fb4bc0f25815d4f996000a35dc09788a/1200x900,2026-09-22T05:50:04Z
Volkswagen,Tiguan,Volkswagen Tiguan I Рестайлинг,https://auto.ru/cars/used/sale/volkswagen/tiguan/1133975010-55511f64/,1149000,Барнаул,2012,,5,246000,2,Не требует ремонта,Оригинал,,"бензин, 1.4 MT (150 л.с.) 4WD",механическая,полный,Левый,Внедорожник 5 дв.,серый,https://photo.auto.ru/photo/get-autoru-vos/20346480/g6VLKRRb2O0IWei6PUK9ZThKJVDWvMmOfxS77hxQL06_piI2pUvqGtG95q8qgO9-yaPwcCAlkdF92WOAtZfuqcvgUp0aQW2I_LffFMCLdJjhwqaOE-dVpyNyDsPHnaAv2ZkLQ7J_cKY7SAj80T0mFkMnCCxiRsmMNvx9VeYCX6URuQ/1200x900,2026-09-22T05:50:04Z
Nissan,Juke,Nissan Juke I,https://auto.ru/cars/used/sale/nissan/juke/1134143609-dbb8f6ea/,1249000,Барнаул,2014,,5,124000,2,Не требует ремонта,Оригинал,,"бензин, 1.6 CVT (117 л.с.)",вариатор,передний,Левый,Внедорожник 5 дв.,серебристый,https://photo.auto.ru/photo/get-autoru-vos/17716217/IIwK634SAQitlzhPI5jaCvrOwKUgtg2C-GxLeXVm3zBkJtg5zmhhCSucOXb6wmP-bhBIhVxGWDKkqPsh7N-cuFoO4-1Iv_PNz5g8Kr7bqzi9_MAk-PCxK5FuUHG_mr-YXhslcZcyJGiqgbOEM_fFktsxnzjGNluUVfhaO0fGXL8jDQ/1200x900,2026-09-22T05:50:04Z
Toyota,RAV4,Toyota RAV4 II (XA20) Рестайлинг,https://auto.ru/cars/used/sale/toyota/rav_4/1130334886-0abe9f54/,799000,Барнаул,2004,,5,200000,4,Не требует ремонта,Дубликат,,"бензин, 2.0 AT (150 л.с.) 4WD",автоматическая,полный,Левый,Внедорожник 5 дв.,серебристый,https://avatars.avto.ru/get-autoru-vos/15584432/be28db96345a681fd75d8096b020ae42/1200x900,2026-09-22T05:50:04Z
Honda,CR-V,Honda CR-V IV,https://auto.ru/cars/used/sale/honda/cr_v/1133460215-1b678d8e/,1999000,Барнаул,2013,,5,188700,2,Не требует ремонта,Оригинал,Elegance,"бензин, 2.4 AT (190 л.с.) 4WD",автоматическая,полный,Левый,Внедорожник 5 дв.,коричневый,https://avatars.avto.ru/get-autoru-vos/20035467/5dac8fa97ea6fc3c0607d54aaab0ca1a/1200x900,2026-09-22T05:50:04Z
Subaru,Forester,Subaru Forester III Рестайлинг,https://auto.ru/cars/used/sale/subaru/forester/1134060362-f792fae0/,1299000,Барнаул,2010,,5,179000,3,Не требует ремонта,Дубликат,,"бензин, 2.0 AT (150 л.с.) 4WD",автоматическая,полный,Левый,Внедорожник 5 дв.,серый,https://avatars.avto.ru/get-autoru-vos/17699914/66581a968c6e757a6bb560aaeb03540f/1200x900,2026-09-22T05:50:04Z
Nissan,Qashqai,Nissan Qashqai II,https://auto.ru/cars/used/sale/nissan/qashqai/1133218591-c5e3f0a9/,1349000,Барнаул,2015,,5,214000,1,Не требует ремонта,Оригинал,SE,"бензин, 2.0 CVT (144 л.с.)",вариатор,передний,Левый,Внедорожник 5 дв.,красный,https://avatars.avto.ru/get-autoru-vos/20894132/469aa3ef3e60a13550810d7936cfa902/1200x900,2026-09-22T05:50:04Z
Nissan,Almera,Nissan Almera III (G15),https://auto.ru/cars/used/sale/nissan/almera/1133804636-1c8b29c1/,569000,Барнаул,2016,,5,252000,3,Не требует ремонта,Дубликат,,"бензин, 1.6 MT (102 л.с.)",механическая,передний,Левый,Седан,чёрный,https://avatars.avto.ru/get-autoru-vos/16383606/3a7d78bf1a6ef5f729d8e3d8ff458840/1200x900,2026-09-22T05:50:04Z
Nissan,Terrano,Nissan Terrano III (D10),https://auto.ru/cars/used/sale/nissan/terrano/1134057990-5bfdde07/,1149000,Барнаул,2015,,5,156000,2,Не требует ремонта,Дубликат,,"бензин, 2.0 AT (135 л.с.)",автоматическая,передний,Левый,Внедорожник 5 дв.,белый,https://avatars.avto.ru/get-autoru-vos/17923922/aa27976ea838a32a8d205be8806cd97d/1200x900,2026-09-22T05:50:04Z
Nissan,Liberty,Nissan Liberty,https://auto.ru/cars/used/sale/nissan/liberty/1133737337-6c663a4f/,349000,Барнаул,2002,,7,220000,2,Не требует ремонта,Дубликат,,"бензин, 2.0 CVT (147 л.с.)",вариатор,передний,Правый,Компактвэн,серебристый,https://avatars.avto.ru/get-autoru-vos/17707957/131cc089b94d81d14b6e52aa56e0d265/1200x900,2026-09-22T05:50:04Z
Hyundai,ix35,Hyundai ix35 I Рестайлинг,https://auto.ru/cars/used/sale/hyundai/ix35/1133833086-5cc0bf5c/,1399000,Барнаул,2014,,5,93300,2,Не требует ремонта,Оригинал,,"бензин, 2.0 AT (150 л.с.)",автоматическая,передний,Левый,Внедорожник 5 дв.,коричневый,https://avatars.avto.ru/get-autoru-vos/20036242/5742d87245004c4db6c9a8a4a3865fdf/1200x900,2026-09-22T05:50:04Z
Lexus,RX,Lexus RX 270 III,https://auto.ru/cars/used/sale/lexus/rx/1133975009-2b146828/,2009000,Барнаул,2011,,5,330000,3,Не требует ремонта,Дубликат,,"бензин, 270 2.7 AT (188 л.с.)",автоматическая,передний,Левый,Внедорожник 5 дв.,чёрный,https://photo.auto.ru/photo/get-autoru-vos/2164533/XA4E88bp0_4gTWrmqAc6X3hld3Tv9fk2XAMV56QE6TP6OBrfMmUkgs6BXScyFNLTR5zaLYRJG8l4JkOYE60yzgn1Gc57U5l5mueBUbnzSDrceM7qw0ruv00pkv7pjTZRKoNhegafn7o4A-C8jtt6MpGrJRqQlSSzRrC8awahslKfdg/1200x900,2026-09-22T05:50:04Z
Lexus,GX,Lexus GX 460 II Рестайлинг,https://auto.ru/cars/used/sale/lexus/gx/1132066251-e97b4ba6/,3749000,Барнаул,2014,,5,232000,4,Не требует ремонта,Оригинал,Comfort 5S,"бензин, 460 4.6 AT (296 л.с.) 4WD",автоматическая,полный,Левый,Внедорожник 5 дв.,чёрный,https://avatars.avto.ru/get-autoru-vos/16995928/2c12188082ee41c853031985bda04a82/1200x900,2026-09-22T05:50:04Z
Nissan,Qashqai,Nissan Qashqai I,https://auto.ru/cars/used/sale/nissan/qashqai/1133751173-5ea564e0/,899000,Барнаул,2007,,5,203000,4,Не требует ремонта,Оригинал,,"бензин, 2.0 CVT (141 л.с.) 4WD",вариатор,полный,Левый,Внедорожник 5 дв.,чёрный,https://avatars.avto.ru/get-autoru-vos/4948662/6797306ddb389ff061350e4d50f24aa9/1200x900,2026-09-22T05:50:04Z
Nissan,AD,Nissan AD III,https://auto.ru/cars/used/sale/nissan/ad/1133824176-eed0c180/,949000,Барнаул,2011,,5,98000,1,Не требует ремонта,Оригинал,,"бензин, 1.6 AT (109 л.с.) 4WD",автоматическая,полный,Правый,Универсал 5 дв.,белый,https://avatars.avto.ru/get-autoru-vos/5541977/495102a6ece9094087de6cae33ecc59d/1200x900,2026-09-22T05:50:04Z
Lexus,RX,Lexus RX 400h II Рестайлинг,https://auto.ru/cars/used/sale/lexus/rx/1134214879-ff0d6de0/,1849000,Барнаул,2007,,5,330000,4,Не требует ремонта,Дубликат,,"гибрид, 400h 3.3hyb CVT (211 л.с.) 4WD",вариатор,полный,Левый,Внедорожник 5 дв.,чёрный,https://avatars.avto.ru/get-autoru-vos/20140694/412a363299fb4925f8149b8a1dbe4ed2/1200x900,2026-09-22T05:50:04Z
Toyota,Highlander,Toyota Highlander III (XU50),https://auto.ru/cars/used/sale/toyota/highlander/1133667497-4f601343/,2799000,Барнаул,2014,,7,285900,2,Не требует ремонта,Оригинал,,"бензин, 3.5 AT (249 л.с.) 4WD",автоматическая,полный,Левый,Внедорожник 5 дв.,белый,https://avatars.avto.ru/get-autoru-vos/16995928/e5156068b491bf6e7deb433c585e1342/1200x900,2026-09-22T05:50:04Z
Kia,Sportage,Kia Sportage III,https://auto.ru/cars/used/sale/kia/sportage/1133295912-cbfde2ab/,1249000,Барнаул,2010,,5,153000,4,Не требует ремонта,Дубликат,Luxe,"бензин, 2.0 AT (150 л.с.) 4WD",автоматическая,полный,Левый,Внедорожник 5 дв.,чёрный,https://avatars.avto.ru/get-autoru-vos/17674678/ff6e7c34a64132ebdc77a6987dbb12b0/1200x900,2026-09-22T05:50:04Z
Nissan,Terrano,Nissan Terrano III (D10),https://auto.ru/cars/used/sale/nissan/terrano/1132893626-fc4a64ad/,1099000,Барнаул,2014,,5,177000,2,Не требует ремонта,Оригинал,,"бензин, 2.0 AT (135 л.с.)",автоматическая,передний,Левый,Внедорожник 5 дв.,белый,https://avatars.avto.ru/get-autoru-vos/16405070/68d397282391f41a7ba9e9314e069352/1200x900,2026-09-22T05:50:04Z
Toyota,Vista,Toyota Vista V (V50),https://auto.ru/cars/used/sale/toyota/vista/1133651952-b12e7494/,549000,Барнаул,1998,,5,230000,3,Не требует ремонта,Дубликат,,"бензин, 2.0 AT (145 л.с.)",автоматическая,передний,Правый,Седан,красный,https://avatars.avto.ru/get-autoru-vos/17660749/5d617fc9085c6c7ed070c8bbc75fa436/1200x900,2026-09-22T05:50:04Z
Nissan,Juke,Nissan Juke I,https://auto.ru/cars/used/sale/nissan/juke/1133504394-a1bcd8ba/,1179000,Барнаул,2012,,5,219000,4,Не требует ремонта,Дубликат,SHIRO,"бензин, 1.6 CVT (190 л.с.) 4WD",вариатор,полный,Левый,Внедорожник 5 дв.,синий,https://avatars.avto.ru/get-autoru-vos/18008089/21cfc502f06403f6c456d28e2d90343b/1200x900,2026-09-22T05:50:04Z
Lexus,RX,Lexus RX 300 II,https://auto.ru/cars/used/sale/lexus/rx/1133758696-86d1745c/,1549000,Барнаул,2004,,5,343400,2,Не требует ремонта,Оригинал,,"бензин, 300 3.0 AT (204 л.с.) 4WD",автоматическая,полный,Левый,Внедорожник 5 дв.,чёрный,https://avatars.avto.ru/get-autoru-vos/6087763/9e116f742f339d026f40add3635d4381/1200x900,2026-09-22T05:50:04Z
Hyundai,Creta,Hyundai Creta I,https://auto.ru/cars/used/sale/hyundai/creta/1133481257-e4ac1a2d/,1799000,Барнаул,2019,,5,91000,1,Не требует ремонта,Оригинал,Limited Edition,"бензин, 1.6 AT (123 л.с.)",автоматическая,передний,Левый,Внедорожник 5 дв.,белый,https://avatars.avto.ru/get-autoru-vos/17699914/8e0a50ffcab2d0a4a62fd7106de1a31c/1200x900,2026-09-22T05:50:07Z
Honda,Civic,Honda Civic VIII,https://auto.ru/cars/used/sale/honda/civic/1133831774-9d903d4f/,699000,Барнаул,2007,,5,325100,1,Не требует ремонта,Оригинал,,"бензин, 1.8 AT (140 л.с.)",автоматическая,передний,Левый,Седан,красный,https://avatars.avto.ru/get-autoru-vos/11849002/d421120e941813f1e48338b9be9b5355/1200x900,2026-09-22T05:50:07Z
Nissan,X-Trail,Nissan X-Trail I,https://auto.ru/cars/used/sale/nissan/x_trail/1128291759-0025f3a9/,499000,Барнаул,2001,,5,290000,4,Не требует ремонта,Дубликат,,"бензин, 2.0 AT (150 л.с.) 4WD",автоматическая,полный,Правый,Внедорожник 5 дв.,голубой,https://avatars.avto.ru/get-autoru-vos/20487659/db5d451feeabdde5d9542be061fa9e05/1200x900,2026-09-22T05:50:07Z
Subaru,Outback,Subaru Outback IV,https://auto.ru/cars/used/sale/subaru/outback/1133860860-17faa230/,1599000,Барнаул,2012,,5,273100,1,Не требует ремонта,Оригинал,,"бензин, 2.5 CVT (167 л.с.) 4WD",вариатор,полный,Левый,Универсал 5 дв.,серебристый,https://avatars.avto.ru/get-autoru-vos/16124386/5eef9ae67c7371028d8311e66031b9e9/1200x900,2026-09-22T05:50:07Z
Chery,Tiggo (T11),Chery Tiggo (T11) I Рестайлинг (FL),https://auto.ru/cars/used/sale/chery/tiggo/1134216030-be9ef9a6/,609000,Барнаул,2015,,5,92000,1,Не требует ремонта,Оригинал,,"бензин, 1.9 MT (132 л.с.)",механическая,передний,Левый,Внедорожник 5 дв.,серебристый,https://avatars.avto.ru/get-autoru-vos/17637180/d8e930c2fd8d61167736b9d972182338/1200x900,2026-09-22T05:50:07Z
Subaru,Forester,Subaru Forester II,https://auto.ru/cars/used/sale/subaru/forester/1133860859-851bf011/,649000,Барнаул,2003,,5,480000,4,Не требует ремонта,Дубликат,,"бензин, 2.0 AT (140 л.с.) 4WD",автоматическая,полный,Правый,Внедорожник 5 дв.,серебристый,https://avatars.avto.ru/get-autoru-vos/2160967/34935dd1327708c321b29b7be7afe05f/1200x900,2026-09-22T05:50:07Z
Mazda,Demio,Mazda Demio III (DE),https://auto.ru/cars/used/sale/mazda/demio/1134089882-f3c85115/,599000,Барнаул,2007,,5,208000,1,Не требует ремонта,Оригинал,,"бензин, 1.4 AT (91 л.с.)",автоматическая,передний,Правый,Хэтчбек 5 дв.,серебристый,https://avatars.avto.ru/get-autoru-vos/17410390/358073c85d6ab83887c7ddc977627a3c/1200x900,2026-09-22T05:50:07Z
Lexus,RX,Lexus RX 300 I,https://auto.ru/cars/used/sale/lexus/rx/1133773803-4c54791e/,919000,Барнаул,2001,,5,226000,4,Не требует ремонта,Дубликат,,"бензин, 300 3.0 AT (223 л.с.) 4WD",автоматическая,полный,Левый,Внедорожник 5 дв.,серебристый,https://photo.auto.ru/photo/get-autoru-vos/5500066/v_68ghJwx3eFH6hhb-zHa80mu-XMvTJYu54GY-mKB9aAlc7nono3esNfDzeuwr2UfzlIbquh2jKa2myB008zbjHqBmb-tQPJ3jgI4r6HjIC-4gp5rV-3PxwqlMiQPkkNdAi2G5loN9zsPNa-0kGnDB55jQRq3UxksDtdhO_xe6iGkw/1200x900,2026-09-22T05:50:07Z
Mazda,CX-5,Mazda CX-5 I,https://auto.ru/cars/used/sale/mazda/cx_5/1133940116-e282948b/,1679000,Барнаул,2014,,5,163000,4,Не требует ремонта,Оригинал,,"бензин, 2.0 AT (150 л.с.) 4WD",автоматическая,полный,Левый,Внедорожник 5 дв.,чёрный,https://avatars.avto.ru/get-autoru-vos/19793268/78871eb3bf16ed972733bece0801b323/1200x900,2026-09-22T05:50:07Z
Kia,Sorento,Kia Sorento II Рестайлинг,https://auto.ru/cars/used/sale/kia/sorento/1134060361-71ce07c7/,2309000,Барнаул,2018,,5,110000,1,Не требует ремонта,Оригинал,,"дизель, 2.0d AT (184 л.с.) 4WD",автоматическая,полный,Левый,Внедорожник 5 дв.,серебристый,https://avatars.avto.ru/get-autoru-vos/18008089/d4cdd06af78df19c6798925fc09752a1/1200x900,2026-09-22T05:50:07Z
Kia,K5,Kia K5 III,https://auto.ru/cars/used/sale/kia/k5/1132364879-7cedbd53/,2449000,Барнаул,2020,,5,31300,1,Не требует ремонта,Оригинал,Comfort,"бензин, 1.5 AMT (170 л.с.)",робот,передний,Левый,Седан,серебристый,https://avatars.avto.ru/get-autoru-vos/2105323/8fcb81ac4598ef12b7d2064d232951e3/1200x900,2026-09-22T05:50:07Z
Honda,Freed,Honda Freed I,https://auto.ru/cars/used/sale/honda/freed/1133308064-6baeb70d/,1179000,Барнаул,2009,,5,113000,1,Не требует ремонта,Оригинал,,"бензин, 1.5 CVT (118 л.с.)",вариатор,передний,Правый,Компактвэн,чёрный,https://avatars.avto.ru/get-autoru-vos/20894132/add32d953203ceb878c77aec0fd4c681/1200x900,2026-09-22T05:50:07Z
Nissan,Note,Nissan Note I,https://auto.ru/cars/used/sale/nissan/note/1133350524-ed299d26/,639000,Барнаул,2007,,5,254400,4,Не требует ремонта,Дубликат,Comfort +condition,"бензин, 1.6 AT (110 л.с.)",автоматическая,передний,Левый,Хэтчбек 5 дв.,синий,https://avatars.avto.ru/get-autoru-vos/20785675/78349dd39a113816d475bb0932553b2e/1200x900,2026-09-22T05:50:07Z
Toyota,Corolla,"Toyota Corolla IX (E120, E130)",https://auto.ru/cars/used/sale/toyota/corolla/1133906402-3343939c/,509000,Барнаул,2001,,5,250000,4,Не требует ремонта,Оригинал,,"бензин, 1.5 AT (110 л.с.)",автоматическая,передний,Правый,Седан,серебристый,https://photo.auto.ru/photo/get-autoru-vos/16966486/wyh6k3D_Mxr2kPuBSKn_DhnaVGI5C6wi0I2kfbtU0BnQq06FgTwBmNRZEnW17dtIZ77jFIpmnGsJzIQx6Awz4oEYPHjb3TVFzbIHxuqXEQarMuYggNWBqR39EM0aDSSJe7ZfhF78hh5ZVxkpt_JjazGp1npOETzHZkOqdig4LHSuPw/1200x900,2026-09-22T05:50:07Z
Mazda,6,Mazda 6 III (GJ) Рестайлинг,https://auto.ru/cars/used/sale/mazda/6/1133806780-deb38b99/,2099000,Барнаул,2017,,5,147000,3,Не требует ремонта,Оригинал,,"бензин, 2.0 AT (150 л.с.)",автоматическая,передний,Левый,Седан,красный,https://avatars.avto.ru/get-autoru-vos/2177654/e3bfd7909fba4c8ada3ff9df37c4f5d6/1200x900,2026-09-22T05:50:07Z
Toyota,RAV4,Toyota RAV4 IV (XA40),https://auto.ru/cars/used/sale/toyota/rav_4/1133972924-b4df6f7b/,1819000,Барнаул,2013,,5,200000,3,Не требует ремонта,Оригинал,,"бензин, 2.0 CVT (146 л.с.) 4WD",вариатор,полный,Левый,Внедорожник 5 дв.,чёрный,https://avatars.avto.ru/get-autoru-vos/1960172/7b6f0abeb8cefd774533a7e3a10adec3/1200x900,2026-09-22T05:50:07Z
Chevrolet,Niva,Chevrolet Niva I Рестайлинг,https://auto.ru/cars/used/sale/chevrolet/niva/1133651951-c6d5d3bf/,849000,Барнаул,2016,,5,68000,2,Не требует ремонта,Оригинал,LC,"бензин, 1.7 MT (80 л.с.) 4WD",механическая,полный,Левый,Внедорожник 5 дв.,серебристый,https://avatars.avto.ru/get-autoru-vos/14440393/07a1df4c202b26d6fa08ad98c840439e/1200x900,2026-09-22T05:50:07Z
Kia,Sportage,Kia Sportage II,https://auto.ru/cars/used/sale/kia/sportage/1133351543-5fd414e0/,759000,Барнаул,2006,,5,151700,4,Не требует ремонта,Дубликат,Люкс,"бензин, 2.0 AT (141 л.с.) 4WD",автоматическая,полный,Левый,Внедорожник 5 дв.,серебристый,https://avatars.avto.ru/get-autoru-vos/20369579/7db314af4e0856acb812d0ef2892401c/1200x900,2026-09-22T05:50:07Z
Toyota,Allion,Toyota Allion I,https://auto.ru/cars/used/sale/toyota/allion/1133817798-c3a20a14/,579000,Барнаул,2003,,5,268000,4,Не требует ремонта,Оригинал,,"бензин, 1.5 AT (109 л.с.)",автоматическая,передний,Правый,Седан,серебристый,https://avatars.avto.ru/get-autoru-vos/14564401/4f8da3cb609ae793fd014433ecfda76c/1200x900,2026-09-22T05:50:07Z
Nissan,Teana,Nissan Teana II (J32) Рестайлинг,https://auto.ru/cars/used/sale/nissan/teana/1134026798-5901c3e4/,1399000,Барнаул,2012,,5,253100,4,Не требует ремонта,Дубликат,,"бензин, 2.5 CVT (182 л.с.)",вариатор,передний,Левый,Седан,чёрный,https://avatars.avto.ru/get-autoru-vos/15404718/57ee8035f14919f05238ab35961a45f1/1200x900,2026-09-22T05:50:07Z
Nissan,Juke,Nissan Juke I,https://auto.ru/cars/used/sale/nissan/juke/1133817800-b5a33c55/,1199000,Барнаул,2012,,5,162000,4,Не требует ремонта,Оригинал,,"бензин, 1.6 CVT (190 л.с.) 4WD",вариатор,полный,Левый,Внедорожник 5 дв.,красный,https://photo.auto.ru/photo/get-autoru-vos/20341802/JUM5atmACqGPpRCFmk9NVIhdWN24EIjWZ5x-wUQXlc9RIsGAzt8d-zXHM2TGh6iPaoa_tzAfDhpuyD7OR-Trg2qr-ShhIghgi_hLUMaSujeFblkMAnfeO1YgDE_jTrFfYWD0hGbcTb_kviV2gd74hb_HwSiG8y5qsfwKWF_QhB5Hiw/1200x900,2026-09-22T05:50:07Z
Toyota,Prius Alpha,Toyota Prius Alpha I (ZVW40/41) Рестайлинг,https://auto.ru/cars/used/sale/toyota/prius_alpha/1133720575-ec242592/,1249000,Барнаул,2014,,5,210000,2,Не требует ремонта,Оригинал,,"гибрид, 1.8hyb AT (99 л.с.)",автоматическая,передний,Правый,Универсал 5 дв.,чёрный,https://avatars.avto.ru/get-autoru-vos/20035467/d6dd88f82d1f584af611e5db61ccea36/1200x900,2026-09-22T05:50:07Z
Nissan,X-Trail,Nissan X-Trail I Рестайлинг,https://auto.ru/cars/used/sale/nissan/x_trail/1133505199-d02fa424/,899000,Барнаул,2005,,5,193000,4,Не требует ремонта,Дубликат,,"бензин, 2.5 AT (165 л.с.) 4WD",автоматическая,полный,Левый,Внедорожник 5 дв.,чёрный,https://avatars.avto.ru/get-autoru-vos/2171774/f4dfb380ebe2a3e1e04fccac3a4430d2/1200x900,2026-09-22T05:50:07Z
Hyundai,Tucson,Hyundai Tucson I,https://auto.ru/cars/used/sale/hyundai/tucson/1133749094-c450e902/,949000,Барнаул,2004,,5,220000,3,Не требует ремонта,Дубликат,,"бензин, 2.7 AT (173 л.с.) 4WD",автоматическая,полный,Левый,Внедорожник 5 дв.,чёрный,https://avatars.avto.ru/get-autoru-vos/5235035/15af61a76e13a24833fc2fba5eec83c7/1200x900,2026-09-22T05:50:07Z
Toyota,Vista,Toyota Vista V (V50),https://auto.ru/cars/used/sale/toyota/vista/1133431749-18fce972/,549000,Барнаул,2000,,5,300000,4,Не требует ремонта,Оригинал,,"бензин, 2.0 AT (135 л.с.) 4WD",автоматическая,полный,Правый,Седан,белый,https://avatars.avto.ru/get-autoru-vos/20556383/aeccfaa46eb3410ed5e3129efbe40aa1/1200x900,2026-09-22T05:50:07Z
Toyota,RAV4,Toyota RAV4 IV (XA40) Рестайлинг,https://auto.ru/cars/used/sale/toyota/rav_4/1133931561-273d1277/,2359000,Барнаул,2016,,5,189700,4,Не требует ремонта,Дубликат,,"бензин, 2.0 CVT (146 л.с.) 4WD",вариатор,полный,Левый,Внедорожник 5 дв.,коричневый,https://avatars.avto.ru/get-autoru-vos/17913096/69512aea60ef9c10617d137397f8cc61/1200x900,2026-09-22T05:50:07Z
Mitsubishi,Pajero Sport,Mitsubishi Pajero Sport I Рестайлинг,https://auto.ru/cars/used/sale/mitsubishi/pajero_sport/1132859911-4b21ccd9/,1099000,Барнаул,2007,,5,358000,2,Не требует ремонта,Дубликат,,"дизель, 2.5d MT (99 л.с.) 4WD",механическая,полный,Левый,Внедорожник 5 дв.,серебристый,https://photo.auto.ru/photo/get-autoru-vos/17913096/R8CYfsaX922CS-TqRWXDHrr4JU0sPNfzcUGuk1BBDh5xFPeAZRwpmqpXogNmXpJersoXJpORZzJLvyirlt30tblXYvO-gFSnkjYcpdRlQ4WJb38KrsYILD5EW3e6L06Sb3pzsIH0fDoIu0IaDp5QxYu3HSqiCcH586Pu1dHg3ClsTw/1200x900,2026-09-22T05:50:07Z
Toyota,Auris,Toyota Auris II,https://auto.ru/cars/used/sale/toyota/auris/1134030299-1f3fedb2/,1299000,Барнаул,2013,,5,100800,2,Не требует ремонта,Оригинал,,"бензин, 1.6 CVT (132 л.с.)",вариатор,передний,Левый,Хэтчбек 5 дв.,серебристый,https://avatars.avto.ru/get-autoru-vos/2172095/2442c54c3c9aa12c45085f12d8483df9/1200x900,2026-09-22T05:50:07Z
Nissan,Tiida,Nissan Tiida I,https://auto.ru/cars/used/sale/nissan/tiida/1132194948-a37d12b3/,699000,Барнаул,2008,,5,170000,1,Не требует ремонта,Дубликат,,"бензин, 1.6 AT (110 л.с.)",автоматическая,передний,Левый,Хэтчбек 5 дв.,белый,https://avatars.avto.ru/get-autoru-vos/14637477/e0a2db05dc2cd23eef37009b861a0f25/1200x900,2026-09-22T05:50:07Z
Nissan,Cube,Nissan Cube III (Z12),https://auto.ru/cars/used/sale/nissan/cube/1133931562-b429c220/,1099000,Барнаул,2018,,5,50500,1,Не требует ремонта,Оригинал,,"бензин, 1.5 CVT (111 л.с.)",вариатор,передний,Правый,Компактвэн,коричневый,https://avatars.avto.ru/get-autoru-vos/2171938/791c902c1ab07eaa174c8d1c9e8946de/1200x900,2026-09-22T05:50:07Z
Subaru,Forester,Subaru Forester II Рестайлинг,https://auto.ru/cars/used/sale/subaru/forester/1133397465-c40adb6a/,899000,Барнаул,2007,,5,446000,4,Не требует ремонта,Оригинал,,"бензин, 2.0 MT (158 л.с.) 4WD",механическая,полный,Левый,Внедорожник 5 дв.,чёрный,https://avatars.avto.ru/get-autoru-vos/20360782/1bd9a9c803e392f116ad960fdeae9de2/1200x900,2026-09-22T05:50:07Z
Nissan,Qashqai,Nissan Qashqai I Рестайлинг,https://auto.ru/cars/used/sale/nissan/qashqai/1133659779-f0ecbcdf/,1159000,Барнаул,2011,,5,219000,2,Не требует ремонта,Оригинал,,"бензин, 2.0 CVT (141 л.с.) 4WD",вариатор,полный,Левый,Внедорожник 5 дв.,чёрный,https://avatars.avto.ru/get-autoru-vos/17993102/ba3c41935b138ad74467068a58ff4d08/1200x900,2026-09-22T05:50:07Z
Toyota,Corolla,"Toyota Corolla X (E140, E150) Рестайлинг",https://auto.ru/cars/used/sale/toyota/corolla/1134173220-aebb2c46/,1249000,Барнаул,2011,,5,210800,2,Не требует ремонта,Оригинал,,"бензин, 1.6 AT (124 л.с.)",автоматическая,передний,Левый,Седан,синий,https://avatars.avto.ru/get-autoru-vos/17786981/65efb8135109388176a7804f1c6870d5/1200x900,2026-09-22T05:50:07Z
Toyota,Aqua,Toyota Aqua I Рестайлинг,https://auto.ru/cars/used/sale/toyota/aqua/1133975012-4a009faa/,999000,Барнаул,2016,,5,232000,1,Не требует ремонта,Оригинал,,"гибрид, 1.5hyb CVT (74 л.с.)",вариатор,передний,Правый,Хэтчбек 5 дв.,белый,https://avatars.avto.ru/get-autoru-vos/17973312/a85a37d5db509962efa42459b2e1c174/1200x900,2026-09-22T05:50:07Z
Chevrolet,Niva,Chevrolet Niva I Рестайлинг,https://auto.ru/cars/used/sale/chevrolet/niva/1133519748-a6c6a6b9/,679000,Барнаул,2016,,5,114500,1,Не требует ремонта,Оригинал,LC,"бензин, 1.7 MT (80 л.с.) 4WD",механическая,полный,Левый,Внедорожник 5 дв.,коричневый,https://avatars.avto.ru/get-autoru-vos/14855693/e4ef814cea6a68555429fd9944f28124/1200x900,2026-09-22T05:50:07Z
Nissan,Qashqai,Nissan Qashqai II,https://auto.ru/cars/used/sale/nissan/qashqai/1134173221-435b2d4a/,1699000,Барнаул,2014,,5,327000,4,Не требует ремонта,Дубликат,,"бензин, 2.0 CVT (144 л.с.) 4WD",вариатор,полный,Левый,Внедорожник 5 дв.,белый,https://avatars.avto.ru/get-autoru-vos/13922065/6d3985a86597a46a62f7050176f52b07/1200x900,2026-09-22T05:50:07Z
Nissan,Qashqai,Nissan Qashqai I Рестайлинг,https://auto.ru/cars/used/sale/nissan/qashqai/1133900245-9dc51c3b/,1309000,Барнаул,2012,,5,174000,2,Не требует ремонта,Оригинал,,"бензин, 2.0 CVT (141 л.с.) 4WD",вариатор,полный,Левый,Внедорожник 5 дв.,белый,https://avatars.avto.ru/get-autoru-vos/18150448/69a05b5461e0eee76cebe97a78460056/1200x900,2026-09-22T05:50:07Z
Toyota,Corolla,Toyota Corolla XII (E210),https://auto.ru/cars/used/sale/toyota/corolla/1133665186-cfd9640d/,1859000,Барнаул,2019,,5,77000,1,Не требует ремонта,Оригинал,,"гибрид, 1.8hyb CVT (98 л.с.)",вариатор,передний,Правый,Хэтчбек 5 дв.,синий,https://avatars.avto.ru/get-autoru-vos/5889359/2eda337f48bd187f4f0547a0e05f433e/1200x900,2026-09-22T05:50:09Z
Hyundai,Elantra,Hyundai Elantra VII (CN7),https://auto.ru/cars/used/sale/hyundai/elantra/1133749093-b4cbf6f6/,1849000,Барнаул,2020,,5,78800,1,Не требует ремонта,Оригинал,,"бензин, 1.5 CVT (115 л.с.)",вариатор,передний,Левый,Седан,белый,https://avatars.avto.ru/get-autoru-vos/20785675/27a5969d7aa67786d05060fbbbddb289/1200x900,2026-09-22T05:50:09Z
Nissan,Teana,Nissan Teana III (L33),https://auto.ru/cars/used/sale/nissan/teana/1133551353-d64dbc58/,1309000,Барнаул,2015,,5,181000,4,Не требует ремонта,Дубликат,Elegance,"бензин, 2.5 CVT (173 л.с.)",вариатор,передний,Левый,Седан,серебристый,https://avatars.avto.ru/get-autoru-vos/19700919/c65ebe5f44f098482cb31c1932dfb9db/1200x900,2026-09-22T05:50:09Z
Lexus,CT,Lexus CT 200h I,https://auto.ru/cars/used/sale/lexus/ct/1134173909-34f6378a/,1379000,Барнаул,2011,,5,201000,2,Не требует ремонта,Оригинал,,"гибрид, 200h 1.8hyb CVT (99 л.с.)",вариатор,передний,Правый,Хэтчбек 5 дв.,чёрный,https://photo.auto.ru/photo/get-autoru-vos/20680164/OXozX7Mb_z1vH-Qj-tFiLyePxZCMU9XYJT4pQuRmnAKsqpZdXfqYF5GfcUpspObiuEAL6M6rCeBD17Aj4rPVv-Gn5ZweBuufU2koN80zQUAiggLw5Lqvn42460LmGr0R-CH_oroFx_8_J1AFVHFu4XGHUFgAhNcKCLeXeUmylYLpRK4/1200x900,2026-09-22T05:50:09Z
Chevrolet,Lacetti,Chevrolet Lacetti I,https://auto.ru/cars/used/sale/chevrolet/lacetti/1129804261-7b05d3d2/,499000,Барнаул,2008,,5,150000,4,Не требует ремонта,Дубликат,CDX,"бензин, 1.6 AT (109 л.с.)",автоматическая,передний,Левый,Седан,красный,https://avatars.avto.ru/get-autoru-vos/15453628/945c3de6bf4d0d7194c9f3c1505afae9/1200x900,2026-09-22T05:50:09Z
Kia,Sorento,Kia Sorento IV,https://auto.ru/cars/used/sale/kia/sorento/1133667496-a52ef80c/,3959000,Барнаул,2021,,5,58000,1,Не требует ремонта,Оригинал,,"дизель, 2.2d AMT (202 л.с.) 4WD",робот,полный,Левый,Внедорожник 5 дв.,серебристый,https://avatars.avto.ru/get-autoru-vos/16383606/8139c8a59725de11fed2847439a7dc62/1200x900,2026-09-22T05:50:09Z
Great Wall,Hover H5,Great Wall Hover H5,https://auto.ru/cars/used/sale/great_wall/hoverh5/1133989799-59255e5d/,799000,Барнаул,2013,,5,272000,4,Не требует ремонта,Дубликат,,"бензин, 2.4 MT (127 л.с.) 4WD",механическая,полный,Левый,Внедорожник 5 дв.,чёрный,https://avatars.avto.ru/get-autoru-vos/2073214/fa1374de420b09dd9965486418f0dc6e/1200x900,2026-09-22T05:50:09Z
Lexus,RX,Lexus RX 350 III Рестайлинг,https://auto.ru/cars/used/sale/lexus/rx/1133851443-990bbf52/,2599000,Барнаул,2012,,5,175000,4,Не требует ремонта,Дубликат,,"бензин, 350 3.5 AT (277 л.с.) 4WD",автоматическая,полный,Левый,Внедорожник 5 дв.,белый,https://avatars.avto.ru/get-autoru-vos/19816781/1c78c4e7503b9ac273f2cd9cdb925bc8/1200x900,2026-09-22T05:50:09Z
Toyota,Corolla,"Toyota Corolla IX (E120, E130)",https://auto.ru/cars/used/sale/toyota/corolla/1133719485-d0e2d895/,669000,Барнаул,2003,,5,255500,4,Не требует ремонта,Дубликат,,"бензин, 1.8 AT (130 л.с.)",автоматическая,передний,Левый,Седан,чёрный,https://avatars.avto.ru/get-autoru-vos/17709739/2b1d0f6b3c1e11f97e7a4fe8b58de48a/1200x900,2026-09-22T05:50:09Z
Toyota,Corolla,"Toyota Corolla Fielder XI (E160, E170) Рестайлинг 2",https://auto.ru/cars/used/sale/toyota/corolla/1134215489-6786f668/,1539000,Барнаул,2020,,5,102000,1,Не требует ремонта,Оригинал,,"бензин, Fielder 1.5 CVT (109 л.с.)",вариатор,передний,Правый,Универсал 5 дв. Fielder,серебристый,https://avatars.avto.ru/get-autoru-vos/20363536/19b6ebf73ac3a356e59993b0f835ffd1/1200x900,2026-09-22T05:50:09Z
Toyota,Corolla,"Toyota Corolla X (E140, E150) Рестайлинг",https://auto.ru/cars/used/sale/toyota/corolla/1134215488-22b0ad40/,1099000,Барнаул,2012,,5,280000,3,Не требует ремонта,Оригинал,,"бензин, 1.6 AT (124 л.с.)",автоматическая,передний,Левый,Седан,красный,https://avatars.avto.ru/get-autoru-vos/17642370/d6fc68ae8d608d8848dcd90b49c5fadd/1200x900,2026-09-22T05:50:09Z
Toyota,Corolla,"Toyota Corolla IX (E120, E130)",https://auto.ru/cars/used/sale/toyota/corolla/1133986978-77f8d929/,629000,Барнаул,2003,,5,263500,4,Не требует ремонта,Дубликат,,"бензин, 1.5 AT (110 л.с.)",автоматическая,передний,Правый,Седан,белый,https://avatars.avto.ru/get-autoru-vos/5592926/f61ff379a314f60a72b793bdf9913b2a/1200x900,2026-09-22T05:50:09Z
Hyundai,ix35,Hyundai ix35 I,https://auto.ru/cars/used/sale/hyundai/ix35/1133749092-f7af6a4d/,1499000,Барнаул,2013,,5,132000,3,Не требует ремонта,Дубликат,,"бензин, 2.0 AT (150 л.с.)",автоматическая,передний,Левый,Внедорожник 5 дв.,коричневый,https://avatars.avto.ru/get-autoru-vos/17906453/0c1eff2e9f63bf10f491c8bd0817893b/1200x900,2026-09-22T05:50:09Z
Renault,Sandero,Renault Sandero I,https://auto.ru/cars/used/sale/renault/sandero/1134030300-888d453f/,539000,Барнаул,2010,,5,121000,1,Не требует ремонта,Оригинал,,"бензин, 1.4 MT (75 л.с.)",механическая,передний,Левый,Хэтчбек 5 дв.,синий,https://photo.auto.ru/photo/get-autoru-vos/4476278/xYw8oqagcl4m12eTRbi470DmqptbHYgRL7h9asDO0W32Bjqp0mUnefFi0qkp19KU8Q87terOA59uvRAml1vxuR7Anu544gct63GPmJitqHZg2LR_P639OnHFVyopzrwFk8kPLMSZlvNZMDjqSaQgdei9l8PxZu6lw81c98dLemayAdM/1200x900,2026-09-22T05:50:09Z
Lada (ВАЗ),Priora,Lada (ВАЗ) Priora I,https://auto.ru/cars/used/sale/vaz/2170/1133562011-9b0a28c6/,349000,Барнаул,2009,,5,180000,4,Не требует ремонта,Дубликат,Люкс,"бензин, 1.6 MT (98 л.с.)",механическая,передний,Левый,Седан,чёрный,https://photo.auto.ru/photo/get-autoru-vos/19811519/6lBsaKDWQQlNnDInIRntKWPAxj3PXP7s-lZOqoXiFF8eUDpuoO_s9ftlfLsQQP4VTswsoFadjW7B5jbq0A7p109G1Q1muoh6FXf2ApuA8NaZFbNq0yVJ633IV-8TKz_RTFTpcL_HoTOidgmvBAAqgj33wf2zrF5H_Yi9mnaH6etP12w/1200x900,2026-09-22T05:50:09Z
Renault,Logan,Renault Logan I Рестайлинг,https://auto.ru/cars/used/sale/renault/logan/1133295911-22389df8/,399000,Барнаул,2014,,5,255000,3,Не требует ремонта,Оригинал,Authentique,"бензин, 1.4 MT (75 л.с.)",механическая,передний,Левый,Седан,белый,https://photo.auto.ru/photo/get-autoru-vos/20785675/ZOcMoceEqVtQCrB3hWFa8keNddeIhSixWr-LPZMwAEJC5FXd6CmBo3kr_l3aOhgWQNHXRwNZXKotcM4FnB0iAztOTSRq78grGSO_vQkoca55eRqroWdCzipAB81LsRnfKtVtJk2CqnQoS34fnvy8xDzd6CA6DfUHmU7HXG_Z2jGEFy4/1200x900,2026-09-22T05:50:09Z
Toyota,Corolla,"Toyota Corolla IX (E120, E130) Рестайлинг",https://auto.ru/cars/used/sale/toyota/corolla/1134149784-5349c3a6/,799000,Барнаул,2006,,5,246000,4,Не требует ремонта,Дубликат,,"бензин, 1.6 AT (110 л.с.)",автоматическая,передний,Левый,Седан,чёрный,https://avatars.avto.ru/get-autoru-vos/21221080/6a714dce10c67717225b0f2fa39937b5/1200x900,2026-09-22T05:50:09Z
Renault,Megane,Renault Megane II,https://auto.ru/cars/used/sale/renault/megane/1134117797-07b379b2/,359000,Барнаул,2004,,5,245900,4,Не требует ремонта,Дубликат,,"бензин, 1.6 AT (115 л.с.)",автоматическая,передний,Левый,Седан,зелёный,https://avatars.avto.ru/get-autoru-vos/2128077/50c7ebe93fe1e666fd0d776e16cf45ec/1200x900,2026-09-22T05:50:09Z
Toyota,Windom,Toyota Windom II (XV20) Рестайлинг,https://auto.ru/cars/used/sale/toyota/windom/1133488330-940f48ac/,639000,Барнаул,2000,,5,361300,4,Не требует ремонта,Оригинал,,"бензин, 2.5 AT (200 л.с.)",автоматическая,передний,Правый,Седан,чёрный,https://avatars.avto.ru/get-autoru-vos/16308788/dc6c71c0613a21f857e176603edd5139/1200x900,2026-09-22T05:50:09Z
Kia,Carens,Kia Carens II (UN),https://auto.ru/cars/used/sale/kia/carens/1133678995-aaa7dcae/,739000,Барнаул,2011,,5,206000,4,Не требует ремонта,Дубликат,,"бензин, 1.6 MT (126 л.с.)",механическая,передний,Левый,Компактвэн,серый,https://avatars.avto.ru/get-autoru-vos/19936221/4cd27c50c9ba820c757ff1b8167c256a/1200x900,2026-09-22T05:50:09Z
Honda,Freed,Honda Freed I,https://auto.ru/cars/used/sale/honda/freed/1134015238-206b6753/,909000,Барнаул,2011,,5,197000,2,Не требует ремонта,Оригинал,,"бензин, 1.5 CVT (118 л.с.)",вариатор,передний,Правый,Компактвэн,белый,https://avatars.avto.ru/get-autoru-vos/1932125/d47229d95d004f147d3ca77135321226/1200x900,2026-09-22T05:50:09Z
Nissan,X-Trail,Nissan X-Trail I,https://auto.ru/cars/used/sale/nissan/x_trail/1134148842-3ef2c477/,659000,Барнаул,2001,,5,270900,4,Не требует ремонта,Оригинал,,"бензин, 2.0 AT (150 л.с.) 4WD",автоматическая,полный,Правый,Внедорожник 5 дв.,серебристый,https://avatars.avto.ru/get-autoru-vos/17786981/60d12780041d2cff40d1b5044e9cf5e9/1200x900,2026-09-22T05:50:09Z
Lexus,RX,Lexus RX 450h III,https://auto.ru/cars/used/sale/lexus/rx/1132783475-0a347c3d/,2249000,Барнаул,2009,,5,266000,4,Не требует ремонта,Дубликат,Executive,"гибрид, 450h 3.5hyb CVT (249 л.с.) 4WD",вариатор,полный,Левый,Внедорожник 5 дв.,белый,https://avatars.avto.ru/get-autoru-vos/2165636/c0914dc1bda849700b79b4f4b81338e9/1200x900,2026-09-22T05:50:09Z
Lada (ВАЗ),Granta,Lada (ВАЗ) Granta I Рестайлинг,https://auto.ru/cars/used/sale/vaz/granta/1134147787-f1fce092/,799000,Барнаул,2020,,5,53300,4,Не требует ремонта,Оригинал,,"бензин, 1.6 MT (87 л.с.)",механическая,передний,Левый,Седан,серебристый,https://avatars.avto.ru/get-autoru-vos/18143138/cdfd1571c1035eccf82c4576bb0a6de1/1200x900,2026-09-22T05:50:09Z
Toyota,RAV4,Toyota RAV4 IV (XA40),https://auto.ru/cars/used/sale/toyota/rav_4/1133851442-73752059/,1999000,Барнаул,2013,,5,176000,4,Не требует ремонта,Дубликат,,"бензин, 2.0 CVT (146 л.с.) 4WD",вариатор,полный,Левый,Внедорожник 5 дв.,белый,https://avatars.avto.ru/get-autoru-vos/21119147/5769b4397cec0bf5fc8eac451007d0f8/1200x900,2026-09-22T05:50:09Z
Subaru,Outback,Subaru Outback III,https://auto.ru/cars/used/sale/subaru/outback/1133482112-e87c6388/,849000,Барнаул,2006,,5,236000,4,Не требует ремонта,Оригинал,,"бензин, 2.5 AT (165 л.с.) 4WD",автоматическая,полный,Левый,Универсал 5 дв.,синий,https://avatars.avto.ru/get-autoru-vos/21074985/f79a3102bbe31d7b6fbea2ce14d03e79/1200x900,2026-09-22T05:50:09Z
Toyota,Corolla,"Toyota Corolla Fielder XI (E160, E170) Рестайлинг 2",https://auto.ru/cars/used/sale/toyota/corolla/1134029756-6f6b1e65/,1419000,Барнаул,2019,,5,193000,1,Не требует ремонта,Оригинал,,"гибрид, Fielder 1.5hyb CVT (74 л.с.)",вариатор,передний,Правый,Универсал 5 дв. Fielder,серебристый,https://avatars.avto.ru/get-autoru-vos/6147753/ef8e0cd6a02b742c8997dae07a1264ad/1200x900,2026-09-22T05:50:09Z
Honda,Fit Aria,Honda Fit Aria,https://auto.ru/cars/used/sale/honda/fit_aria/1133806775-5013b78b/,599000,Барнаул,2006,,5,270000,2,Не требует ремонта,Оригинал,,"бензин, 1.3 CVT (86 л.с.)",вариатор,передний,Правый,Седан,серебристый,https://avatars.avto.ru/get-autoru-vos/18017415/aabdf2c2c03147eaced8287b6e725428/1200x900,2026-09-22T05:50:09Z
Nissan,Note,Nissan Note II Рестайлинг,https://auto.ru/cars/used/sale/nissan/note/1133762549-10d0932c/,1099000,Барнаул,2019,,5,124000,1,Не требует ремонта,Оригинал,,"бензин, 1.2 CVT (79 л.с.) 4WD",вариатор,полный,Правый,Хэтчбек 5 дв.,синий,https://avatars.avto.ru/get-autoru-vos/14008031/60b0fa64528f287c7911bf7b3892e943/1200x900,2026-09-22T05:50:09Z
Subaru,Forester,Subaru Forester IV,https://auto.ru/cars/used/sale/subaru/forester/1133131492-891adf33/,1599000,Барнаул,2015,,5,263000,3,Не требует ремонта,Дубликат,BM,"бензин, 2.0 CVT (150 л.с.) 4WD",вариатор,полный,Левый,Внедорожник 5 дв.,серебристый,https://avatars.avto.ru/get-autoru-vos/21151957/42488cd4d2fd9c3a15b106cd7f786eb2/1200x900,2026-09-22T05:50:09Z
Lexus,LX,Lexus LX 570 III,https://auto.ru/cars/used/sale/lexus/lx/1131273994-26e28d36/,3679000,Барнаул,2011,,5,255000,4,Не требует ремонта,Дубликат,,"бензин, 570 5.7 AT (367 л.с.) 4WD",автоматическая,полный,Левый,Внедорожник 5 дв.,серый,https://avatars.avto.ru/get-autoru-vos/1990622/079aa5dbb7ac75423328f9ef71a9510b/1200x900,2026-09-22T05:50:09Z
Mazda,Demio,Mazda Demio III (DE),https://auto.ru/cars/used/sale/mazda/demio/1133203146-e3d585cc/,499000,Барнаул,2008,,5,159000,4,Не требует ремонта,Оригинал,,"бензин, 1.4 AT (91 л.с.)",автоматическая,передний,Правый,Хэтчбек 5 дв.,белый,https://avatars.avto.ru/get-autoru-vos/17489926/dbced838a094c116857ab57b7ca4d71d/1200x900,2026-09-22T05:50:09Z
Lexus,GS,Lexus GS 300 III,https://auto.ru/cars/used/sale/lexus/gs/1134015237-41afb322/,1279000,Барнаул,2005,,5,228300,3,Не требует ремонта,Оригинал,,"бензин, 300 3.0 AT (249 л.с.)",автоматическая,задний,Левый,Седан,серебристый,https://avatars.avto.ru/get-autoru-vos/4402921/c9d6c7cb69ed59f171f2943c50147edd/1200x900,2026-09-22T05:50:09Z
Toyota,Corolla,Toyota Corolla XII (E210),https://auto.ru/cars/used/sale/toyota/corolla/1133986980-6bb479d9/,1749000,Барнаул,2019,,5,100000,1,Не требует ремонта,Оригинал,,"бензин, 1.8 CVT (140 л.с.)",вариатор,передний,Правый,Универсал 5 дв. Touring,чёрный,https://avatars.avto.ru/get-autoru-vos/2181185/12067927b1ec0c4fa77b211ea77ad057/1200x900,2026-09-22T05:50:09Z
Toyota,Vitz,Toyota Vitz III (XP130) Рестайлинг,https://auto.ru/cars/used/sale/toyota/vitz/1134003322-719d198a/,899000,Барнаул,2014,,5,105000,4,Не требует ремонта,Оригинал,,"бензин, 1.0 CVT (69 л.с.)",вариатор,передний,Правый,Хэтчбек 5 дв.,чёрный,https://avatars.avto.ru/get-autoru-vos/6109589/cfa81b5f7416d11710f5b01557838834/1200x900,2026-09-22T05:50:09Z
Toyota,Belta,Toyota Belta I,https://auto.ru/cars/used/sale/toyota/belta/1134214346-ce77a563/,1059000,Барнаул,2011,,5,73000,2,Не требует ремонта,Оригинал,,"бензин, 1.3 CVT (87 л.с.)",вариатор,передний,Правый,Седан,белый,https://avatars.avto.ru/get-autoru-vos/19682479/66474fd4747b79004707fc835914ca5b/1200x900,2026-09-22T05:50:09Z
JAC,J7,JAC J7 I,https://auto.ru/cars/used/sale/jac/j7/1133817801-e324249c/,1699000,Барнаул,2023,,5,105000,1,Не требует ремонта,Оригинал,,"бензин, 1.5 CVT (136 л.с.)",вариатор,передний,Левый,Лифтбек,белый,https://photo.auto.ru/photo/get-autoru-vos/20467659/8yafdpFBUBjZhBrbJZ2qH9cJqvITwzLIj02s853GrFnpJRqkHRerPCoTXk3X1tayZERgFZ51CeH413WU4ao8pX7tJC0IoD9IL-rybvY7epRexIOagV36uyG9XL1IZM7RaqcJ8tULCdh8rWZmMtqxRswU_P-szS1Ta2yBT01RW5M1m7I/1200x900,2026-09-22T05:50:09Z
Renault,Logan,Renault Logan II Рестайлинг,https://auto.ru/cars/used/sale/renault/logan/1133761532-e7dd8bce/,839000,Барнаул,2020,,5,198000,2,Не требует ремонта,Оригинал,,"бензин, 1.6 AT (102 л.с.)",автоматическая,передний,Левый,Седан,белый,https://avatars.avto.ru/get-autoru-vos/21074985/1034a47b2b6b03a29b1d6b6826357862/1200x900,2026-09-22T05:50:12Z
Toyota,Camry,Toyota Camry VII (XV50),https://auto.ru/cars/used/sale/toyota/camry/1133737339-cd85d9ee/,1549000,Барнаул,2012,,5,320000,4,Не требует ремонта,Дубликат,,"бензин, 2.5 AT (181 л.с.)",автоматическая,передний,Левый,Седан,серебристый,https://avatars.avto.ru/get-autoru-vos/20410536/c9ca9ab361d3f1a961672707e4102c09/1200x900,2026-09-22T05:50:12Z
Renault,Logan,Renault Logan II,https://auto.ru/cars/used/sale/renault/logan/1133719486-cc07bc08/,749000,Барнаул,2017,,5,99000,2,Не требует ремонта,Оригинал,,"бензин, 1.6 MT (82 л.с.)",механическая,передний,Левый,Седан,белый,https://avatars.avto.ru/get-autoru-vos/20330248/62752b6bf3a1a686865acf7f86504f5d/1200x900,2026-09-22T05:50:12Z
Nissan,Tiida,Nissan Tiida I Рестайлинг,https://auto.ru/cars/used/sale/nissan/tiida/1134062587-13bd9140/,669000,Барнаул,2011,,5,209000,4,Не требует ремонта,Дубликат,,"бензин, 1.6 AT (110 л.с.)",автоматическая,передний,Левый,Седан,чёрный,https://avatars.avto.ru/get-autoru-vos/17757189/466657655967dad4f1a2e100606c83bd/1200x900,2026-09-22T05:50:12Z
Toyota,Nadia,Toyota Nadia,https://auto.ru/cars/used/sale/toyota/nadia/1133099450-eb7a32dc/,569000,Барнаул,2001,,5,266000,4,Не требует ремонта,Оригинал,,"бензин, 2.0 AT (152 л.с.)",автоматическая,передний,Правый,Компактвэн,бежевый,https://avatars.avto.ru/get-autoru-vos/20180167/de3bc83beb8bc030e845aafae7d5b1b7/1200x900,2026-09-22T05:50:12Z
Mazda,3,Mazda 3 II (BL),https://auto.ru/cars/used/sale/mazda/3/1132944002-7a765320/,699000,Барнаул,2009,,5,314800,3,Не требует ремонта,Оригинал,Direct Plus,"бензин, 1.6 AT (105 л.с.)",автоматическая,передний,Левый,Седан,чёрный,https://photo.auto.ru/photo/get-autoru-vos/20054636/YegpTwuRKwQfYw18JrxbK2cKqzH6qGztPUr9jfPy3q0zgf0vNeYNo1N1gcfAPH9HJJ1TcR-8hRG7ZAjSH3SvUcgac4U_og4D1h5fWZXU3nnmVMLczg9pgVpkZjwccatTSuE7yEo19MMRLVLCl0juJ90C84JmQkf-dfvFEj0cT7cGi-U/1200x900,2026-09-22T05:50:12Z
Toyota,Camry,Toyota Camry VII (XV50) Рестайлинг,https://auto.ru/cars/used/sale/toyota/camry/1133806777-3edb52c8/,1999000,Барнаул,2017,,5,220000,4,Не требует ремонта,Дубликат,,"бензин, 2.5 AT (181 л.с.)",автоматическая,передний,Левый,Седан,чёрный,https://avatars.avto.ru/get-autoru-vos/20055049/8f749410b5ff616ea4b5498a3452a1e8/1200x900,2026-09-22T05:50:12Z
Toyota,Corolla,"Toyota Corolla IX (E120, E130) Рестайлинг",https://auto.ru/cars/used/sale/toyota/corolla/1133837815-394b3439/,659000,Барнаул,2006,,5,215000,3,Не требует ремонта,Дубликат,,"бензин, 1.6 AT (110 л.с.)",автоматическая,передний,Левый,Седан,зелёный,https://avatars.avto.ru/get-autoru-vos/16793145/e4e412468e0e03d96d1ec3404993dfb9/1200x900,2026-09-22T05:50:12Z
Honda,Accord,Honda Accord VI,https://auto.ru/cars/used/sale/honda/accord/1133758697-e3810419/,599000,Барнаул,2000,,5,168000,4,Не требует ремонта,Дубликат,,"бензин, 2.0 AT (150 л.с.)",автоматическая,передний,Правый,Седан,чёрный,https://avatars.avto.ru/get-autoru-vos/4904733/78554d7c07f399492bfb838213962618/1200x900,2026-09-22T05:50:12Z
Subaru,Legacy,Subaru Legacy IV,https://auto.ru/cars/used/sale/subaru/legacy/1133591703-382e721b/,689000,Барнаул,2005,,5,263000,4,Не требует ремонта,Дубликат,,"бензин, 2.0 AT (164 л.с.) 4WD",автоматическая,полный,Левый,Седан,серебристый,https://photo.auto.ru/photo/get-autoru-vos/20656151/_Dpjw9VA50H_DNACAuJ5E2BeWk9fPtCKofSfgZr8gkV6X9sX8wuV0MWgiAkfUf0zmdJwfXWEMZlWW7fPcvyud5NKrlsNwKFV50v0T5_1StwETJgUl4b_rPPUaT-pK4pG7m_2pOxe1fKBifPHCOudYxK3_ZAPGgVcWSNFrbMm8_kFwdQ/1200x900,2026-09-22T05:50:12Z
Geely,Emgrand EC7,Geely Emgrand EC7,https://auto.ru/cars/used/sale/geely/emgrand_ec7/1134117280-9c2ce827/,399000,Барнаул,2013,,5,223000,3,Не требует ремонта,Оригинал,,"бензин, 1.8 MT (126 л.с.)",механическая,передний,Левый,Седан,чёрный,https://avatars.avto.ru/get-autoru-vos/17833152/becf60fcbf9f9764467688694b4b337f/1200x900,2026-09-22T05:50:12Z
Datsun,on-DO,Datsun on-DO I,https://auto.ru/cars/used/sale/datsun/on_do/1133598011-18a07fb8/,649000,Барнаул,2018,,5,55700,1,Не требует ремонта,Оригинал,Dream III,"бензин, 1.6 AT (87 л.с.)",автоматическая,передний,Левый,Седан,коричневый,https://photo.auto.ru/photo/get-autoru-vos/16405070/Itt_VS_zgmkw3xfn4r7DVKnwsxqleFEwCNkv3fGjf_dxVGPaj6T44J06xjdcEmV3fnVe2Yzic4vFnkBzYp3-9YYbXupd_v-fTm-ceBrdTXGq1YQm7JFMopdIVnbeCSgHrruCiEkr5w8iP9Ac8X9c8kILZIUtBT4ovBPJdATOJCtLq20/1200x900,2026-09-22T05:50:12Z
Toyota,Corolla,"Toyota Corolla AMT X (E140, E150)",https://auto.ru/cars/used/sale/toyota/corolla/1133903675-05c705b8/,749000,Барнаул,2008,,5,228600,3,Не требует ремонта,Оригинал,,"бензин, AMT 1.6 AMT (124 л.с.)",робот,передний,Левый,Седан,серебристый,https://avatars.avto.ru/get-autoru-vos/2155125/89163059af7285697a02e6de761c5bfc/1200x900,2026-09-22T05:50:12Z
Kia,Sportage,Kia Sportage IV Рестайлинг,https://auto.ru/cars/used/sale/kia/sportage/1133932360-a5480f9d/,2299000,Барнаул,2019,,5,138500,3,Не требует ремонта,Оригинал,,"бензин, 2.0 AT (150 л.с.)",автоматическая,передний,Левый,Внедорожник 5 дв.,белый,https://avatars.avto.ru/get-autoru-vos/21221080/7af42f0ce5b69325162ad66d61b93a76/1200x900,2026-09-22T05:50:12Z
Honda,Civic,Honda Civic VIII Рестайлинг,https://auto.ru/cars/used/sale/honda/civic/1133892282-2d9eb37f/,729000,Барнаул,2010,,5,303000,4,Не требует ремонта,Дубликат,,"бензин, 1.8 AT (140 л.с.)",автоматическая,передний,Левый,Седан,голубой,https://avatars.avto.ru/get-autoru-vos/2045905/db71b3a1331f1922c82cd19eb19bcac9/1200x900,2026-09-22T05:50:12Z
Toyota,Corolla,"Toyota Corolla IX (E120, E130) Рестайлинг",https://auto.ru/cars/used/sale/toyota/corolla/1133903673-56b6df40/,499000,Барнаул,2004,,5,331600,4,Не требует ремонта,Дубликат,,"бензин, 1.6 AT (110 л.с.)",автоматическая,передний,Левый,Седан,серый,https://avatars.avto.ru/get-autoru-vos/5592926/b42e368227e3fe6fda856084e589c7ee/1200x900,2026-09-22T05:50:12Z
Honda,Fit,Honda Fit III,https://auto.ru/cars/used/sale/honda/fit/1133975013-2a2fc2b8/,1149000,Барнаул,2016,,5,69000,1,Не требует ремонта,Оригинал,,"бензин, 1.3 CVT (100 л.с.)",вариатор,передний,Правый,Хэтчбек 5 дв.,коричневый,https://avatars.avto.ru/get-autoru-vos/4290540/a59322f5ba70e69928d16c716fbd84df/1200x900,2026-09-22T05:50:12Z
Mitsubishi,Lancer,Mitsubishi Lancer X,https://auto.ru/cars/used/sale/mitsubishi/lancer/1133638575-aa00b366/,729000,Барнаул,2010,,5,284000,3,Не требует ремонта,Оригинал,,"бензин, 1.5 AT (109 л.с.)",автоматическая,передний,Левый,Седан,серебристый,https://avatars.avto.ru/get-autoru-vos/20656151/979b54350c1f3653c02bd5029c5a023a/1200x900,2026-09-22T05:50:12Z
Honda,Civic,Honda Civic VIII,https://auto.ru/cars/used/sale/honda/civic/1133422122-6227fcc6/,809000,Барнаул,2007,,5,317000,4,Не требует ремонта,Дубликат,Elegancе,"бензин, 1.8 AT (140 л.с.)",автоматическая,передний,Левый,Седан,чёрный,https://avatars.avto.ru/get-autoru-vos/20894132/4f345288569a8b56beab802d8b1c0161/1200x900,2026-09-22T05:50:12Z
Volkswagen,Polo,Volkswagen Polo VI,https://auto.ru/cars/used/sale/volkswagen/polo/1133206067-8e4b12a8/,1849000,Барнаул,2022,,5,35000,1,Не требует ремонта,Оригинал,Respect,"бензин, 1.6 AT (110 л.с.)",автоматическая,передний,Левый,Лифтбек,серебристый,https://avatars.avto.ru/get-autoru-vos/20446679/e546e946ab73430ee81c6c0a526606af/1200x900,2026-09-22T05:50:12Z
Honda,Accord,Honda Accord VIII,https://auto.ru/cars/used/sale/honda/accord/1133975011-8bda8ea0/,1009000,Барнаул,2008,,5,312000,4,Не требует ремонта,Дубликат,,"бензин, 2.4 AT (201 л.с.)",автоматическая,передний,Левый,Седан,синий,https://photo.auto.ru/photo/get-autoru-vos/16483913/4R8O4zKO4OwPOhJ3c_vptmWf9hpfjsekj0MjciT2MzSDPL9BSzkScg6CvEioLcE7mK8gGfD11ZCOOaRGPFp0-M7R_C4R_xqd_e5-aiIdwIDhbj_81iICs6mGZoo6HqYaKtFosLJGjqjq8D38k6Ks5Bp78KlQ8cbRAEYP0NSD_jGE31k/1200x900,2026-09-22T05:50:12Z
Honda,Odyssey,Honda Odyssey II,https://auto.ru/cars/used/sale/honda/odyssey/1131286478-ade0dae8/,549000,Барнаул,2000,,7,200000,4,Не требует ремонта,Дубликат,,"бензин, 2.3 AT (150 л.с.)",автоматическая,передний,Правый,Компактвэн,синий,https://avatars.avto.ru/get-autoru-vos/16757019/3ec019ba76aadb15f0f285c22f48efe9/1200x900,2026-09-22T05:50:12Z
Nissan,Note,Nissan Note II,https://auto.ru/cars/used/sale/nissan/note/1134118236-94d4b28d/,999000,Барнаул,2014,,5,108000,1,Не требует ремонта,Оригинал,,"бензин, 1.2 CVT (98 л.с.)",вариатор,передний,Правый,Хэтчбек 5 дв.,фиолетовый,https://avatars.avto.ru/get-autoru-vos/15049662/49ed71a5d395f7c8c0816dc678431239/1200x900,2026-09-22T05:50:12Z
Honda,Civic,Honda Civic VIII,https://auto.ru/cars/used/sale/honda/civic/1134152059-41c18778/,649000,Барнаул,2008,,5,298000,4,Не требует ремонта,Дубликат,,"бензин, 1.8 AMT (140 л.с.)",робот,передний,Левый,Хэтчбек 5 дв.,чёрный,https://avatars.avto.ru/get-autoru-vos/21177414/cdb9f8107074608a582ecd4588717e9c/1200x900,2026-09-22T05:50:12Z
Lada (ВАЗ),Granta,Lada (ВАЗ) Granta I,https://auto.ru/cars/used/sale/vaz/granta/1134147788-5dd9916a/,399000,Барнаул,2017,,5,251000,1,Не требует ремонта,Оригинал,,"бензин, 1.6 MT (87 л.с.)",механическая,передний,Левый,Седан,чёрный,https://avatars.avto.ru/get-autoru-vos/18143138/7843349a6ad57ca0a3f547e57c1b20ae/1200x900,2026-09-22T05:50:12Z
Hyundai,Solaris,Hyundai Solaris I,https://auto.ru/cars/used/sale/hyundai/solaris/1134173908-cc06da6f/,709000,Барнаул,2014,,5,246000,3,Не требует ремонта,Дубликат,,"бензин, 1.6 AT (123 л.с.)",автоматическая,передний,Левый,Седан,голубой,https://photo.auto.ru/photo/get-autoru-vos/15688781/h_buj72axEPtMa2-KB-dHKCQNOC_LGJYuxBgFBI41F9FtoKWH9fDBMkZ1T23dt8keUeuauCRimxm5trfqVRwFxw5lzJi8aSbSzV51vTK4d_Nuvw5a7-OevnqVWLZ2v_CoR4MfmnfKeJrAmAR4LvldawnKgqhsfwkHDSSDgc9w6J-sX4/1200x900,2026-09-22T05:50:12Z
Nissan,Note,Nissan Note II,https://auto.ru/cars/used/sale/nissan/note/1133860325-57381606/,859000,Барнаул,2013,,5,124000,3,Не требует ремонта,Оригинал,,"бензин, 1.2 CVT (98 л.с.)",вариатор,передний,Правый,Хэтчбек 5 дв.,белый,https://avatars.avto.ru/get-autoru-vos/15496515/fc4e83f621814ae924873c9610463454/1200x900,2026-09-22T05:50:12Z
Honda,Fit,Honda Fit III,https://auto.ru/cars/used/sale/honda/fit/1134152060-cb013085/,1099000,Барнаул,2017,,5,95000,1,Не требует ремонта,Оригинал,,"бензин, 1.3 CVT (100 л.с.)",вариатор,передний,Правый,Хэтчбек 5 дв.,серебристый,https://avatars.avto.ru/get-autoru-vos/20172247/eef378e934b5c479eed3d62e244f390b/1200x900,2026-09-22T05:50:12Z
Suzuki,Wagon R,Suzuki Wagon R MHEV VI,https://auto.ru/cars/used/sale/suzuki/wagon_r/1133940117-8ccb7b43/,949000,Барнаул,2020,,4,43500,1,Не требует ремонта,Оригинал,,"бензин, MHEV 0.7 CVT (52 л.с.)",вариатор,передний,Правый,Хэтчбек 5 дв.,голубой,https://avatars.avto.ru/get-autoru-vos/20033387/932fe935ae1061834925ed7c6e6157bb/1200x900,2026-09-22T05:50:12Z
Lada (ВАЗ),Largus,Lada (ВАЗ) Largus I,https://auto.ru/cars/used/sale/vaz/largus/1133382324-0cd5e94f/,549000,Барнаул,2013,,5,300000,3,Не требует ремонта,Дубликат,Luxe (5 мест) (2015-2017),"бензин, 1.6 MT (105 л.с.)",механическая,передний,Левый,Универсал 5 дв.,золотистый,https://avatars.avto.ru/get-autoru-vos/19873021/fc3a264a4fb3eb993e2d0ff0bc07d28e/1200x900,2026-09-22T05:50:12Z
Subaru,Legacy,Subaru Legacy IV,https://auto.ru/cars/used/sale/subaru/legacy/1134148841-71a35cf1/,799000,Барнаул,2003,,5,315000,4,Не требует ремонта,Дубликат,,"бензин, 2.5 AT (165 л.с.) 4WD",автоматическая,полный,Левый,Седан,серый,https://avatars.avto.ru/get-autoru-vos/20363536/8be5becaabb72663efdb945c65686c83/1200x900,2026-09-22T05:50:12Z
Nissan,March,Nissan March III (K12),https://auto.ru/cars/used/sale/nissan/march/1133687438-d2b1b7ab/,399000,Барнаул,2005,,5,175000,3,Не требует ремонта,Дубликат,,"бензин, 1.2 AT (80 л.с.)",автоматическая,передний,Правый,Хэтчбек 5 дв.,коричневый,https://avatars.avto.ru/get-autoru-vos/20961665/9f1c4f6170d6d4e8fa387668eb4ce788/1200x900,2026-09-22T05:50:12Z
Peugeot,308,Peugeot 308 I,https://auto.ru/cars/used/sale/peugeot/308/1132839641-38211b7d/,469000,Барнаул,2011,,5,185000,3,Не требует ремонта,Оригинал,Confort Pack,"бензин, 1.6 AT (120 л.с.)",автоматическая,передний,Левый,Хэтчбек 5 дв.,чёрный,https://avatars.avto.ru/get-autoru-vos/17660749/6cb11f0c6981ddf8c00c73ef2ac2d927/1200x900,2026-09-22T05:50:12Z
Lada (ВАЗ),Granta,Lada (ВАЗ) Granta I,https://auto.ru/cars/used/sale/vaz/granta/1134148844-88d73010/,439000,Барнаул,2013,,5,170555,4,Не требует ремонта,Дубликат,,"бензин, 1.6 AT (98 л.с.)",автоматическая,передний,Левый,Седан,синий,https://avatars.avto.ru/get-autoru-vos/19811519/d2619b4d1886b90e585cc88ded6f91c8/1200x900,2026-09-22T05:50:12Z
Nissan,Note,Nissan Note I,https://auto.ru/cars/used/sale/nissan/note/1134118237-372e3f59/,649000,Барнаул,2007,,5,226000,4,Не требует ремонта,Оригинал,,"бензин, 1.6 AT (110 л.с.)",автоматическая,передний,Левый,Хэтчбек 5 дв.,синий,https://avatars.avto.ru/get-autoru-vos/20845579/9b11712f5f924e6fae83ab41f431ac37/1200x900,2026-09-22T05:50:12Z
BMW,1 серии,BMW 1 серии 118i II (F20/F21) Рестайлинг,https://auto.ru/cars/used/sale/bmw/1er/1133392380-4fc60bfd/,1499000,Барнаул,2015,,5,94000,1,Не требует ремонта,Оригинал,118i Sport Line,"бензин, 118i 1.5 AT (136 л.с.)",автоматическая,задний,Правый,Хэтчбек 5 дв.,белый,https://avatars.avto.ru/get-autoru-vos/19785726/d43b4ac8777f3788ddc1323638242d0d/1200x900,2026-09-22T05:50:12Z
Mitsubishi,Lancer,Mitsubishi Lancer X,https://auto.ru/cars/used/sale/mitsubishi/lancer/1133747303-de3b801a/,769000,Барнаул,2007,,5,219000,4,Не требует ремонта,Оригинал,,"бензин, 1.5 AT (109 л.с.)",автоматическая,передний,Левый,Седан,синий,https://photo.auto.ru/photo/get-autoru-vos/18005086/jD-emQC2vYgihDsXpWIObwrfoXH1-kh5cvBks0u9QXA0tRfsgJ2OiJJFXJBtnRuv8HBskgkMF4LptzIg2R8jcPIn7aHeH0IR2OYqBx2eK4cThyOClUzoZlmTJp2laujiZ5U6jnNyFvdugZyXJPcRQfXqUer_wDI5nQcVPikkr6aRsJg/1200x900,2026-09-22T05:50:12Z
Toyota,Camry,Toyota Camry IV (XV20) Рестайлинг,https://auto.ru/cars/used/sale/toyota/camry/1133565275-4bc8f10d/,499000,Барнаул,2000,,5,450000,4,Не требует ремонта,Дубликат,,"бензин, 2.2 AT (140 л.с.)",автоматическая,передний,Правый,Седан,серебристый,https://avatars.avto.ru/get-autoru-vos/16838867/268400ab05b0ad632f2adbc724f5efa1/1200x900,2026-09-22T05:50:17Z
Hyundai,Getz,Hyundai Getz I,https://auto.ru/cars/used/sale/hyundai/getz/1133519262-439c47e7/,449000,Барнаул,2004,,5,189000,4,Не требует ремонта,Дубликат,,"бензин, 1.3 AT (82 л.с.)",автоматическая,передний,Левый,Хэтчбек 5 дв.,голубой,https://avatars.avto.ru/get-autoru-vos/17971448/020e5dfd901498c7ff4234b1fc5d73b4/1200x900,2026-09-22T05:50:17Z
Ford,Mondeo,Ford Mondeo IV,https://auto.ru/cars/used/sale/ford/mondeo/1134094200-1d16acd8/,749000,Барнаул,2008,,5,288000,4,Не требует ремонта,Оригинал,,"бензин, 2.3 AT (161 л.с.)",автоматическая,передний,Левый,Седан,золотистый,https://photo.auto.ru/photo/get-autoru-vos/20439065/qIW1TLermra8pPs2HGU_EgXCr5BF38d284ulWaJdB3FHSG-JUGH_OSp6-VfsviuNhnrh-iJD93uRSwJr6HdYe_vXKcDkrkuZqRMDLI-OMDkMC-H3OXyvf4xGZZFEXE1e-_ofSxCOK3fnHJ91y6u728ieqKDsnMZyI0O2cp397JW-Ixk/1200x900,2026-09-22T05:50:17Z
Toyota,Caldina,Toyota Caldina II,https://auto.ru/cars/used/sale/toyota/caldina/1133719481-094790a1/,499000,Барнаул,1999,,5,215000,3,Не требует ремонта,Оригинал,,"бензин, 2.0 AT (140 л.с.)",автоматическая,передний,Правый,Универсал 5 дв.,серебристый,https://avatars.avto.ru/get-autoru-vos/19815194/5227966ae5cb907eedb5c8aa13a2c813/1200x900,2026-09-22T05:50:17Z
Nissan,Sunny,Nissan Sunny B15,https://auto.ru/cars/used/sale/nissan/sunny/1134215490-ac9f8fc3/,329000,Барнаул,2001,,5,199000,4,Не требует ремонта,Дубликат,,"бензин, 1.5 AT (105 л.с.)",автоматическая,передний,Правый,Седан,белый,https://avatars.avto.ru/get-autoru-vos/18017415/1323d063283c4f3b825aa6d871010e58/1200x900,2026-09-22T05:50:17Z
Lada (ВАЗ),Largus,Lada (ВАЗ) Largus I,https://auto.ru/cars/used/sale/vaz/largus/1133409652-23893aef/,649000,Барнаул,2013,,5,155000,2,Не требует ремонта,Оригинал,,"бензин, 1.6 MT (84 л.с.)",механическая,передний,Левый,Универсал 5 дв.,серый,https://avatars.avto.ru/get-autoru-vos/17713999/a9649c3b3a4a0176bb8e7cd811024812/1200x900,2026-09-22T05:50:17Z
Toyota,Camry,Toyota Camry VI (XV40),https://auto.ru/cars/used/sale/toyota/camry/1133986977-1ed154e4/,1199000,Барнаул,2008,,5,340000,4,Не требует ремонта,Дубликат,,"бензин, 2.4 AT (167 л.с.)",автоматическая,передний,Левый,Седан,синий,https://avatars.avto.ru/get-autoru-vos/16964490/b65e1fbeb15844715a29942906207628/1200x900,2026-09-22T05:50:17Z
Toyota,Corolla,"Toyota Corolla IX (E120, E130)",https://auto.ru/cars/used/sale/toyota/corolla/1134214345-595e93eb/,639000,Барнаул,2002,,5,220000,3,Не требует ремонта,Оригинал,,"бензин, 1.6 AT (110 л.с.)",автоматическая,передний,Левый,Хэтчбек 5 дв.,серебристый,https://avatars.avto.ru/get-autoru-vos/16408920/3033e007c44b5b90426845ac8d140675/1200x900,2026-09-22T05:50:17Z
Lada (ВАЗ),Priora,Lada (ВАЗ) Priora I,https://auto.ru/cars/used/sale/vaz/2170/1134173219-53919e23/,329000,Барнаул,2011,,5,162000,3,Не требует ремонта,Оригинал,,"бензин, 1.6 MT (98 л.с.)",механическая,передний,Левый,Универсал 5 дв.,белый,https://avatars.avto.ru/get-autoru-vos/20134224/ffe3afe8fa313ff286a84fc0d1213109/1200x900,2026-09-22T05:50:17Z
Nissan,Note,Nissan Note II,https://auto.ru/cars/used/sale/nissan/note/1134094199-3746c0ce/,929000,Барнаул,2016,,5,130000,1,Не требует ремонта,Оригинал,,"бензин, 1.2 CVT (98 л.с.)",вариатор,передний,Правый,Хэтчбек 5 дв.,синий,https://avatars.avto.ru/get-autoru-vos/16743792/ab640a440722f6473786cfcccc32205b/1200x900,2026-09-22T05:50:17Z
Geely,Emgrand EC7,Geely Emgrand EC7,https://auto.ru/cars/used/sale/geely/emgrand_ec7/1133823028-39db64f9/,579000,Барнаул,2013,,5,198000,4,Не требует ремонта,Оригинал,,"бензин, 1.8 CVT (126 л.с.)",вариатор,передний,Левый,Седан,чёрный,https://avatars.avto.ru/get-autoru-vos/17640555/8fd65b70a813f19c1ba20fc60de4087c/1200x900,2026-09-22T05:50:17Z
Toyota,Corolla,"Toyota Corolla IX (E120, E130)",https://auto.ru/cars/used/sale/toyota/corolla/1133906403-4998a806/,449000,Барнаул,2001,,5,270000,4,Не требует ремонта,Дубликат,,"бензин, 1.5 MT (110 л.с.)",механическая,передний,Правый,Седан,серебристый,https://photo.auto.ru/photo/get-autoru-vos/2074086/3JDSQBpMQ8-N5UPpNBOtEQ1uUARBKZZ80NriFmDqmGwLaTZop6Xs_5804MlRsRMhFOQDZlNMoVxmZeMkN4xtSGkbjPXRaZkMjzrpdz4EDZ3lmIODVwK1xOKDyPa6sGQ49BSof0j2Oal_UbRQK83bO5UaamQe-HmkatQuPPiRKy0njwM/1200x900,2026-09-22T05:50:17Z
Nissan,Teana,Nissan Teana II (J32) Рестайлинг,https://auto.ru/cars/used/sale/nissan/teana/1134151309-e34e7cae/,1449000,Барнаул,2012,,5,328000,4,Не требует ремонта,Дубликат,,"бензин, 2.5 CVT (167 л.с.) 4WD",вариатор,полный,Левый,Седан,серебристый,https://photo.auto.ru/photo/get-autoru-vos/20172247/XZk2YWaDJ8JEeo6b-PkVSIipEj-C5qrhQtKknu7b6ld61zo7YrSI4zANwO55l1_89Nmt24OyThgIC3WbpbnAlrvuayFliPowJ-2vBkwIacgXp7ZSrs4Ks2_dgd2-f94MLxQtsmt12__7uT-jjOgaun1kOMn_E0uPZmkhL2W8XYOX1y0/1200x900,2026-09-22T05:50:17Z
Toyota,Camry,Toyota Camry VI (XV40) Рестайлинг,https://auto.ru/cars/used/sale/toyota/camry/1134116799-52d7f903/,1299000,Барнаул,2011,,5,283000,4,Не требует ремонта,Оригинал,,"бензин, 2.4 AT (167 л.с.)",автоматическая,передний,Левый,Седан,чёрный,https://avatars.avto.ru/get-autoru-vos/19063053/6501d7682a4b5cad5207a441b91cfe16/1200x900,2026-09-22T05:50:17Z
Lada (ВАЗ),Vesta,Lada (ВАЗ) Vesta I,https://auto.ru/cars/used/sale/vaz/vesta/1134147786-e0aae6d3/,1249000,Барнаул,2021,,5,63500,2,Не требует ремонта,Оригинал,,"бензин, 1.6 MT (106 л.с.)",механическая,передний,Левый,Седан,красный,https://avatars.avto.ru/get-autoru-vos/20140694/f3d3850959cb8d27cfd88f5af7474e31/1200x900,2026-09-22T05:50:17Z
Lada (ВАЗ),Granta,Lada (ВАЗ) Granta I,https://auto.ru/cars/used/sale/vaz/granta/1134143608-ea161291/,349000,Барнаул,2013,,5,63000,2,Не требует ремонта,Оригинал,,"бензин, 1.6 MT (87 л.с.)",механическая,передний,Левый,Седан,красный,https://photo.auto.ru/photo/get-autoru-vos/20341802/uzk-T1s7hAEg-R2ujshoaPnXcNR92beWfa4SS7iWajCC6kjEFIekdc2pZJAQFfwxR734FCwdf6VTyIjFZACwFavwE5HTN9NQHKoLckImohaf86Yann5sHjFf-Eqhv42scEHKEi6UWuPAa6JQfnNUgchCESEG2BQPZm0Z8ctvC6kkGaY/1200x900,2026-09-22T05:50:17Z
Toyota,Mark II,Toyota Mark II IX (X110),https://auto.ru/cars/used/sale/toyota/mark_ii/1134118792-1b8e58b2/,869000,Барнаул,2003,,5,330000,4,Не требует ремонта,Оригинал,,"бензин, 2.5 AT (200 л.с.)",автоматическая,задний,Правый,Седан,серебристый,https://avatars.avto.ru/get-autoru-vos/20331633/6ba2fc8c12d52c6de300357de91e0ce3/1200x900,2026-09-22T05:50:17Z
Lada (ВАЗ),Niva Legend,Lada (ВАЗ) Niva Legend I,https://auto.ru/cars/used/sale/vaz/niva_legend/1133383195-23f4b21a/,939000,Барнаул,2024,,4,14000,1,Не требует ремонта,Оригинал,Люкс,"бензин, 1.7 MT (83 л.с.) 4WD",механическая,полный,Левый,Внедорожник 3 дв.,зелёный,https://avatars.avto.ru/get-autoru-vos/20193191/15c5141e4b29601a17138d70ea2b708e/1200x900,2026-09-22T05:50:17Z
Nissan,Note,Nissan Note II Рестайлинг,https://auto.ru/cars/used/sale/nissan/note/1134029757-5243b6d8/,1099000,Барнаул,2020,,5,33500,1,Не требует ремонта,Оригинал,,"бензин, 1.2 CVT (79 л.с.)",вариатор,передний,Правый,Хэтчбек 5 дв.,серебристый,https://avatars.avto.ru/get-autoru-vos/3918906/31d4ea93b7cb9d8d993b0752564a1873/1200x900,2026-09-22T05:50:17Z
Ford,Focus,Ford Focus III,https://auto.ru/cars/used/sale/ford/focus/1133836051-a8926c29/,809000,Барнаул,2013,,5,240200,3,Не требует ремонта,Оригинал,,"бензин, 1.6 AMT (125 л.с.)",робот,передний,Левый,Универсал 5 дв.,серебристый,https://avatars.avto.ru/get-autoru-vos/17712067/7c4b2c2f72990a62de235d82e8c66d3e/1200x900,2026-09-22T05:50:17Z
Toyota,Corolla,"Toyota Corolla IX (E120, E130) Рестайлинг",https://auto.ru/cars/used/sale/toyota/corolla/1133850570-3c26c6a3/,729000,Барнаул,2006,,5,235000,4,Не требует ремонта,Дубликат,,"бензин, 1.6 AT (110 л.с.)",автоматическая,передний,Левый,Седан,голубой,https://avatars.avto.ru/get-autoru-vos/20200701/73348be812c3a48afcd1f604030d3447/1200x900,2026-09-22T05:50:17Z
Lada (ВАЗ),Granta,Lada (ВАЗ) Granta I Рестайлинг,https://auto.ru/cars/used/sale/vaz/granta/1133989798-65295566/,719000,Барнаул,2020,,5,82500,2,Не требует ремонта,Оригинал,,"бензин, 1.6 MT (106 л.с.)",механическая,передний,Левый,Лифтбек,серебристый,https://avatars.avto.ru/get-autoru-vos/4710094/20954420d580a55dcd21687d1006ca10/1200x900,2026-09-22T05:50:17Z
Ford,Fusion,Ford Fusion I Рестайлинг,https://auto.ru/cars/used/sale/ford/fusion/1134147789-880946b8/,399000,Барнаул,2007,,5,178000,4,Не требует ремонта,Дубликат,,"бензин, 1.4 AMT (80 л.с.)",робот,передний,Левый,Хэтчбек 5 дв.,красный,https://avatars.avto.ru/get-autoru-vos/21177414/1473258f332f64563526c0030552ca40/1200x900,2026-09-22T05:50:17Z
Toyota,Vitz,Toyota Vitz III (XP130) Рестайлинг 2,https://auto.ru/cars/used/sale/toyota/vitz/1132942402-a0347a91/,1199000,Барнаул,2019,,5,28400,1,Не требует ремонта,Оригинал,,"бензин, 1.3 CVT (99 л.с.)",вариатор,передний,Правый,Хэтчбек 5 дв.,серебристый,https://photo.auto.ru/photo/get-autoru-vos/18408326/ssBMAha3gxJH0vbPUWcCYzCSnp88oDB39zBSGLZy6yauvNrtHKXHFjljsKYYAeDhBIJTny3hhCJzUn3soOs1yb0ybxwIgjbWvT-8sSqfkJbUKkY_2uy8QtyPfORLIL_kRVXAfzD-fj3hiUCnXhcvZMtDEoNR-8wDcd3TjD7QsLiw5VQ/1200x900,2026-09-22T05:50:17Z
Opel,Astra,Opel Astra J,https://auto.ru/cars/used/sale/opel/astra/1134026799-c92267f3/,649000,Барнаул,2012,,5,176000,1,Не требует ремонта,Оригинал,,"бензин, 1.4 AT (140 л.с.)",автоматическая,передний,Левый,Хэтчбек 5 дв.,красный,https://avatars.avto.ru/get-autoru-vos/6031413/d7585251b11b2617ceb268eba7cfafa2/1200x900,2026-09-22T05:50:17Z
Toyota,Corolla,"Toyota Corolla AMT X (E140, E150)",https://auto.ru/cars/used/sale/toyota/corolla/1133382326-53a51891/,709000,Барнаул,2008,,5,190400,4,Не требует ремонта,Дубликат,Комфорт,"бензин, AMT 1.6 AMT (124 л.с.)",робот,передний,Левый,Седан,красный,https://avatars.avto.ru/get-autoru-vos/14637477/ffe94b01ffdaf25adebdc04e1f3cda28/1200x900,2026-09-22T05:50:17Z
Volkswagen,Polo,Volkswagen Polo V,https://auto.ru/cars/used/sale/volkswagen/polo/1133824177-3710faa2/,609000,Барнаул,2012,,5,315000,4,Не требует ремонта,Дубликат,,"бензин, 1.6 AT (105 л.с.)",автоматическая,передний,Левый,Седан,серый,https://avatars.avto.ru/get-autoru-vos/21074985/ffc878271304ebefd18ac3b1d3aacfe4/1200x900,2026-09-22T05:50:17Z
Volkswagen,Polo,Volkswagen Polo V Рестайлинг,https://auto.ru/cars/used/sale/volkswagen/polo/1133892284-a7cbf9ea/,909000,Барнаул,2015,,5,207000,3,Не требует ремонта,Оригинал,,"бензин, 1.6 AT (105 л.с.)",автоматическая,передний,Левый,Седан,чёрный,https://avatars.avto.ru/get-autoru-vos/20180167/a1df020bedb30b48aa4c88acb71f494d/1200x900,2026-09-22T05:50:17Z
Lada (ВАЗ),Granta,Lada (ВАЗ) Granta I Рестайлинг,https://auto.ru/cars/used/sale/vaz/granta/1133804637-16c5ad01/,599000,Барнаул,2019,,5,104700,2,Не требует ремонта,Оригинал,,"бензин, 1.6 MT (87 л.с.)",механическая,передний,Левый,Седан,серебристый,https://avatars.avto.ru/get-autoru-vos/17683531/5fd9fac5995d57a080de7b11028ea3f7/1200x900,2026-09-22T05:50:17Z
Subaru,Impreza,Subaru Impreza II Рестайлинг 2,https://auto.ru/cars/used/sale/subaru/impreza/1132991921-869698f7/,549000,Барнаул,2005,,5,251000,4,Не требует ремонта,Дубликат,,"бензин, 1.5 AT (100 л.с.)",автоматическая,передний,Правый,Универсал 5 дв.,красный,https://avatars.avto.ru/get-autoru-vos/18105905/ea265a9084a825688a583defb002fe0b/1200x900,2026-09-22T05:50:17Z
Lada (ВАЗ),Granta,Lada (ВАЗ) Granta I Рестайлинг,https://auto.ru/cars/used/sale/vaz/granta/1133825546-98ab4804/,569000,Барнаул,2018,,5,91000,1,Не требует ремонта,Оригинал,,"бензин, 1.6 MT (87 л.с.)",механическая,передний,Левый,Седан,белый,https://avatars.avto.ru/get-autoru-vos/19700919/e46af639e6051d7afa1e6483f2d4f682/1200x900,2026-09-22T05:50:17Z
Hyundai,Solaris,Hyundai Solaris II,https://auto.ru/cars/used/sale/hyundai/solaris/1134214878-4eae36a9/,1359000,Барнаул,2018,,5,152000,1,Не требует ремонта,Оригинал,,"бензин, 1.6 AT (123 л.с.)",автоматическая,передний,Левый,Седан,оранжевый,https://avatars.avto.ru/get-autoru-vos/20997557/35e88fdf998ab8847ce0c46cfb83920c/1200x900,2026-09-22T05:50:17Z
Lada (ВАЗ),Vesta,Lada (ВАЗ) Vesta SW I,https://auto.ru/cars/used/sale/vaz/vesta/1133156015-920ae304/,1069000,Барнаул,2021,,5,145000,1,Не требует ремонта,Оригинал,Comfort Winter EnjoY,"бензин, SW 1.6 MT (106 л.с.)",механическая,передний,Левый,Универсал 5 дв. SW,синий,https://avatars.avto.ru/get-autoru-vos/13922065/0e8802b74cce1e0913e2396dfba55376/1200x900,2026-09-22T05:50:17Z
Volkswagen,Polo,Volkswagen Polo VI,https://auto.ru/cars/used/sale/volkswagen/polo/1132617691-c948eb15/,1849000,Барнаул,2022,,5,64000,3,Не требует ремонта,Оригинал,Respect,"бензин, 1.6 AT (110 л.с.)",автоматическая,передний,Левый,Лифтбек,коричневый,https://avatars.avto.ru/get-autoru-vos/17969032/038d09efdf3e061ff5826b036c202aba/1200x900,2026-09-22T05:50:17Z
Nissan,Leaf,Nissan Leaf (EM61) I (ZE0/AZE0),https://auto.ru/cars/used/sale/nissan/leaf/1133411747-2d39f09b/,699000,Барнаул,2011,,5,112000,3,Не требует ремонта,Оригинал,,"электро, (EM61) Electro AT (80.0 кВт)",автоматическая,передний,Правый,Хэтчбек 5 дв.,чёрный,https://avatars.avto.ru/get-autoru-vos/20369579/09d1a876ae2217138b79d4ea8711966e/1200x900,2026-09-22T05:50:17Z
Lada (ВАЗ),2121 (4x4),Lada (ВАЗ) 2121 (4x4) I Рестайлинг,https://auto.ru/cars/used/sale/vaz/2121/1133989800-0de89b01/,659000,Барнаул,2014,,4,46000,1,Не требует ремонта,Оригинал,,"бензин, 1.7 MT (83 л.с.) 4WD",механическая,полный,Левый,Внедорожник 3 дв.,белый,https://photo.auto.ru/photo/get-autoru-vos/1973880/nxrtgj9BcW_cxP5M5zY40C0y9jGxVSWeSBWHA-e_XWoi4N0CYHsurHD2bJv1RCcWpgCEz060KgJwltGsxYhhjih6OPOQG2M83EWs0SMi6ZSUs6h8OV7FVBUJ_jJilwOzq66ITUzS3E6cmmTrFyIpcaYYqmjdtPpp5y2OKB4idpw9P0w/1200x900,2026-09-22T05:50:17Z
Hyundai,Solaris,Hyundai Solaris I,https://auto.ru/cars/used/sale/hyundai/solaris/1133731450-13c7a40f/,1099000,Барнаул,2014,,5,28000,1,Не требует ремонта,Оригинал,,"бензин, 1.6 AT (123 л.с.)",автоматическая,передний,Левый,Седан,синий,https://avatars.avto.ru/get-autoru-vos/20680164/06a84381b38a2568d295af17cf9cd33a/1200x900,2026-09-22T05:50:17Z
Volkswagen,Passat,Volkswagen Passat B7,https://auto.ru/cars/used/sale/volkswagen/passat/1133696157-58d16aad/,1089000,Кемерово,2013,,5,150000,1,Не требует ремонта,Оригинал,,"бензин, 1.4 AMT (122 л.с.)",робот,передний,Правый,Седан,серебристый,https://avatars.avto.ru/get-autoru-vos/18005086/c3fce9cd4e5ed8576631069478280239/1200x900,2026-09-22T05:50:20Z
Toyota,Corolla,"Toyota Corolla X (E140, E150)",https://auto.ru/cars/used/sale/toyota/corolla/1133519742-2aa16da8/,699000,Кемерово,2007,,5,350000,1,Не требует ремонта,Оригинал,,"бензин, 1.6 AT (124 л.с.)",автоматическая,передний,Левый,Седан,синий,https://avatars.avto.ru/get-autoru-vos/20673651/76aa0e88c03fc1029c3f7e1191be6a84/1200x900,2026-09-22T05:50:20Z
Москвич,3,Москвич 3,https://auto.ru/cars/used/sale/moscvich/3/1132888157-cdd1d98b/,1799000,Кемерово,2024,,5,6000,1,Не требует ремонта,Оригинал,РУ Стандарт плюс,"бензин, 1.5 CVT (136 л.с.)",вариатор,передний,Левый,Внедорожник 5 дв.,серебристый,https://avatars.avto.ru/get-autoru-vos/15548469/963eecd952652f559382dc07ace22769/1200x900,2026-09-22T05:50:20Z
Honda,Fit Shuttle,Honda Fit Shuttle I Рестайлинг,https://auto.ru/cars/used/sale/honda/fit_shuttle/1130708660-7fe3885a/,1099000,Кемерово,2014,,5,120000,1,Не требует ремонта,Оригинал,,"гибрид, 1.3hyb CVT (88 л.с.)",вариатор,передний,Правый,Универсал 5 дв.,серебристый,https://avatars.avto.ru/get-autoru-vos/5235686/287e31192967598d6709f4729e80e421/1200x900,2026-09-22T05:50:20Z
Kia,Ceed,Kia Ceed I,https://auto.ru/cars/used/sale/kia/ceed/1133887570-b07b60e5/,599000,Кемерово,2008,,5,250000,4,Не требует ремонта,Дубликат,,"бензин, 1.6 AT (122 л.с.)",автоматическая,передний,Левый,Универсал 5 дв.,золотистый,https://avatars.avto.ru/get-autoru-vos/18621059/a38dd13a5c39ac307221f1a6117aa1cd/1200x900,2026-09-22T05:50:20Z
Honda,Shuttle,Honda Shuttle II,https://auto.ru/cars/used/sale/honda/shuttle/1133948308-ca96382a/,1299000,Кемерово,2019,,5,114400,1,Не требует ремонта,Оригинал,,"гибрид, 1.5hyb AMT (110 л.с.)",робот,передний,Правый,Универсал 5 дв.,белый,https://photo.auto.ru/photo/get-autoru-vos/18049305/P1MgTUdGwH1Cj_aVJjC9i1puojkAXekcu9ltTPZzNtCJUSO8CqogOclfIi6iexPlZ9b0cZHMWZ1BMHpBSbXe0bhkYBsLTjAZQBj719NLOx4ZKAJcKUJk0k7gtLneCgkDHi2He-0N2exThESSDWu8TKiUGFxvwdlCwDkmm_UzQa_kZ4w/1200x900,2026-09-22T05:50:20Z
Lada (ВАЗ),Granta,Lada (ВАЗ) Granta I Рестайлинг,https://auto.ru/cars/used/sale/vaz/granta/1133846437-61e05c93/,799000,Кемерово,2024,,5,42671,2,Не требует ремонта,Оригинал,,"бензин, 1.6 MT (106 л.с.)",механическая,передний,Левый,Седан,серебристый,https://avatars.avto.ru/get-autoru-vos/5517881/8ef29f179cce3206f744ed0e2d0dfc33/1200x900,2026-09-22T05:50:20Z
Chevrolet,Cruze,Chevrolet Cruze I,https://auto.ru/cars/used/sale/chevrolet/cruze/1133832309-09a7a040/,659000,Кемерово,2012,,5,211772,4,Не требует ремонта,Дубликат,,"бензин, 1.8 MT (141 л.с.)",механическая,передний,Левый,Хэтчбек 5 дв.,чёрный,https://photo.auto.ru/photo/get-autoru-vos/2029491/o8BVnw7Zmnzpu1KJSclMth-eTDamUh_3c9tzLQxHQoSblflXpv7TIY5m2SCShsTHuINVPdmSLftWMZaOdfNu60rRV-wVHeOJq9JM2sYe6OumfxjTYAEw9h7_-OoEo8_ZYlmGMe_7styIT2zC3MhxvNMFxZ58BTV4FmsnmzizVAitmkM/1200x900,2026-09-22T05:50:20Z
Hyundai,Solaris,Hyundai Solaris II,https://auto.ru/cars/used/sale/hyundai/solaris/1133989792-d1b2b09d/,949000,Кемерово,2017,,5,218300,2,Не требует ремонта,Оригинал,,"бензин, 1.4 MT (100 л.с.)",механическая,передний,Левый,Седан,серебристый,https://avatars.avto.ru/get-autoru-vos/17640555/a8bda1f16f0f7a9ab1ab28268366fd97/1200x900,2026-09-22T05:50:20Z
Kia,Rio,Kia Rio IV,https://auto.ru/cars/used/sale/kia/rio/1133959689-bb967b18/,1359000,Кемерово,2019,,5,106000,1,Не требует ремонта,Оригинал,,"бензин, 1.6 AT (123 л.с.)",автоматическая,передний,Левый,Седан,серебристый,https://avatars.avto.ru/get-autoru-vos/20770109/29712e90e5152fc81dd83951b74546b8/1200x900,2026-09-22T05:50:20Z
Opel,Astra,Opel Astra GTC J Рестайлинг,https://auto.ru/cars/used/sale/opel/astra/1133984544-4c88c04a/,707130,Кемерово,2012,,5,191000,4,Не требует ремонта,Оригинал,,"бензин, GTC 1.8 MT (140 л.с.)",механическая,передний,Левый,Хэтчбек 3 дв. GTC,серебристый,https://avatars.avto.ru/get-autoru-vos/20392446/062c1d54d39255d88922ba1237e4db8a/1200x900,2026-09-22T05:50:20Z
Toyota,Wish,Toyota Wish II,https://auto.ru/cars/used/sale/toyota/wish/1133551348-a83531e2/,1199000,Кемерово,2011,,6,183389,2,Не требует ремонта,Оригинал,,"бензин, 1.8 CVT (144 л.с.)",вариатор,передний,Правый,Минивэн,белый,https://avatars.avto.ru/get-autoru-vos/2112413/b0da45275ce97e6c5b0fd6ac44225e7a/1200x900,2026-09-22T05:50:20Z
Changan,CS75 Plus,Changan CS75 Plus I Рестайлинг,https://auto.ru/cars/used/sale/changan/cs75plus/1133159733-0b15edbd/,2199000,Кемерово,2023,,5,37068,1,Не требует ремонта,Оригинал,Luxury,"бензин, 1.5 AT (167 л.с.)",автоматическая,передний,Левый,Внедорожник 5 дв.,чёрный,https://avatars.avto.ru/get-autoru-vos/20035467/801d7a0d023da1fe0ec0aa734c357ad5/1200x900,2026-09-22T05:50:20Z
Nissan,X-Trail,Nissan X-Trail II Рестайлинг,https://auto.ru/cars/used/sale/nissan/x_trail/1134065094-f1d97f19/,1378015,Кемерово,2013,,5,214000,3,Не требует ремонта,Оригинал,,"бензин, 2.0 CVT (141 л.с.) 4WD",вариатор,полный,Левый,Внедорожник 5 дв.,серый,https://avatars.avto.ru/get-autoru-vos/2165557/e35fcfdca21857cae1568c0485473434/1200x900,2026-09-22T05:50:20Z
Lada (ВАЗ),Niva Travel,Lada (ВАЗ) Niva Travel I,https://auto.ru/cars/used/sale/vaz/niva_travel/1134003355-160de6b3/,1082515,Кемерово,2024,,5,32000,1,Не требует ремонта,Оригинал,,"бензин, 1.7 MT (83 л.с.) 4WD",механическая,полный,Левый,Внедорожник 5 дв.,белый,https://avatars.avto.ru/get-autoru-vos/2167142/7b29a246d4b138d5b01d5ccc1a3f291d/1200x900,2026-09-22T05:50:20Z
Nissan,AD,Nissan AD II,https://auto.ru/cars/used/sale/nissan/ad/1133601396-a28dd5b4/,329000,Кемерово,2006,,5,372000,4,Не требует ремонта,Оригинал,,"бензин, 1.3 AT (90 л.с.)",автоматическая,передний,Правый,Универсал 5 дв.,белый,https://avatars.avto.ru/get-autoru-vos/20291570/37199712c9d2efa1cac3cb7d12aa86e5/1200x900,2026-09-22T05:50:20Z
Nissan,Juke,Nissan Juke I,https://auto.ru/cars/used/sale/nissan/juke/1133801059-0c9038ea/,959000,Кемерово,2013,,5,139018,4,Не требует ремонта,Оригинал,,"бензин, 1.6 CVT (117 л.с.)",вариатор,передний,Левый,Внедорожник 5 дв.,фиолетовый,https://avatars.avto.ru/get-autoru-vos/4520264/e01738c2a031ec0d7c664766876268ce/1200x900,2026-09-22T05:50:20Z
Honda,CR-V,Honda CR-V II,https://auto.ru/cars/used/sale/honda/cr_v/1133906396-e6ea84c6/,579000,Кемерово,2003,,5,232000,4,Не требует ремонта,Дубликат,,"бензин, 2.0 AT (158 л.с.)",автоматическая,передний,Правый,Внедорожник 5 дв.,серый,https://avatars.avto.ru/get-autoru-vos/2164969/4b52d37f61482545d495ffa98aa4d5ca/1200x900,2026-09-22T05:50:20Z
Toyota,Ractis,Toyota Ractis II,https://auto.ru/cars/used/sale/toyota/ractis/1133836908-96c85646/,885515,Кемерово,2014,,5,121600,1,Не требует ремонта,Оригинал,,"бензин, 1.3 CVT (99 л.с.)",вариатор,передний,Правый,Хэтчбек 5 дв.,фиолетовый,https://photo.auto.ru/photo/get-autoru-vos/3918906/RSUESb2peIgUEtFI89NvubHGA5S9pWwIotltU3t9iF6q88p37D-RFvk7i4vTjvKXQwZTbac12rbE41M6rqQmGcAvP_CW3w0PJEwc4LBLro65VtIYz33slbaVKoDec_BGx6kuBiPwZaJa432KTbSrHLcrjYohQCYGl_LM2Si4dYxs5jI/1200x900,2026-09-22T05:50:20Z
Nissan,Juke,Nissan Juke I,https://auto.ru/cars/used/sale/nissan/juke/1133665028-c08f2021/,1049000,Кемерово,2013,,5,135000,4,Не требует ремонта,Дубликат,,"бензин, 1.6 CVT (117 л.с.)",вариатор,передний,Левый,Внедорожник 5 дв.,коричневый,https://avatars.avto.ru/get-autoru-vos/1686981/a830740fbbd9529bef50e5819d8c52ae/1200x900,2026-09-22T05:50:20Z
Nissan,Tiida,Nissan Tiida Latio I,https://auto.ru/cars/used/sale/nissan/tiida/1133100476-92fe9fbd/,449000,Кемерово,2004,,5,124409,4,Не требует ремонта,Дубликат,,"бензин, Latio 1.5 AT (109 л.с.) 4WD",автоматическая,полный,Правый,Седан Latio,белый,https://avatars.avto.ru/get-autoru-vos/16277572/47bfa68ffb15a13ccb522a599a1e4878/1200x900,2026-09-22T05:50:20Z
Honda,Vezel,Honda Vezel I,https://auto.ru/cars/used/sale/honda/vezel/1134104545-6606143a/,1599000,Кемерово,2015,,5,70000,1,Не требует ремонта,Оригинал,,"бензин, 1.5 CVT (131 л.с.)",вариатор,передний,Правый,Внедорожник 5 дв.,серебристый,https://avatars.avto.ru/get-autoru-vos/13922065/ff2019d556c1bfb6fd24ec1bd1513e7f/1200x900,2026-09-22T05:50:20Z
Mazda,CX-5,Mazda CX-5 I,https://auto.ru/cars/used/sale/mazda/cx_5/1134046742-262b5310/,1476515,Кемерово,2013,,5,222000,4,Не требует ремонта,Дубликат,,"бензин, 2.0 AT (150 л.с.)",автоматическая,передний,Левый,Внедорожник 5 дв.,серый,https://avatars.avto.ru/get-autoru-vos/2154938/781386ca0923dd52b00d7836880a9d2e/1200x900,2026-09-22T05:50:20Z
Nissan,Note,Nissan Note II Рестайлинг,https://auto.ru/cars/used/sale/nissan/note/1133780297-09fd74ce/,1049000,Кемерово,2017,,5,92000,2,Не требует ремонта,Оригинал,,"бензин, 1.2 CVT (79 л.с.) 4WD",вариатор,полный,Правый,Хэтчбек 5 дв.,белый,https://avatars.avto.ru/get-autoru-vos/4565503/9783bbc812666dc34d31e967a177c913/1200x900,2026-09-22T05:50:20Z
Mazda,CX-9,Mazda CX-9 II,https://auto.ru/cars/used/sale/mazda/cx_9/1134038477-0496d1b6/,2889000,Красноярск,2017,,7,144000,2,Не требует ремонта,Оригинал,,"бензин, 2.5 AT (231 л.с.) 4WD",автоматическая,полный,Левый,Внедорожник 5 дв.,коричневый,https://avatars.avto.ru/get-autoru-vos/20180167/013acdff1cd0cddd5ca38a90679a1d64/1200x900,2026-09-22T05:50:23Z
Daihatsu,Move,Daihatsu Move V Рестайлинг,https://auto.ru/cars/used/sale/daihatsu/move/1133826167-c848c6b3/,649000,Красноярск,2013,,4,99000,1,Не требует ремонта,Оригинал,,"бензин, 0.7 CVT (52 л.с.)",вариатор,передний,Правый,Микровэн,серебристый,https://avatars.avto.ru/get-autoru-vos/2039028/083c11c578a683d5b862b1d2ecef12a8/1200x900,2026-09-22T05:50:23Z
Toyota,Ipsum,Toyota Ipsum II (M20),https://auto.ru/cars/used/sale/toyota/ipsum/1133622857-8162c0d6/,799000,Красноярск,2003,,6,410000,2,Не требует ремонта,Оригинал,,"бензин, 2.4 AT (160 л.с.)",автоматическая,передний,Правый,Компактвэн,белый,https://avatars.avto.ru/get-autoru-vos/16135405/dcbd133007a576682dc4f1abe541e9ad/1200x900,2026-09-22T05:50:23Z
Chery,Tiggo 8 Pro Max,Chery Tiggo 8 Pro Max I,https://auto.ru/cars/used/sale/chery/tiggo_8_pro_max/1133452721-0a9d5735/,1959000,Красноярск,2022,,7,116512,1,Не требует ремонта,Оригинал,Dreamline,"бензин, 2.0 AMT (197 л.с.) 4WD",робот,полный,Левый,Внедорожник 5 дв.,чёрный,https://avatars.avto.ru/get-autoru-vos/20894132/bb16cff3709c431b6a925617ac81d49f/1200x900,2026-09-22T05:50:23Z
Ford,Focus,Ford Focus III Рестайлинг,https://auto.ru/cars/used/sale/ford/focus/1132670848-9ce951d1/,899000,Красноярск,2017,,5,102300,3,Не требует ремонта,Оригинал,SYNC Edition,"бензин, 1.6 AMT (105 л.с.)",робот,передний,Левый,Хэтчбек 5 дв.,синий,https://avatars.avto.ru/get-autoru-vos/20035467/b08b1784182ccdd2b63120d77b1973fc/1200x900,2026-09-22T05:50:23Z
Honda,Stepwgn,Honda Stepwgn IV,https://auto.ru/cars/used/sale/honda/stepwagon/1133762500-a91a1f59/,1249000,Красноярск,2010,,7,318525,2,Не требует ремонта,Оригинал,,"бензин, 2.0 CVT (150 л.с.)",вариатор,передний,Правый,Минивэн,чёрный,https://photo.auto.ru/photo/get-autoru-vos/18106725/UOqYqZn2ruYx018j1f3sqbUiF3eRWphOe6en81x33feKFbXx7s17ObCU56Dtg_DY0oKPexZ_KwIK3Hw-4JsyU83d4htiILYft3Qq8L0SKiwOeN9LIfQBxJ7maOzU8qCADCCw8CaJCSXpMEIOo54C4c6ip6IFbuPJsqweDBXxo_kMoQ/1200x900,2026-09-22T05:50:23Z
Kia,Mohave,Kia Mohave I Рестайлинг,https://auto.ru/cars/used/sale/kia/mohave/1134114631-afad1aed/,2999000,Красноярск,2018,,7,149285,1,Не требует ремонта,Оригинал,,"дизель, 3.0d AT (250 л.с.) 4WD",автоматическая,полный,Левый,Внедорожник 5 дв.,белый,https://avatars.avto.ru/get-autoru-vos/20997557/9c5cab047ef4a7edcbb24b46ed86a793/1200x900,2026-09-22T05:50:23Z
Mazda,CX-5,Mazda CX-5 I,https://auto.ru/cars/used/sale/mazda/cx_5/1133620844-4a88192e/,1649000,Красноярск,2012,,5,156000,2,Не требует ремонта,Оригинал,Active,"бензин, 2.0 AT (150 л.с.) 4WD",автоматическая,полный,Левый,Внедорожник 5 дв.,белый,https://avatars.avto.ru/get-autoru-vos/18006848/a05a3abde5280b57e4615685c34c41b0/1200x900,2026-09-22T05:50:23Z
Mitsubishi,L200,Mitsubishi L200 IV Рестайлинг,https://auto.ru/cars/used/sale/mitsubishi/l200/1133933289-9470d0c1/,1459000,Красноярск,2014,,5,316800,3,Не требует ремонта,Оригинал,,"дизель, 2.5d AT (136 л.с.) 4WD",автоматическая,полный,Левый,Пикап Двойная кабина,серый,https://avatars.avto.ru/get-autoru-vos/2166310/7dd4466fca81b3c79ef76f282622d605/1200x900,2026-09-22T05:50:23Z
Renault,Koleos,Renault Koleos I,https://auto.ru/cars/used/sale/renault/koleos/1133667510-a0f468c9/,759000,Красноярск,2008,,5,208914,4,Не требует ремонта,Оригинал,,"бензин, 2.5 CVT (171 л.с.) 4WD",вариатор,полный,Левый,Внедорожник 5 дв.,чёрный,https://photo.auto.ru/photo/get-autoru-vos/18046040/u2YViUqIv9PrQI6sBXBm_0u5-T_y1OFTeHGcMsQK0g8zpkcjayjyqmgxyrWIAC3uIab_0w7k5yxK0PTvj71lhZBqjb0__aO2Q08f09CrWHD5Fu89FO4M5QeZVIP1_YDAUdx39bdC3odPXmYl9j4aadgDutSDhnaTbLDqpuIEf-S-ew/1200x900,2026-09-22T05:50:23Z
Lada (ВАЗ),Vesta,Lada (ВАЗ) Vesta SW I,https://auto.ru/cars/used/sale/vaz/vesta/1125511718-458cecd0/,749000,Красноярск,2018,,5,83000,3,Не требует ремонта,Оригинал,Comfort Image (2017-2019),"бензин, SW 1.8 AMT (122 л.с.)",робот,передний,Левый,Универсал 5 дв. SW,серый,https://avatars.avto.ru/get-autoru-vos/16446884/4aa490816db9c3fdbcea4b541adc9b41/1200x900,2026-09-22T05:50:23Z
Suzuki,Escudo,Suzuki Escudo III,https://auto.ru/cars/used/sale/suzuki/escudo/1133296715-c0844eff/,849000,Красноярск,2008,,5,152339,2,Не требует ремонта,Оригинал,,"бензин, 2.4 MT (166 л.с.) 4WD",механическая,полный,Правый,Внедорожник 5 дв.,чёрный,https://avatars.avto.ru/get-autoru-vos/20191207/99b61e1397566def159e775118895572/1200x900,2026-09-22T05:50:23Z
Suzuki,Grand Vitara,Suzuki Grand Vitara II Рестайлинг,https://auto.ru/cars/used/sale/suzuki/grand_vitara/1133920016-b94a8086/,1049000,Красноярск,2010,,5,213000,2,Не требует ремонта,Оригинал,,"бензин, 2.4 MT (169 л.с.) 4WD",механическая,полный,Левый,Внедорожник 5 дв.,чёрный,https://avatars.avto.ru/get-autoru-vos/18143138/297ab9a765c6d3eeb68a2cdaa4c634a7/1200x900,2026-09-22T05:50:23Z
Honda,Freed,Honda Freed I Рестайлинг,https://auto.ru/cars/used/sale/honda/freed/1133622854-5b8590bb/,1299000,Красноярск,2014,,6,92000,1,Не требует ремонта,Оригинал,,"бензин, 1.5 CVT (118 л.с.)",вариатор,передний,Правый,Компактвэн,белый,https://avatars.avto.ru/get-autoru-vos/16793145/1fc03150e124da5277c1f8758ecaf131/1200x900,2026-09-22T05:50:23Z
Honda,Freed,Honda Freed I Рестайлинг,https://auto.ru/cars/used/sale/honda/freed/1133622856-d5a69117/,999000,Красноярск,2012,,6,142000,2,Не требует ремонта,Оригинал,,"бензин, 1.5 CVT (118 л.с.)",вариатор,передний,Правый,Компактвэн,чёрный,https://avatars.avto.ru/get-autoru-vos/16838867/ba6f464d6f4b95d99f2dcc3275f91ed9/1200x900,2026-09-22T05:50:23Z
Toyota,Land Cruiser,Toyota Land Cruiser 200 Series Рестайлинг 1,https://auto.ru/cars/used/sale/toyota/land_cruiser/1133697278-5fd75a27/,3799000,Красноярск,2012,,7,185000,3,Не требует ремонта,Оригинал,,"бензин, 4.6 AT (309 л.с.) 4WD",автоматическая,полный,Левый,Внедорожник 5 дв.,серебристый,https://avatars.avto.ru/get-autoru-vos/20507677/0a41128e3c5d65e0982fad0b047656b3/1200x900,2026-09-22T05:50:23Z
Jetour,Dashing,Jetour Dashing I,https://auto.ru/cars/used/sale/jetour/dashing/1134167068-f929183d/,1949000,Красноярск,2023,,5,19200,1,Не требует ремонта,Оригинал,,"бензин, 1.5 AMT (147 л.с.)",робот,передний,Левый,Внедорожник 5 дв.,белый,https://avatars.avto.ru/get-autoru-vos/20606978/acaa7341678bd17b4c29a71f571c90b3/1200x900,2026-09-22T05:50:23Z
Honda,Freed,Honda Freed Spike I Рестайлинг,https://auto.ru/cars/used/sale/honda/freed/1133955435-7e6056bd/,1009000,Красноярск,2011,,5,175906,1,Не требует ремонта,Оригинал,,"бензин, Spike 1.5 CVT (118 л.с.)",вариатор,передний,Правый,Компактвэн Spike,синий,https://avatars.avto.ru/get-autoru-vos/2162551/c63666c8d850bde067a73386e71dfd07/1200x900,2026-09-22T05:50:23Z
Renault,Koleos,Renault Koleos I Рестайлинг 2,https://auto.ru/cars/used/sale/renault/koleos/1131812347-16ddc3fd/,999000,Красноярск,2014,,5,158500,2,Не требует ремонта,Оригинал,Bose® Edition,"бензин, 2.5 CVT (171 л.с.) 4WD",вариатор,полный,Левый,Внедорожник 5 дв.,коричневый,https://avatars.avto.ru/get-autoru-vos/17973312/af867873850c5ab55f5d2e4ffe75eca5/1200x900,2026-09-22T05:50:23Z
Toyota,Roomy,Toyota Roomy I Рестайлинг,https://auto.ru/cars/used/sale/toyota/roomy/1134216043-9eadc80e/,939000,Красноярск,2022,,5,109701,2,Не требует ремонта,Оригинал,,"бензин, 1.0 CVT (69 л.с.)",вариатор,передний,Правый,Микровэн,белый,https://avatars.avto.ru/get-autoru-vos/20104625/57fc1b52e5c4a498b2d3c3b58e1663b6/1200x900,2026-09-22T05:50:23Z
Mercedes-Benz,V-Класс,Mercedes-Benz V-Класс Long 250 d длинный III (W447),https://auto.ru/cars/used/sale/mercedes/v_klasse/1132906403-e2dd874d/,4099000,Красноярск,2018,,6,120000,4,Не требует ремонта,Дубликат,,"дизель, 250 d длинный 2.1d AT (190 л.с.) 4WD",автоматическая,полный,Левый,Минивэн Long,чёрный,https://photo.auto.ru/photo/get-autoru-vos/16872780/3RFZlcHq3iFfhlmeIxBXBa2mxACZ8s5z2Qwm9Mw-Xp6mpjSJQqH7h79LkA0plsMObh8Pw3kq8FKT4NwmqK1x7nIrEWvozXzQDOjg4wGyJ1gZpXwhL2RRNBz9PiQrXBU6IwRlbfo_iV9j0ljUJ84o63dGxsxx0OP9UJush_OgbT1cuw/1200x900,2026-09-22T05:50:23Z
Changan,UNI-S,Changan UNI-S I,https://auto.ru/cars/used/sale/changan/uni_s/1133773413-e82c85b4/,2549000,Красноярск,2024,,5,9693,1,Не требует ремонта,Оригинал,,"бензин, 1.5 AMT (181 л.с.)",робот,передний,Левый,Внедорожник 5 дв.,серебристый,https://avatars.avto.ru/get-autoru-vos/17713999/73632dead394310cb41d185e338562f7/1200x900,2026-09-22T05:50:23Z
Honda,Vezel,Honda Vezel I,https://auto.ru/cars/used/sale/honda/vezel/1133011025-2caf7503/,1599000,Красноярск,2017,,5,61000,1,Не требует ремонта,Оригинал,,"бензин, 1.5 CVT (131 л.с.) 4WD",вариатор,полный,Правый,Внедорожник 5 дв.,чёрный,https://avatars.avto.ru/get-autoru-vos/20394542/19dcfccab7bf24960220c0b5eb51757b/1200x900,2026-09-22T05:50:23Z
Hyundai,Creta,Hyundai Creta I,https://auto.ru/cars/used/sale/hyundai/creta/1133358545-90533006/,949000,Красноярск,2016,,5,118000,4,Не требует ремонта,Дубликат,Comfort,"бензин, 1.6 MT (123 л.с.)",механическая,передний,Левый,Внедорожник 5 дв.,синий,https://avatars.avto.ru/get-autoru-vos/19785726/6273dfa287eb978c3455e101ce6d80f8/1200x900,2026-09-22T05:50:23Z
Hyundai,Tucson,Hyundai Tucson III Рестайлинг,https://auto.ru/cars/used/sale/hyundai/tucson/1132182088-29326e80/,1849000,Красноярск,2019,,5,207500,1,Не требует ремонта,Оригинал,Family,"бензин, 2.4 AT (184 л.с.) 4WD",автоматическая,полный,Левый,Внедорожник 5 дв.,коричневый,https://avatars.avto.ru/get-autoru-vos/20036242/044e3c9a69302cf5432039d52bdb60f0/1200x900,2026-09-22T05:50:23Z
Honda,Freed,Honda Freed I,https://auto.ru/cars/used/sale/honda/freed/1133263323-615b65aa/,699000,Красноярск,2009,,5,230000,1,Не требует ремонта,Оригинал,,"бензин, 1.5 CVT (118 л.с.)",вариатор,передний,Правый,Компактвэн,чёрный,https://avatars.avto.ru/get-autoru-vos/21074985/114b1affd18d136ab3edbe04027d0ed6/1200x900,2026-09-22T05:50:23Z
BMW,1 серии,BMW 1 серии 118i III (F40),https://auto.ru/cars/used/sale/bmw/1er/1133386032-ce24a8b7/,1579000,Красноярск,2021,,5,91100,1,Не требует ремонта,Оригинал,,"бензин, 118i 1.5 AMT (140 л.с.)",робот,передний,Правый,Хэтчбек 5 дв.,белый,https://avatars.avto.ru/get-autoru-vos/17410390/d82fad45d807037603af1d3ed2a95da9/1200x900,2026-09-22T05:50:23Z
Toyota,Ractis,Toyota Ractis II,https://auto.ru/cars/used/sale/toyota/ractis/1132914683-9d8ffb1c/,799000,Красноярск,2015,,5,205000,2,Не требует ремонта,Оригинал,,"бензин, 1.3 CVT (99 л.с.)",вариатор,передний,Правый,Хэтчбек 5 дв.,серебристый,https://avatars.avto.ru/get-autoru-vos/20309075/d712cd10be89f8caf3974effa493fb8e/1200x900,2026-09-22T05:50:23Z
Mercedes-Benz,C-Класс,Mercedes-Benz C-Класс 180 IV (W205),https://auto.ru/cars/used/sale/mercedes/c_klasse/1133773412-e1c28650/,1969000,Красноярск,2015,,5,95000,1,Не требует ремонта,Оригинал,,"бензин, 180 1.6 AT (156 л.с.)",автоматическая,задний,Левый,Седан,белый,https://avatars.avto.ru/get-autoru-vos/5546503/7aa14e58b571bb66dbb698ea9440f63e/1200x900,2026-09-22T05:50:23Z
Volkswagen,Jetta,Volkswagen Jetta VI Рестайлинг,https://auto.ru/cars/used/sale/volkswagen/jetta/1134028658-382a987f/,849000,Красноярск,2016,,5,180000,3,Не требует ремонта,Дубликат,,"бензин, 1.6 MT (110 л.с.)",механическая,передний,Левый,Седан,серый,https://avatars.avto.ru/get-autoru-vos/20487659/80604e7fb8cf8185965cea28ae8a5273/1200x900,2026-09-22T05:50:23Z
Nissan,Kicks,Nissan Kicks I Рестайлинг,https://auto.ru/cars/used/sale/nissan/kicks/1133601423-87d83b91/,2099000,Красноярск,2020,,5,35143,1,Не требует ремонта,Оригинал,,"гибрид, 1.2hyb AT (82 л.с.)",автоматическая,передний,Правый,Внедорожник 5 дв.,жёлтый,https://avatars.avto.ru/get-autoru-vos/20360782/9bb073b29d51f9585e5056fcdf153835/1200x900,2026-09-22T05:50:23Z
Nissan,Note,Nissan Note II,https://auto.ru/cars/used/sale/nissan/note/1133947043-be9b4999/,899000,Красноярск,2016,,5,95000,1,Не требует ремонта,Оригинал,,"гибрид, 1.2hyb AT (79 л.с.)",автоматическая,передний,Правый,Хэтчбек 5 дв.,белый,https://avatars.avto.ru/get-autoru-vos/2058179/b907de11fb35e71b056184f1c28fb7d3/1200x900,2026-09-22T05:50:23Z
Toyota,Voxy,Toyota Voxy II (R70),https://auto.ru/cars/used/sale/toyota/voxy/1133563832-28a29ce3/,1349000,Красноярск,2010,,7,190808,4,Не требует ремонта,Оригинал,,"бензин, 2.0 CVT (140 л.с.) 4WD",вариатор,полный,Правый,Минивэн,белый,https://avatars.avto.ru/get-autoru-vos/18129838/eb6a836216ba4694ff8c919b1ef0d6da/1200x900,2026-09-22T05:50:23Z
BMW,1 серии,BMW 1 серии 120i III (F52) Рестайлинг,https://auto.ru/cars/used/sale/bmw/1er/1133640510-5488c0e9/,2249000,Красноярск,2022,,5,33100,1,Не требует ремонта,Оригинал,,"бензин, 120i 1.5 AMT (140 л.с.)",робот,передний,Левый,Седан,белый,https://photo.auto.ru/photo/get-autoru-vos/20997557/oIxFMpmGOQnkVsASYBi1odMptFNVNUaYnNjXW6PZdj-l3OSbEYxbTLkQ4Scw8qlWCBryR0e9XiHSpw8Yt7kxphgyx4x_YIy5j2P4h9TlBkcDopvywfNSg9eGzU11_oEz4F47Emjwp8AuV3dPCmPros-KURLReAT6ssML_bnlFq4BLg/1200x900,2026-09-22T05:50:23Z
Great Wall,Poer,Great Wall Poer I Рестайлинг,https://auto.ru/cars/used/sale/great_wall/poer/1132605479-d348cba5/,3799000,Красноярск,2025,,5,4700,1,Не требует ремонта,Оригинал,Оптимум,"бензин, 2.0 AT (218 л.с.) 4WD",автоматическая,полный,Левый,Пикап Двойная кабина,чёрный,https://avatars.avto.ru/get-autoru-vos/20606978/1dc1084e83f39125b4093bcfd194c4af/1200x900,2026-09-22T05:50:23Z
Peugeot,4007,Peugeot 4007,https://auto.ru/cars/used/sale/peugeot/4007/1133233482-a0e8f04d/,899000,Красноярск,2009,,5,228000,1,Не требует ремонта,Оригинал,Active,"бензин, 2.4 CVT (170 л.с.) 4WD",вариатор,полный,Левый,Внедорожник 5 дв.,чёрный,https://avatars.avto.ru/get-autoru-vos/17690098/9a34717fac016aed56fefcacdbdf047e/1200x900,2026-09-22T05:50:23Z
Peugeot,4007,Peugeot 4007,https://auto.ru/cars/used/sale/peugeot/4007/1132414191-00a5c393/,1239000,Красноярск,2012,,5,186290,3,Не требует ремонта,Оригинал,Active,"бензин, 2.0 CVT (147 л.с.) 4WD",вариатор,полный,Левый,Внедорожник 5 дв.,коричневый,https://avatars.avto.ru/get-autoru-vos/20132077/e3e41e736811d967af6ee6584e314164/1200x900,2026-09-22T05:50:23Z
Nissan,Serena,Nissan Serena IV (C26),https://auto.ru/cars/used/sale/nissan/serena/1133977446-4a41f00e/,1249000,Красноярск,2013,,8,137000,2,Не требует ремонта,Оригинал,,"бензин, 2.0 CVT (147 л.с.)",вариатор,передний,Правый,Минивэн,чёрный,https://avatars.avto.ru/get-autoru-vos/2092864/063fec23dcc587b72628e446b7b0cb98/1200x900,2026-09-22T05:50:26Z
Honda,Stepwgn,Honda Stepwgn Spada V,https://auto.ru/cars/used/sale/honda/stepwagon/1133957722-48b0f0fd/,1989000,Красноярск,2015,,7,185000,2,Не требует ремонта,Оригинал,,"бензин, Spada 1.5 CVT (150 л.с.) 4WD",вариатор,полный,Правый,Минивэн Spada,белый,https://avatars.avto.ru/get-autoru-vos/2165430/94f7cb65135d8d50e5d41f470c8f1828/1200x900,2026-09-22T05:50:26Z
Nissan,X-Trail,Nissan X-Trail II,https://auto.ru/cars/used/sale/nissan/x_trail/1133509086-fb6f4f2e/,929000,Красноярск,2008,,5,280000,3,Не требует ремонта,Оригинал,LE (metallic),"бензин, 2.0 CVT (141 л.с.) 4WD",вариатор,полный,Левый,Внедорожник 5 дв.,серый,https://avatars.avto.ru/get-autoru-vos/20191207/67949653c4fcab80ff8862aa8e86b11b/1200x900,2026-09-22T05:50:26Z
Great Wall,Poer King Kong,Great Wall Poer King Kong,https://auto.ru/cars/used/sale/great_wall/poer_king_kong/1133680526-389b81d7/,1849000,Красноярск,2023,,5,189000,1,Не требует ремонта,Оригинал,,"бензин, 2.0 MT (190 л.с.) 4WD",механическая,полный,Левый,Пикап Двойная кабина,серебристый,https://avatars.avto.ru/get-autoru-vos/16673081/1b55bf4d365049b3824d573e8915bbae/1200x900,2026-09-22T05:50:26Z
Mazda,Axela,Mazda Axela III Рестайлинг,https://auto.ru/cars/used/sale/mazda/axela/1134094238-6e0c30a7/,1399000,Красноярск,2016,,5,103600,1,Не требует ремонта,Оригинал,,"бензин, 1.5 AT (111 л.с.)",автоматическая,передний,Правый,Хэтчбек 5 дв.,синий,https://avatars.avto.ru/get-autoru-vos/20272960/e307a2906690a318eef48e5adf22cf4a/1200x900,2026-09-22T05:50:26Z
Hyundai,Santa Fe,Hyundai Santa Fe II Рестайлинг,https://auto.ru/cars/used/sale/hyundai/santa_fe/1134191490-5d55e01d/,1299000,Красноярск,2011,,5,149800,2,Не требует ремонта,Оригинал,,"бензин, 2.4 AT (174 л.с.) 4WD",автоматическая,полный,Левый,Внедорожник 5 дв.,серый,https://avatars.avto.ru/get-autoru-vos/18720861/5d4a7fb08e110831d47fde4cf1fefec2/1200x900,2026-09-22T05:50:26Z
Honda,Stepwgn,Honda Stepwgn Spada V,https://auto.ru/cars/used/sale/honda/stepwagon/1134094240-0d3d14d1/,1999000,Красноярск,2016,,7,89400,1,Не требует ремонта,Оригинал,,"бензин, Spada 1.5 CVT (150 л.с.)",вариатор,передний,Правый,Минивэн Spada,чёрный,https://avatars.avto.ru/get-autoru-vos/19793268/aabb4066cb3ea3026500f7256877491c/1200x900,2026-09-22T05:50:26Z
BMW,1 серии,BMW 1 серии 120i III (F52) Рестайлинг,https://auto.ru/cars/used/sale/bmw/1er/1132518707-0e34f936/,2099000,Красноярск,2020,,5,60109,1,Не требует ремонта,Оригинал,120i M Sports,"бензин, 120i 1.5 AMT (136 л.с.)",робот,передний,Левый,Седан,синий,https://photo.auto.ru/photo/get-autoru-vos/17690098/9nIeRPkMYvIW0WYPKy1FGvOPc8AFYRrPU0reSIbPb4yJR8YZ5h31jcYkmcxM7YCelEMpYzXtBTMDmeNOUxoJZpD1j454YYZWefYmbWVy6paznjioPxfI6eKmo-UN74_pAA0uXC4KxGFqKpImebZN2ACkdL2iUVK3SoONUXeZI-GcJR4/1200x900,2026-09-22T05:50:26Z
Honda,Freed,Honda Freed Spike I Рестайлинг,https://auto.ru/cars/used/sale/honda/freed/1134207494-19ed9899/,1209000,Красноярск,2012,,5,125000,1,Не требует ремонта,Оригинал,,"бензин, Spike 1.5 CVT (118 л.с.)",вариатор,передний,Правый,Компактвэн Spike,серебристый,https://avatars.avto.ru/get-autoru-vos/20864073/c62475a71c35c01fe08229dd1969d35f/1200x900,2026-09-22T05:50:26Z
Nissan,NV200,Nissan NV200,https://auto.ru/cars/used/sale/nissan/nv200/1134167065-49a3455a/,1939000,Красноярск,2020,,5,186700,2,Не требует ремонта,Оригинал,,"бензин, 1.6 AT (109 л.с.) 4WD",автоматическая,полный,Правый,Минивэн,белый,https://avatars.avto.ru/get-autoru-vos/20439065/6b80972d189dde395a1dd2cdce97889b/1200x900,2026-09-22T05:50:26Z
Honda,Stream,Honda Stream II,https://auto.ru/cars/used/sale/honda/stream/1133269556-2cbc0d68/,929000,Красноярск,2008,,7,243000,2,Не требует ремонта,Оригинал,,"бензин, 1.8 AT (140 л.с.)",автоматическая,передний,Правый,Компактвэн,белый,https://avatars.avto.ru/get-autoru-vos/14440393/22438822a4f0c866b535a14e1b284245/1200x900,2026-09-22T05:50:26Z
Jetour,X90+,Jetour X90+,https://auto.ru/cars/used/sale/jetour/x90_plus/1133920017-108b036d/,2309000,Красноярск,2023,,5,19000,1,Не требует ремонта,Оригинал,,"бензин, 1.6 AMT (190 л.с.)",робот,передний,Левый,Внедорожник 5 дв.,белый,https://avatars.avto.ru/get-autoru-vos/20102415/4ed844c42ddb239a3a0c25a85ce0add7/1200x900,2026-09-22T05:50:26Z
Honda,Stepwgn,Honda Stepwgn Spada V,https://auto.ru/cars/used/sale/honda/stepwagon/1133102907-2be4fcc6/,1749000,Красноярск,2015,,7,93927,1,Не требует ремонта,Оригинал,,"бензин, Spada 1.5 CVT (150 л.с.)",вариатор,передний,Правый,Минивэн Spada,белый,https://photo.auto.ru/photo/get-autoru-vos/20363536/tR6eUEFx6ADsp3eIMNZQuokwyQtC17RHKUAhPmaY8fMo3A_5xa52XT7SZ17a_78-5aSBdH3e3Qkm5faTP6cYOc_IYvgPro2o0jcdO5bn1Zyixkfa3usRURmKFyfUTmknTbCJB6l3Htokis0VtbI0nZyWjcoDNEo9M4wWbTzKOFehjVg/1200x900,2026-09-22T05:50:26Z
Honda,Freed,Honda Freed I Рестайлинг 2,https://auto.ru/cars/used/sale/honda/freed/1134174696-7a121f82/,1299000,Красноярск,2015,,6,64195,1,Не требует ремонта,Оригинал,,"бензин, 1.5 CVT (118 л.с.)",вариатор,передний,Правый,Компактвэн,синий,https://avatars.avto.ru/get-autoru-vos/17665660/2b3aa6354561419985cc0f48399aede6/1200x900,2026-09-22T05:50:26Z
Honda,Odyssey,Honda Odyssey III,https://auto.ru/cars/used/sale/honda/odyssey/1133547965-3a8c9fdc/,979000,Красноярск,2007,,7,256772,4,Не требует ремонта,Дубликат,,"бензин, 2.4 CVT (160 л.с.)",вариатор,передний,Правый,Компактвэн,серебристый,https://avatars.avto.ru/get-autoru-vos/21002260/acbf000b8ef96e72246ca4bd72f481b0/1200x900,2026-09-22T05:50:26Z
Omoda,C5,Omoda C5 I,https://auto.ru/cars/used/sale/omoda/c5/1134138651-ef8b5ccd/,1849000,Красноярск,2023,,5,33000,1,Не требует ремонта,Оригинал,,"бензин, 1.5 CVT (147 л.с.)",вариатор,передний,Левый,Внедорожник 5 дв.,серебристый,https://avatars.avto.ru/get-autoru-vos/20200701/86a01cc6c54dcc39dd512b608bbb252f/1200x900,2026-09-22T05:50:26Z
Kia,Sportage,Kia Sportage III,https://auto.ru/cars/used/sale/kia/sportage/1133708094-3ecf8d89/,1399000,Красноярск,2013,,5,260000,2,Не требует ремонта,Дубликат,,"бензин, 2.0 AT (150 л.с.) 4WD",автоматическая,полный,Левый,Внедорожник 5 дв.,серый,https://avatars.avto.ru/get-autoru-vos/14637477/9a7237cdd882b39ee74241bf81293b64/1200x900,2026-09-22T05:50:26Z
Toyota,RAV4,Toyota RAV4 III (XA30) Рестайлинг,https://auto.ru/cars/used/sale/toyota/rav_4/1132605480-d145e382/,1359000,Красноярск,2011,,5,211057,4,Не требует ремонта,Оригинал,,"бензин, 2.0 CVT (148 л.с.) 4WD",вариатор,полный,Левый,Внедорожник 5 дв.,белый,https://avatars.avto.ru/get-autoru-vos/20036242/2aa3992fe80d58ede880914272f21a58/1200x900,2026-09-22T05:50:26Z
Chery,Tiggo 7 Pro,Chery Tiggo 7 Pro I,https://auto.ru/cars/used/sale/chery/tiggo_7_pro/1134038476-11cc4169/,1829000,Красноярск,2021,,5,66000,1,Не требует ремонта,Оригинал,,"бензин, 1.5 CVT (147 л.с.)",вариатор,передний,Левый,Внедорожник 5 дв.,белый,https://avatars.avto.ru/get-autoru-vos/5218821/38ab2e5b231248a0ee6ca8403177b3d8/1200x900,2026-09-22T05:50:26Z
Honda,Stepwgn,Honda Stepwgn V,https://auto.ru/cars/used/sale/honda/stepwagon/1134216714-15c85b73/,1849000,Красноярск,2017,,7,198300,1,Не требует ремонта,Оригинал,,"бензин, 1.5 CVT (150 л.с.)",вариатор,передний,Правый,Минивэн,чёрный,https://avatars.avto.ru/get-autoru-vos/19298886/c893a4ba90f7e1f4269420aa0766482a/1200x900,2026-09-22T05:50:26Z
Honda,Odyssey,Honda Odyssey II,https://auto.ru/cars/used/sale/honda/odyssey/1133639597-7bc885c3/,559000,Красноярск,2000,,7,260000,4,Не требует ремонта,Оригинал,,"бензин, 2.3 AT (150 л.с.) 4WD",автоматическая,полный,Правый,Компактвэн,белый,https://avatars.avto.ru/get-autoru-vos/18185687/e0fcb286a4c0c868377974c63a001d53/1200x900,2026-09-22T05:50:26Z
Honda,Freed,Honda Freed II,https://auto.ru/cars/used/sale/honda/freed/1134211931-7c33fb41/,1399000,Красноярск,2017,,7,140000,2,Не требует ремонта,Оригинал,,"бензин, 1.5 CVT (131 л.с.)",вариатор,передний,Правый,Компактвэн,белый,https://avatars.avto.ru/get-autoru-vos/18185687/e4abd59bd42609cb130d203094b3af11/1200x900,2026-09-22T05:50:26Z
Toyota,RAV4,Toyota RAV4 III (XA30),https://auto.ru/cars/used/sale/toyota/rav_4/1133697277-867bb5bd/,999000,Красноярск,2006,,5,228000,4,Не требует ремонта,Оригинал,,"бензин, 2.0 AT (152 л.с.) 4WD",автоматическая,полный,Левый,Внедорожник 5 дв.,чёрный,https://avatars.avto.ru/get-autoru-vos/19297093/616d3836b75aa64dbceb20a91e46c7e8/1200x900,2026-09-22T05:50:26Z
Kia,K3,Kia K3 II,https://auto.ru/cars/used/sale/kia/k3/1133781103-97deb70b/,1929000,Красноярск,2020,,5,67000,1,Не требует ремонта,Оригинал,,"бензин, 1.6 CVT (123 л.с.)",вариатор,передний,Левый,Седан,белый,https://photo.auto.ru/photo/get-autoru-vos/16966486/XOrHF5vJRIynd9TXQhg0cQ-Fklxj1xPa4yeC1w7tceePTsVW18XBt1VZNAz9WbKaq4rCxvtvtP0INAFI5OSPux_gyuy9bnAZ5M19PF5eAszQRtzzQAO9CUENq_spD1YY-te0i-6w3plCo2VsOqtABFN8mN0Zu0TUg9l9bz9qO8rkgfw/1200x900,2026-09-22T05:50:26Z
Toyota,C-HR,Toyota C-HR I Рестайлинг,https://auto.ru/cars/used/sale/toyota/c_hr/1133793047-f1d75b88/,2799000,Красноярск,2020,,5,20814,1,Не требует ремонта,Оригинал,,"бензин, 2.0 CVT (171 л.с.)",вариатор,передний,Левый,Внедорожник 5 дв.,чёрный,https://avatars.avto.ru/get-autoru-vos/17833075/1a545590922cdfd1aba56bb634566a0b/1200x900,2026-09-22T05:50:26Z
Mitsubishi,Outlander,Mitsubishi Outlander II,https://auto.ru/cars/used/sale/mitsubishi/outlander/1133248706-a483ee3c/,1149000,Красноярск,2008,,5,161000,2,Не требует ремонта,Оригинал,,"бензин, 2.4 CVT (170 л.с.)",вариатор,передний,Правый,Внедорожник 5 дв.,белый,https://photo.auto.ru/photo/get-autoru-vos/20657148/hzVa37__QwFNzcb3MxFo1gvmdia_MRSe90Aw0KcDGGu0YsrZDu4n3vSfrpK6okvOUtW4-mNKTGZtc3l2P8_-_xkItC_12SOfFMAOy9ixGnp5y7-QprnAP5WIt3T88Gig0t2-DNifUn0bL4USrTQD6OEfT93-JYYwtvox-jkjVdHD5ms/1200x900,2026-09-22T05:50:26Z
Toyota,Premio,Toyota Premio II (T26) Рестайлинг 2,https://auto.ru/cars/used/sale/toyota/premio/1133953745-fa912ab4/,1859000,Красноярск,2017,,5,78815,2,Не требует ремонта,Оригинал,,"бензин, 1.8 CVT (143 л.с.)",вариатор,передний,Правый,Седан,серебристый,https://avatars.avto.ru/get-autoru-vos/19815194/e5b9e8861fc2458b54ed8f6aa67835cc/1200x900,2026-09-22T05:50:26Z
Toyota,Wish,Toyota Wish II,https://auto.ru/cars/used/sale/toyota/wish/1131836126-6484889d/,1199000,Красноярск,2011,,6,99000,1,Не требует ремонта,Оригинал,,"бензин, 1.8 CVT (144 л.с.)",вариатор,передний,Правый,Минивэн,белый,https://avatars.avto.ru/get-autoru-vos/20016218/99ff47fcbacfebc0186e35c5a438a073/1200x900,2026-09-22T05:50:26Z
Suzuki,Grand Vitara,Suzuki Grand Vitara II Рестайлинг,https://auto.ru/cars/used/sale/suzuki/grand_vitara/1134198387-021eaa43/,949000,Красноярск,2008,,5,238000,4,Не требует ремонта,Дубликат,,"бензин, 2.4 MT (169 л.с.) 4WD",механическая,полный,Левый,Внедорожник 5 дв.,золотистый,https://avatars.avto.ru/get-autoru-vos/20363536/4fd8f3969b680fbad573ca68260df878/1200x900,2026-09-22T05:50:26Z
Honda,Stepwgn,Honda Stepwgn Spada V Рестайлинг,https://auto.ru/cars/used/sale/honda/stepwagon/1133697279-67349a3c/,2949000,Красноярск,2021,,7,48000,1,Не требует ремонта,Оригинал,,"бензин, Spada 1.5 CVT (150 л.с.)",вариатор,передний,Правый,Минивэн Spada,синий,https://avatars.avto.ru/get-autoru-vos/16446884/2fdfb046db068abf5f7d50c936acb04d/1200x900,2026-09-22T05:50:26Z
Toyota,Wish,Toyota Wish II Рестайлинг,https://auto.ru/cars/used/sale/toyota/wish/1133553338-725e0bd2/,1709000,Красноярск,2016,,6,114300,2,Не требует ремонта,Оригинал,,"бензин, 1.8 CVT (143 л.с.)",вариатор,передний,Правый,Минивэн,белый,https://avatars.avto.ru/get-autoru-vos/18535762/81baad9183582bc223202220de1001fe/1200x900,2026-09-22T05:50:26Z
Mercedes-Benz,C-Класс,Mercedes-Benz C-Класс 200 IV (W205),https://auto.ru/cars/used/sale/mercedes/c_klasse/1133533868-24a4ccb9/,3039000,Красноярск,2015,,5,54000,2,Не требует ремонта,Оригинал,C 200 4MATIC Sport,"бензин, 200 2.0 AT (184 л.с.) 4WD",автоматическая,полный,Левый,Седан,чёрный,https://avatars.avto.ru/get-autoru-vos/17915300/c378574cc76b1176100b8f3c2a2805f3/1200x900,2026-09-22T05:50:26Z
Toyota,Avensis,Toyota Avensis III,https://auto.ru/cars/used/sale/toyota/avensis/1134114634-1ff7e7fa/,1149000,Красноярск,2010,,5,165100,2,Не требует ремонта,Оригинал,,"бензин, 1.8 MT (147 л.с.)",механическая,передний,Левый,Седан,голубой,https://avatars.avto.ru/get-autoru-vos/17913096/0dd10fa073e843fd6ceba712481bcfe4/1200x900,2026-09-22T05:50:26Z
Toyota,C-HR,Toyota C-HR I,https://auto.ru/cars/used/sale/toyota/c_hr/1134147801-0353f257/,1949000,Красноярск,2018,,5,144968,1,Не требует ремонта,Оригинал,,"бензин, 1.2 CVT (115 л.с.)",вариатор,передний,Правый,Внедорожник 5 дв.,белый,https://photo.auto.ru/photo/get-autoru-vos/15587596/OlinanC33_pGwzPcJESGHbjUeHF9w--WLyNQdWJ4nIDmvmdaM-lLb13YIZ02AhYamwToesI-koCCGm882s-3852aL5XBTSYcUf5DDKVjIx9MV4mZeAPbf7mvc-R0JPd7fnje_77qzbOTCaz-tTTCXFGwjK2vIKBi-C_33yrhJD-Kz9U/1200x900,2026-09-22T05:50:26Z
Honda,N-WGN,Honda N-WGN I,https://auto.ru/cars/used/sale/honda/n_wgn/1133990794-2b7053fd/,789000,Красноярск,2014,,4,114975,1,Не требует ремонта,Оригинал,,"бензин, 0.7 CVT (58 л.с.)",вариатор,передний,Правый,Хэтчбек 5 дв.,серебристый,https://avatars.avto.ru/get-autoru-vos/2162551/fe8baa05bafa8ecc8dfbf06e1610260f/1200x900,2026-09-22T05:50:26Z
Toyota,RAV4,Toyota RAV4 IV (XA40),https://auto.ru/cars/used/sale/toyota/rav_4/1132294591-8cae1bcc/,2249000,Красноярск,2014,,5,110000,2,Не требует ремонта,Оригинал,Комфорт Плюс,"бензин, 2.0 CVT (146 л.с.) 4WD",вариатор,полный,Левый,Внедорожник 5 дв.,белый,https://avatars.avto.ru/get-autoru-vos/17637180/f5bffbe95a81e3c9b6d67fa836aca502/1200x900,2026-09-22T05:50:26Z
Toyota,bB,Toyota bB II Рестайлинг,https://auto.ru/cars/used/sale/toyota/bb/1133425609-4e4c30c7/,909000,Красноярск,2013,,5,167395,1,Не требует ремонта,Оригинал,,"бензин, 1.5 AT (109 л.с.)",автоматическая,передний,Правый,Компактвэн,чёрный,https://photo.auto.ru/photo/get-autoru-vos/17683531/NRfB_E48auoVJk9Cyb4vLhKuty_9h48Dx1nLcEYUU0JSEMVB3LUFWRdlgE30RlKtIzUdkq8jQ-QcNjgfJGpnzzW80M4P3WMVnXn0ll8wK-4Ae8WwPEztrAAFTqUJXJ3TiR_wCGDcVwY6sG0ZBqEaY_Cjg5gioIaKd4MAKj9UTjUm_54/1200x900,2026-09-22T05:50:26Z
Renault,Duster,Renault Duster I Рестайлинг,https://auto.ru/cars/used/sale/renault/duster/1133553337-4edd680e/,959000,Красноярск,2020,,5,150000,3,Не требует ремонта,Оригинал,Access,"бензин, 1.6 MT (114 л.с.)",механическая,передний,Левый,Внедорожник 5 дв.,белый,https://avatars.avto.ru/get-autoru-vos/17786981/414fa5de155d03793e560e7db02ef201/1200x900,2026-09-22T05:50:32Z
Suzuki,Grand Vitara,Suzuki Grand Vitara I Рестайлинг,https://auto.ru/cars/used/sale/suzuki/grand_vitara/1134147802-7c0833b2/,649000,Красноярск,2003,,5,199600,4,Не требует ремонта,Оригинал,,"бензин, 2.0 MT (128 л.с.) 4WD",механическая,полный,Левый,Внедорожник 5 дв.,зелёный,https://photo.auto.ru/photo/get-autoru-vos/18017415/7FMDS4yHisONettxUYJ6CCHPGQGSXnzOG3JoUDN6mVe2Xj8OPMRRNxOeEgPI50h_CsXxF2OdDbplgaiBje7EAAYYWhlhzbeh7w-WbWNGUk370Iys-ZJVBc5Qrjb3lKw92a-LKFquMn4koYZamydj_F38HwdmKiywxU7O1-P8UCFTaA/1200x900,2026-09-22T05:50:32Z
Honda,Stream,Honda Stream II Рестайлинг,https://auto.ru/cars/used/sale/honda/stream/1133762499-fe5d5c0a/,1009000,Красноярск,2010,,7,169421,1,Не требует ремонта,Оригинал,,"бензин, 1.8 AT (140 л.с.)",автоматическая,передний,Правый,Компактвэн,чёрный,https://avatars.avto.ru/get-autoru-vos/5475874/d53bd03b6467c995b59a358d52fd9abb/1200x900,2026-09-22T05:50:32Z
Toyota,bB,Toyota bB II Рестайлинг,https://auto.ru/cars/used/sale/toyota/bb/1133369389-384560e8/,1199000,Красноярск,2016,,5,104000,1,Не требует ремонта,Оригинал,,"бензин, 1.3 AT (92 л.с.)",автоматическая,передний,Правый,Компактвэн,чёрный,https://avatars.avto.ru/get-autoru-vos/16976316/d8ff60a39ac660000a2df6be8a7dc6b9/1200x900,2026-09-22T05:50:32Z
Nissan,X-Trail,Nissan X-Trail I Рестайлинг,https://auto.ru/cars/used/sale/nissan/x_trail/1133961298-6778e903/,849000,Красноярск,2006,,5,262059,4,Не требует ремонта,Дубликат,,"бензин, 2.5 MT (165 л.с.) 4WD",механическая,полный,Левый,Внедорожник 5 дв.,серебристый,https://avatars.avto.ru/get-autoru-vos/17707957/63a21d621d6afc7ff2b8b588a1af509c/1200x900,2026-09-22T05:50:32Z
Toyota,Nadia,Toyota Nadia,https://auto.ru/cars/used/sale/toyota/nadia/1133905565-397b8c3b/,799000,Красноярск,2000,,5,250000,2,Не требует ремонта,Оригинал,,"бензин, 2.0 AT (135 л.с.)",автоматическая,передний,Правый,Компактвэн,серебристый,https://avatars.avto.ru/get-autoru-vos/20035467/79858cb6f513ea1545285412d8cba40d/1200x900,2026-09-22T05:50:32Z
Honda,Fit Shuttle,Honda Fit Shuttle I Рестайлинг,https://auto.ru/cars/used/sale/honda/fit_shuttle/1133953750-497dc706/,969000,Красноярск,2013,,5,198000,2,Не требует ремонта,Оригинал,,"гибрид, 1.3hyb CVT (88 л.с.)",вариатор,передний,Правый,Универсал 5 дв.,серебристый,https://avatars.avto.ru/get-autoru-vos/16145448/69a828060ce32c45bb0757f6168451d0/1200x900,2026-09-22T05:50:32Z
Honda,Stepwgn,Honda Stepwgn V Рестайлинг,https://auto.ru/cars/used/sale/honda/stepwagon/1133709128-f572d1a3/,2299000,Красноярск,2021,,7,86730,1,Не требует ремонта,Оригинал,,"бензин, 1.5 CVT (150 л.с.)",вариатор,передний,Правый,Минивэн,серебристый,https://avatars.avto.ru/get-autoru-vos/19849727/142fe5a362052198e359a65b08fb8f46/1200x900,2026-09-22T05:50:32Z
Renault,Kaptur,Renault Kaptur I,https://auto.ru/cars/used/sale/renault/kaptur/1134228343-ad9418d4/,1429000,Красноярск,2016,,5,89016,1,Не требует ремонта,Оригинал,,"бензин, 1.6 CVT (114 л.с.)",вариатор,передний,Левый,Внедорожник 5 дв.,зелёный,https://avatars.avto.ru/get-autoru-vos/17783177/5756b652849dd1ee56d5abb0059b9a78/1200x900,2026-09-22T05:50:32Z
Nissan,Juke,Nissan Juke I,https://auto.ru/cars/used/sale/nissan/juke/1133853299-5213b602/,939000,Красноярск,2011,,5,230000,2,Не требует ремонта,Оригинал,,"бензин, 1.6 MT (117 л.с.)",механическая,передний,Левый,Внедорожник 5 дв.,серый,https://avatars.avto.ru/get-autoru-vos/18306378/e182af649b08483966f4b558e70b2988/1200x900,2026-09-22T05:50:32Z
Mazda,CX-5,Mazda CX-5 II,https://auto.ru/cars/used/sale/mazda/cx_5/1133762496-e680c350/,2099000,Красноярск,2018,,5,195000,2,Не требует ремонта,Оригинал,,"бензин, 2.0 AT (150 л.с.)",автоматическая,передний,Левый,Внедорожник 5 дв.,белый,https://avatars.avto.ru/get-autoru-vos/18702491/4ab03d1c7d3887ebe54ba410d55c6836/1200x900,2026-09-22T05:50:32Z
Ford,Kuga,Ford Kuga II Рестайлинг,https://auto.ru/cars/used/sale/ford/kuga/1134114632-b73e0f73/,1549000,Красноярск,2017,,5,304694,3,Не требует ремонта,Оригинал,,"бензин, 2.5 AT (150 л.с.)",автоматическая,передний,Левый,Внедорожник 5 дв.,серебристый,https://avatars.avto.ru/get-autoru-vos/20680164/64c778bfb105cd7a102bc6e12cf80f68/1200x900,2026-09-22T05:50:32Z
Toyota,Ractis,Toyota Ractis I,https://auto.ru/cars/used/sale/toyota/ractis/1133905566-2affc2e2/,629000,Красноярск,2006,,5,174000,3,Не требует ремонта,Оригинал,,"бензин, 1.5 CVT (110 л.с.)",вариатор,передний,Правый,Хэтчбек 5 дв.,серебристый,https://avatars.avto.ru/get-autoru-vos/20657148/cec1e0da1c1a5bbda78651b089210e36/1200x900,2026-09-22T05:50:32Z
Mazda,6,Mazda 6 III (GJ) Рестайлинг,https://auto.ru/cars/used/sale/mazda/6/1133921045-dd3f3126/,1849000,Красноярск,2015,,5,194000,3,Не требует ремонта,Дубликат,,"бензин, 2.5 AT (192 л.с.)",автоматическая,передний,Левый,Седан,белый,https://avatars.avto.ru/get-autoru-vos/19849727/5d2125adb9c47ba04778bbe0b8bc1094/1200x900,2026-09-22T05:50:32Z
Mercedes-Benz,C-Класс,Mercedes-Benz C-Класс 180 III (W204) Рестайлинг,https://auto.ru/cars/used/sale/mercedes/c_klasse/1132132675-80e69201/,1359000,Красноярск,2011,,4,181000,4,Не требует ремонта,Оригинал,,"бензин, 180 1.8 AT (156 л.с.)",автоматическая,задний,Левый,Купе,белый,https://avatars.avto.ru/get-autoru-vos/17737319/d082107a6b0168a9bfb8115d229f4592/1200x900,2026-09-22T05:50:32Z
Kia,Sportage,Kia Sportage III,https://auto.ru/cars/used/sale/kia/sportage/1133953744-307e61da/,1649000,Красноярск,2011,,5,194700,4,Не требует ремонта,Дубликат,,"бензин, 2.0 AT (150 л.с.) 4WD",автоматическая,полный,Левый,Внедорожник 5 дв.,серебристый,https://avatars.avto.ru/get-autoru-vos/20961665/bf4f8cbe281829b155b28e5b270faedc/1200x900,2026-09-22T05:50:32Z
Toyota,C-HR,Toyota C-HR I Рестайлинг,https://auto.ru/cars/used/sale/toyota/c_hr/1134026235-e835d5fd/,2299000,Красноярск,2019,,5,117000,2,Не требует ремонта,Оригинал,,"гибрид, 1.8hyb CVT (98 л.с.)",вариатор,передний,Правый,Внедорожник 5 дв.,серебристый,https://avatars.avto.ru/get-autoru-vos/21119147/9b6ff441ccc4b3031e4f5c3eeeb48451/1200x900,2026-09-22T05:50:32Z
Nissan,Dayz Roox,Nissan Dayz Roox I Рестайлинг,https://auto.ru/cars/used/sale/nissan/dayz_roox/1133340643-eef839da/,709000,Красноярск,2018,,4,145000,1,Не требует ремонта,Оригинал,,"бензин, 0.7 CVT (49 л.с.)",вариатор,передний,Правый,Хэтчбек 5 дв.,синий,https://avatars.avto.ru/get-autoru-vos/20680164/9ed6a45a6b11e28d0559c44a1cf0ad09/1200x900,2026-09-22T05:50:32Z
Toyota,Allion,Toyota Allion II,https://auto.ru/cars/used/sale/toyota/allion/1132741073-c2720247/,899000,Красноярск,2008,,5,198000,1,Не требует ремонта,Оригинал,,"бензин, 1.8 CVT (136 л.с.)",вариатор,передний,Правый,Седан,серебристый,https://avatars.avto.ru/get-autoru-vos/20172247/9c43ed3fce70093b6571546333fe271e/1200x900,2026-09-22T05:50:32Z
Renault,Duster,Renault Duster I Рестайлинг,https://auto.ru/cars/used/sale/renault/duster/1133958797-f76a86ee/,1489000,Красноярск,2019,,5,130000,3,Не требует ремонта,Оригинал,,"бензин, 2.0 AT (143 л.с.) 4WD",автоматическая,полный,Левый,Внедорожник 5 дв.,белый,https://avatars.avto.ru/get-autoru-vos/11385452/f2a6b43d359377350246030932491cfe/1200x900,2026-09-22T05:50:32Z
Nissan,Qashqai,Nissan Qashqai I Рестайлинг,https://auto.ru/cars/used/sale/nissan/qashqai/1134138652-f2523164/,1199000,Красноярск,2013,,5,198000,3,Не требует ремонта,Оригинал,,"бензин, 1.6 CVT (117 л.с.)",вариатор,передний,Левый,Внедорожник 5 дв.,чёрный,https://avatars.avto.ru/get-autoru-vos/20507677/ef318b5cc20370098a694f15b7ad8109/1200x900,2026-09-22T05:50:32Z
Daihatsu,Rocky,Daihatsu Rocky A200,https://auto.ru/cars/used/sale/daihatsu/rocky/1134026234-69d45a12/,1499000,Красноярск,2021,,5,36762,1,Не требует ремонта,Оригинал,,"бензин, 1.0 CVT (98 л.с.)",вариатор,передний,Правый,Внедорожник 5 дв.,чёрный,https://avatars.avto.ru/get-autoru-vos/2158086/00ebad6d901e1368217260e9a1a28629/1200x900,2026-09-22T05:50:32Z
Daihatsu,Rocky,Daihatsu Rocky A200,https://auto.ru/cars/used/sale/daihatsu/rocky/1133720448-08658c14/,1749000,Красноярск,2020,,5,78000,1,Не требует ремонта,Оригинал,,"бензин, 1.0 CVT (98 л.с.) 4WD",вариатор,полный,Правый,Внедорожник 5 дв.,белый,https://avatars.avto.ru/get-autoru-vos/2102708/426679240324316ca66aaca4832f1127/1200x900,2026-09-22T05:50:32Z
Nissan,Qashqai,Nissan Qashqai II,https://auto.ru/cars/used/sale/nissan/qashqai/1133933292-92492b05/,1669000,Красноярск,2014,,5,145436,2,Не требует ремонта,Оригинал,,"бензин, 2.0 CVT (144 л.с.) 4WD",вариатор,полный,Левый,Внедорожник 5 дв.,коричневый,https://avatars.avto.ru/get-autoru-vos/4880007/e2c394abe28b05dd5250c683a35377dd/1200x900,2026-09-22T05:50:32Z
Renault,Duster,Renault Duster I,https://auto.ru/cars/used/sale/renault/duster/1133933993-e41e7c73/,859000,Красноярск,2013,,5,96338,2,Не требует ремонта,Оригинал,,"бензин, 1.6 MT (102 л.с.) 4WD",механическая,полный,Левый,Внедорожник 5 дв.,золотистый,https://avatars.avto.ru/get-autoru-vos/2166310/18bfd29b4e45f9d0efb98bc6f9d45778/1200x900,2026-09-22T05:50:32Z
Honda,Freed,Honda Freed II,https://auto.ru/cars/used/sale/honda/freed/1133953748-f2fa2ad7/,1489000,Красноярск,2016,,7,138000,1,Не требует ремонта,Оригинал,,"бензин, 1.5 CVT (131 л.с.)",вариатор,передний,Правый,Компактвэн,коричневый,https://avatars.avto.ru/get-autoru-vos/17709739/bccf9f4f2e6df1c21e42071695c8044f/1200x900,2026-09-22T05:50:32Z
Hyundai,Santa Fe,Hyundai Santa Fe IV,https://auto.ru/cars/used/sale/hyundai/santa_fe/1134028657-6798cdc7/,2699000,Красноярск,2018,,5,123100,1,Не требует ремонта,Оригинал,,"бензин, 2.0 AT (235 л.с.) 4WD",автоматическая,полный,Левый,Внедорожник 5 дв.,белый,https://avatars.avto.ru/get-autoru-vos/20172247/5b3d6d8460e6708ef2d37159478821c9/1200x900,2026-09-22T05:50:32Z
Toyota,RAV4,Toyota RAV4 IV (XA40),https://auto.ru/cars/used/sale/toyota/rav_4/1134065080-5a7d6fbd/,2299000,Красноярск,2014,,5,173717,3,Не требует ремонта,Оригинал,,"бензин, 2.5 AT (179 л.с.) 4WD",автоматическая,полный,Левый,Внедорожник 5 дв.,белый,https://avatars.avto.ru/get-autoru-vos/18185687/d9c92de8fc05f3acaf59e6b30e27c2e1/1200x900,2026-09-22T05:50:32Z
Volkswagen,Tiguan,Volkswagen Tiguan I,https://auto.ru/cars/used/sale/volkswagen/tiguan/1134167066-2bea6f5b/,1389000,Красноярск,2011,,5,245000,4,Не требует ремонта,Дубликат,,"бензин, 2.0 AT (170 л.с.) 4WD",автоматическая,полный,Левый,Внедорожник 5 дв.,чёрный,https://avatars.avto.ru/get-autoru-vos/19394128/0611da132379d740ec258534833ba90c/1200x900,2026-09-22T05:50:32Z
Nissan,AD,Nissan AD III,https://auto.ru/cars/used/sale/nissan/ad/1133763441-93330d58/,779000,Красноярск,2016,,5,147515,3,Не требует ремонта,Оригинал,,"бензин, 1.5 AT (109 л.с.)",автоматическая,передний,Правый,Универсал 5 дв.,белый,https://avatars.avto.ru/get-autoru-vos/20894132/ac4c86848cff5a5d4a5b9e77b005f09d/1200x900,2026-09-22T05:50:32Z
Nissan,Qashqai,Nissan Qashqai I,https://auto.ru/cars/used/sale/nissan/qashqai/1134074423-793c2999/,1049000,Красноярск,2007,,5,133600,3,Не требует ремонта,Оригинал,,"бензин, 2.0 CVT (141 л.с.) 4WD",вариатор,полный,Левый,Внедорожник 5 дв.,серебристый,https://avatars.avto.ru/get-autoru-vos/20656151/6803256d5c7a3d51e6b831b39d230f46/1200x900,2026-09-22T05:50:32Z
Mazda,CX-30,Mazda CX-30 I,https://auto.ru/cars/used/sale/mazda/cx_30/1133358542-b38a68a4/,1999000,Красноярск,2020,,5,55833,1,Не требует ремонта,Оригинал,,"дизель, 1.8d AT (116 л.с.)",автоматическая,передний,Правый,Внедорожник 5 дв.,красный,https://avatars.avto.ru/get-autoru-vos/18106725/b5a0288801541f21b92761529eb29d69/1200x900,2026-09-22T05:50:32Z
Renault,Kaptur,Renault Kaptur I,https://auto.ru/cars/used/sale/renault/kaptur/1133720446-a2792e00/,1259000,Красноярск,2019,,5,145937,2,Не требует ремонта,Оригинал,,"бензин, 1.6 CVT (114 л.с.)",вариатор,передний,Левый,Внедорожник 5 дв.,серебристый,https://avatars.avto.ru/get-autoru-vos/18008089/b57affacd1826c7fd6a1d924631d3033/1200x900,2026-09-22T05:50:32Z
SsangYong,Rexton,SsangYong Rexton I,https://auto.ru/cars/used/sale/ssang_yong/rexton/1133839877-217f4ce7/,639000,Красноярск,2001,,5,21000,4,Не требует ремонта,Оригинал,,"дизель, 2.9d AT (120 л.с.) 4WD",автоматическая,полный,Левый,Внедорожник 5 дв.,чёрный,https://avatars.avto.ru/get-autoru-vos/5479042/dfc1c3f2a3b278f58adff465268627a1/1200x900,2026-09-22T05:50:32Z
Daihatsu,Rocky,Daihatsu Rocky A200,https://auto.ru/cars/used/sale/daihatsu/rocky/1133666074-cca0ca53/,1599000,Красноярск,2021,,5,68000,1,Не требует ремонта,Оригинал,,"бензин, 1.0 CVT (98 л.с.)",вариатор,передний,Правый,Внедорожник 5 дв.,серебристый,https://avatars.avto.ru/get-autoru-vos/15580208/721c903264efcec870efe0508703cba2/1200x900,2026-09-22T05:50:32Z
Kia,Carnival,Kia Carnival III,https://auto.ru/cars/used/sale/kia/carnival/1133964501-e2a8dd62/,2799000,Красноярск,2019,,8,96000,1,Не требует ремонта,Оригинал,,"дизель, 2.2d AT (202 л.с.)",автоматическая,передний,Левый,Минивэн,чёрный,https://photo.auto.ru/photo/get-autoru-vos/20761562/EICM3-ryCZkdHI0mT6WAzGZQ12iTlxZK-JtAc-E4afesBJR3W0mzgSn9TCtI4wwaQxSZEFuC9whD8W7P0XxJcEYXIztH9DVr863w-lBfONcsRMjxu-LB9o8Rlis31gTsXYOIaFzVwtCx9a1iLDDisphTLYyZRM7TUD4E2ngW4bPnKUE/1200x900,2026-09-22T05:50:32Z
Toyota,Premio,Toyota Premio II (T26) Рестайлинг 2,https://auto.ru/cars/used/sale/toyota/premio/1133988881-5bc7650c/,1599000,Красноярск,2017,,5,90300,1,Не требует ремонта,Оригинал,,"бензин, 1.8 CVT (131 л.с.) 4WD",вариатор,полный,Правый,Седан,серебристый,https://avatars.avto.ru/get-autoru-vos/16383606/5c8b1bba7c4500f90091227bc224b4e9/1200x900,2026-09-22T05:50:32Z
Toyota,RAV4,Toyota RAV4 III (XA30),https://auto.ru/cars/used/sale/toyota/rav_4/1133781900-8284d023/,1399000,Красноярск,2008,,5,212300,2,Не требует ремонта,Оригинал,,"бензин, 2.4 AT (170 л.с.) 4WD",автоматическая,полный,Левый,Внедорожник 5 дв.,золотистый,https://photo.auto.ru/photo/get-autoru-vos/15688781/q28mreyrndk5ZWvG9dNB4og-AbkvykB-jtSEabUl5V2RDQiZt_46sRJl-6gSciiWgGd631mTPdyYxUaz1U9KSN7E18xi0pHJBEJwTRsa3fRrHNYiu6kj0UbBPewa99mGK2eqdrzSXYq2zwbzXYhkEnoH3mRkK_q_5hw1lUX_oq79-g/1200x900,2026-09-22T05:50:35Z
Honda,Shuttle,Honda Shuttle II Рестайлинг,https://auto.ru/cars/used/sale/honda/shuttle/1134228345-99d1c479/,1439000,Красноярск,2020,,5,92000,1,Не требует ремонта,Оригинал,,"бензин, 1.5 CVT (129 л.с.)",вариатор,передний,Правый,Универсал 5 дв.,серебристый,https://avatars.avto.ru/get-autoru-vos/18104669/9265ecd0a0fb22fdd2c08bf3f7e79fab/1200x900,2026-09-22T05:50:35Z
Honda,Stream,Honda Stream II Рестайлинг,https://auto.ru/cars/used/sale/honda/stream/1134198385-b477f8ce/,1159000,Красноярск,2010,,7,228000,4,Не требует ремонта,Оригинал,,"бензин, 1.8 AT (140 л.с.)",автоматическая,передний,Правый,Компактвэн,серебристый,https://avatars.avto.ru/get-autoru-vos/20981853/603849d7384ee99beebddc5649779a51/1200x900,2026-09-22T05:50:35Z
Toyota,Ipsum,Toyota Ipsum II (M20),https://auto.ru/cars/used/sale/toyota/ipsum/1133894167-15754bde/,789000,Красноярск,2001,,6,246000,4,Не требует ремонта,Дубликат,,"бензин, 2.4 AT (160 л.с.)",автоматическая,передний,Правый,Компактвэн,серебристый,https://avatars.avto.ru/get-autoru-vos/1970300/b179ffb248d7003f1a6ac6eb4c8c9897/1200x900,2026-09-22T05:50:35Z
Kia,Venga,Kia Venga I,https://auto.ru/cars/used/sale/kia/venga/1134050869-937b3d20/,949000,Красноярск,2013,,5,120600,3,Не требует ремонта,Оригинал,,"бензин, 1.6 AT (125 л.с.)",автоматическая,передний,Левый,Компактвэн,красный,https://avatars.avto.ru/get-autoru-vos/18702491/0b00ea2eaad6cd0ed7432c2da00e3756/1200x900,2026-09-22T05:50:35Z
Renault,Logan,Renault Logan II,https://auto.ru/cars/used/sale/renault/logan/1133933290-6ffc7d1b/,659000,Красноярск,2017,,5,103500,4,Не требует ремонта,Дубликат,,"бензин, 1.6 MT (82 л.с.)",механическая,передний,Левый,Седан,белый,https://avatars.avto.ru/get-autoru-vos/18621059/8f0738b9e7e518a88c2173fd106c0589/1200x900,2026-09-22T05:50:35Z
Toyota,Picnic,Toyota Picnic II,https://auto.ru/cars/used/sale/toyota/picnic/1133537236-65acc4f8/,549000,Красноярск,2002,,5,316824,4,Не требует ремонта,Оригинал,,"бензин, 2.0 AT (150 л.с.)",автоматическая,передний,Правый,Компактвэн,серебристый,https://avatars.avto.ru/get-autoru-vos/17413889/c0f616c02dc059bea9fe5a40424d865c/1200x900,2026-09-22T05:50:35Z
Kia,Sportage,Kia Sportage III Рестайлинг,https://auto.ru/cars/used/sale/kia/sportage/1133720447-8c12c1aa/,1479000,Красноярск,2014,,5,205000,1,Не требует ремонта,Оригинал,,"бензин, 2.0 AT (150 л.с.) 4WD",автоматическая,полный,Левый,Внедорожник 5 дв.,серый,https://avatars.avto.ru/get-autoru-vos/16153624/8b00147754b1832e9d11280e494a895b/1200x900,2026-09-22T05:50:35Z
Nissan,Note,Nissan Note e-Power III,https://auto.ru/cars/used/sale/nissan/note/1134228342-26236999/,1649000,Красноярск,2021,,5,57300,1,Не требует ремонта,Оригинал,,"гибрид, e-Power 1.2hyb AT (82 л.с.)",автоматическая,передний,Правый,Хэтчбек 5 дв.,синий,https://avatars.avto.ru/get-autoru-vos/1986413/7685fb35ed3d07341435dab34d825bde/1200x900,2026-09-22T05:50:35Z
Honda,Freed,Honda Freed I Рестайлинг,https://auto.ru/cars/used/sale/honda/freed/1133908251-f9845bd3/,1079000,Красноярск,2013,,6,147000,1,Не требует ремонта,Оригинал,,"гибрид, 1.5hyb CVT (88 л.с.)",вариатор,передний,Правый,Компактвэн,серебристый,https://avatars.avto.ru/get-autoru-vos/4459107/66f938bb75c0983362f297e6e02b8ba0/1200x900,2026-09-22T05:50:35Z
Mercedes-Benz,GL-Класс,Mercedes-Benz GL-Класс 350 II (X166),https://auto.ru/cars/used/sale/mercedes/gl_klasse/1133519258-04b4d396/,3499000,Красноярск,2013,,5,164000,3,Не требует ремонта,Оригинал,GL 350 BlueTEC 4MATIC Особая серия,"дизель, 350 3.0d AT (249 л.с.) 4WD",автоматическая,полный,Левый,Внедорожник 5 дв.,коричневый,https://avatars.avto.ru/get-autoru-vos/19873021/3ad49d9b26440b343affbec0aa19299a/1200x900,2026-09-22T05:50:35Z
Subaru,Outback,Subaru Outback III Рестайлинг,https://auto.ru/cars/used/sale/subaru/outback/1133349198-fb949a00/,1099000,Красноярск,2007,,5,367000,4,Не требует ремонта,Дубликат,AC,"бензин, 2.5 AT (173 л.с.) 4WD",автоматическая,полный,Левый,Универсал 5 дв.,чёрный,https://avatars.avto.ru/get-autoru-vos/21074985/971a410bf18360a05782272e239b96f0/1200x900,2026-09-22T05:50:35Z
Nissan,Dayz Roox,Nissan Dayz Roox I Рестайлинг,https://auto.ru/cars/used/sale/nissan/dayz_roox/1133953434-25519617/,899000,Красноярск,2018,,4,125000,1,Не требует ремонта,Оригинал,,"бензин, 0.7 CVT (49 л.с.)",вариатор,передний,Правый,Хэтчбек 5 дв.,чёрный,https://avatars.avto.ru/get-autoru-vos/18090779/6028a87e355202b0319d428a7d16c925/1200x900,2026-09-22T05:50:35Z
Nissan,X-Trail,Nissan X-Trail I,https://auto.ru/cars/used/sale/nissan/x_trail/1134017444-e28478eb/,689000,Красноярск,2000,,5,194331,4,Не требует ремонта,Оригинал,,"бензин, 2.0 AT (150 л.с.) 4WD",автоматическая,полный,Правый,Внедорожник 5 дв.,серебристый,https://avatars.avto.ru/get-autoru-vos/17786981/b6ddcb1f4f06f5ee21ed5c148fbff7c7/1200x900,2026-09-22T05:50:35Z
Kia,Sportage,Kia Sportage III,https://auto.ru/cars/used/sale/kia/sportage/1133762498-32e36b4f/,1149000,Красноярск,2013,,5,243074,4,Не требует ремонта,Оригинал,,"бензин, 2.0 AT (150 л.с.)",автоматическая,передний,Левый,Внедорожник 5 дв.,серый,https://avatars.avto.ru/get-autoru-vos/20981853/26e8e5fcbf81cc6a015428da5d7aa6f5/1200x900,2026-09-22T05:50:35Z
Honda,Shuttle,Honda Shuttle II Рестайлинг,https://auto.ru/cars/used/sale/honda/shuttle/1134028655-31cd949d/,1359000,Красноярск,2019,,5,110000,1,Не требует ремонта,Оригинал,,"гибрид, 1.5hyb AMT (137 л.с.)",робот,передний,Правый,Универсал 5 дв.,серебристый,https://avatars.avto.ru/get-autoru-vos/2189734/d2388d90272def1cc49b6f1ecf2b2798/1200x900,2026-09-22T05:50:35Z
Toyota,RAV4,Toyota RAV4 III (XA30),https://auto.ru/cars/used/sale/toyota/rav_4/1134079277-bd35572a/,1499000,Красноярск,2009,,5,199883,3,Не требует ремонта,Оригинал,,"бензин, 2.4 AT (170 л.с.) 4WD",автоматическая,полный,Левый,Внедорожник 5 дв.,серебристый,https://avatars.avto.ru/get-autoru-vos/15404718/7f21e78dc6f68a193d7f88393601f461/1200x900,2026-09-22T05:50:35Z
Honda,Accord,Honda Accord VII Рестайлинг,https://auto.ru/cars/used/sale/honda/accord/1133622855-5a736eb2/,849000,Красноярск,2006,,5,293767,4,Не требует ремонта,Дубликат,,"бензин, 2.4 AT (190 л.с.)",автоматическая,передний,Левый,Седан,чёрный,https://avatars.avto.ru/get-autoru-vos/20694092/ffbfc1ee8a4a16b25b74f0ca194110ba/1200x900,2026-09-22T05:50:35Z
Toyota,Camry,Toyota Camry VII (XV50) Рестайлинг,https://auto.ru/cars/used/sale/toyota/camry/1131879499-4b1363ce/,1729000,Красноярск,2015,,5,202000,3,Не требует ремонта,Оригинал,Exclusive,"бензин, 2.5 AT (181 л.с.)",автоматическая,передний,Левый,Седан,чёрный,https://avatars.avto.ru/get-autoru-vos/18152297/27b910d6790d483df704c5ba319105fb/1200x900,2026-09-22T05:50:35Z
Nissan,Qashqai,Nissan Qashqai I,https://auto.ru/cars/used/sale/nissan/qashqai/1134079278-bd381666/,949000,Красноярск,2007,,5,171000,4,Не требует ремонта,Дубликат,,"бензин, 2.0 CVT (141 л.с.) 4WD",вариатор,полный,Левый,Внедорожник 5 дв.,синий,https://avatars.avto.ru/get-autoru-vos/2079460/991ae3499d11686513450f244f09d287/1200x900,2026-09-22T05:50:35Z
Lifan,X60,Lifan X60 I Рестайлинг 2,https://auto.ru/cars/used/sale/lifan/x60/1133961297-9be19619/,799000,Красноярск,2016,,5,192769,2,Не требует ремонта,Оригинал,,"бензин, 1.8 CVT (128 л.с.)",вариатор,передний,Левый,Внедорожник 5 дв.,серебристый,https://avatars.avto.ru/get-autoru-vos/2156821/34dcc5cf1271f5855e29ddea16a9bf32/1200x900,2026-09-22T05:50:35Z
Volkswagen,Jetta,Volkswagen Jetta VI,https://auto.ru/cars/used/sale/volkswagen/jetta/1133425608-f88d9010/,979000,Красноярск,2013,,5,141704,2,Не требует ремонта,Оригинал,Comfortline,"бензин, 1.6 MT (105 л.с.)",механическая,передний,Левый,Седан,серый,https://photo.auto.ru/photo/get-autoru-vos/20363536/GL-0O38ei1Zj8pCbzEjynrrO_uD9TTujGr5EIxoBFKyWF39J8v44H046LH90RcuyrgAB8ZnH26f1uTMw6zfDYGPEOonHY6kNO1U2b0I7oGgNSMrmyJs56xeTYu2mNwYj_JsKsrDeL4n6JnfvJFtNjGUtxmF3xXBAHXOZowg_Rmu2LA/1200x900,2026-09-22T05:50:35Z
Toyota,Corolla Rumion,Toyota Corolla Rumion,https://auto.ru/cars/used/sale/toyota/corolla_rumion/1134137714-06a22776/,1049000,Красноярск,2009,,5,142407,1,Не требует ремонта,Дубликат,,"бензин, 1.5 CVT (110 л.с.)",вариатор,передний,Правый,Универсал 5 дв.,чёрный,https://avatars.avto.ru/get-autoru-vos/20439065/32be00dc4c8978d92788f386099a909e/1200x900,2026-09-22T05:50:35Z
Toyota,Corolla,"Toyota Corolla Fielder X (E140, E150)",https://auto.ru/cars/used/sale/toyota/corolla/1133792186-4e24b22d/,929000,Красноярск,2008,,5,194000,1,Не требует ремонта,Оригинал,,"бензин, Fielder 1.8 CVT (136 л.с.)",вариатор,передний,Правый,Универсал 5 дв. Fielder,синий,https://avatars.avto.ru/get-autoru-vos/14440393/3978d9ecf21498acd2ca96e9350ec7f8/1200x900,2026-09-22T05:50:35Z
Toyota,Sienta,Toyota Sienta II Рестайлинг,https://auto.ru/cars/used/sale/toyota/sienta/1133423367-09c52e17/,1329000,Красноярск,2019,,5,109605,1,Не требует ремонта,Оригинал,,"бензин, 1.5 CVT (109 л.с.)",вариатор,передний,Правый,Компактвэн,серебристый,https://avatars.avto.ru/get-autoru-vos/18790574/26b4fa64e268cdcb100c8aed26fb5483/1200x900,2026-09-22T05:50:35Z
Toyota,RAV4,Toyota RAV4 II (XA20) Рестайлинг,https://auto.ru/cars/used/sale/toyota/rav_4/1133680527-f2bbf74b/,799000,Красноярск,2003,,5,383625,4,Не требует ремонта,Оригинал,,"бензин, 2.0 AT (150 л.с.) 4WD",автоматическая,полный,Левый,Внедорожник 5 дв.,серебристый,https://avatars.avto.ru/get-autoru-vos/17394937/12dc05892a2dd241fdca4b0480e0fab9/1200x900,2026-09-22T05:50:35Z
Toyota,Corolla,"Toyota Corolla Fielder XI (E160, E170, E180) Рестайлинг 1",https://auto.ru/cars/used/sale/toyota/corolla/1134207858-2051dd59/,1479000,Красноярск,2017,,5,152922,2,Не требует ремонта,Оригинал,,"бензин, Fielder 1.5 CVT (109 л.с.)",вариатор,передний,Правый,Универсал 5 дв. Fielder,серебристый,https://avatars.avto.ru/get-autoru-vos/20444157/c61763ad939063f7798112ab7d96a5ad/1200x900,2026-09-22T05:50:35Z
Toyota,Camry,Toyota Camry VIII (XV70),https://auto.ru/cars/used/sale/toyota/camry/1133334494-56a70602/,3099000,Красноярск,2020,,5,84652,1,Не требует ремонта,Оригинал,Стандарт Плюс,"бензин, 2.5 AT (181 л.с.)",автоматическая,передний,Левый,Седан,чёрный,https://avatars.avto.ru/get-autoru-vos/20331633/a8d9146999d3c7ad8c34fb45c0fad199/1200x900,2026-09-22T05:50:35Z
Lada (ВАЗ),XRAY,Lada (ВАЗ) XRAY Cross I,https://auto.ru/cars/used/sale/vaz/xray/1133180437-5b966c54/,1099000,Красноярск,2019,,5,118317,2,Не требует ремонта,Оригинал,BLACK,"бензин, Cross 1.6 CVT (113 л.с.)",вариатор,передний,Левый,Хэтчбек 5 дв. Cross,белый,https://avatars.avto.ru/get-autoru-vos/19634380/10e9cba203865665e810e8c7e455a428/1200x900,2026-09-22T05:50:35Z
Honda,Fit Shuttle,Honda Fit Shuttle I,https://auto.ru/cars/used/sale/honda/fit_shuttle/1133329987-72b48bb8/,1089000,Красноярск,2012,,5,183300,2,Не требует ремонта,Дубликат,,"бензин, 1.5 CVT (120 л.с.)",вариатор,передний,Правый,Универсал 5 дв.,синий,https://avatars.avto.ru/get-autoru-vos/17945344/3f34221523e33b1e944bee01c9d6d2cc/1200x900,2026-09-22T05:50:35Z
Kia,Optima,Kia Optima IV Рестайлинг,https://auto.ru/cars/used/sale/kia/optima/1134228344-166eda57/,1849000,Красноярск,2019,,5,161168,4,Не требует ремонта,Дубликат,,"бензин, 2.0 AT (150 л.с.)",автоматическая,передний,Левый,Седан,белый,https://avatars.avto.ru/get-autoru-vos/17831387/c5336cc5b30d8dc74fc6170733ded084/1200x900,2026-09-22T05:50:35Z
УАЗ,Пикап,УАЗ Пикап I Рестайлинг 2,https://auto.ru/cars/used/sale/uaz/pickup/1133956756-458f1926/,1149000,Красноярск,2021,,5,150000,3,Не требует ремонта,Оригинал,,"бензин, 2.7 MT (150 л.с.) 4WD",механическая,полный,Левый,Пикап Двойная кабина,белый,https://avatars.avto.ru/get-autoru-vos/20263483/e98bfa2700135cb08fa16eded67b24fb/1200x900,2026-09-22T05:50:35Z
Toyota,Vista,Toyota Vista V (V50),https://auto.ru/cars/used/sale/toyota/vista/1133690642-c0465122/,479000,Красноярск,1999,,5,299999,4,Не требует ремонта,Дубликат,,"бензин, 1.8 AT (130 л.с.)",автоматическая,передний,Правый,Седан,белый,https://avatars.avto.ru/get-autoru-vos/21074985/c74afe65830741bfb39f60dc495a12af/1200x900,2026-09-22T05:50:35Z
Toyota,Tank,Toyota Tank I,https://auto.ru/cars/used/sale/toyota/tank/1133563833-02edcfd5/,1449000,Красноярск,2020,,5,86334,1,Не требует ремонта,Оригинал,,"бензин, 1.0 CVT (98 л.с.)",вариатор,передний,Правый,Микровэн,белый,https://avatars.avto.ru/get-autoru-vos/17755365/8a8103c0d7dc20993d4f7299751eec8d/1200x900,2026-09-22T05:50:35Z
Mazda,Axela,Mazda Axela III Рестайлинг,https://auto.ru/cars/used/sale/mazda/axela/1133562714-6f258738/,1449000,Красноярск,2017,,5,114571,2,Не требует ремонта,Оригинал,,"дизель, 1.5d AT (105 л.с.)",автоматическая,передний,Правый,Хэтчбек 5 дв.,белый,https://avatars.avto.ru/get-autoru-vos/15416179/2ab878849a7163f52b96e7ca05915b9f/1200x900,2026-09-22T05:50:35Z
Honda,Freed,Honda Freed I,https://auto.ru/cars/used/sale/honda/freed/1134153225-97b2ef3f/,1029000,Красноярск,2009,,5,226565,2,Не требует ремонта,Оригинал,,"бензин, 1.5 CVT (118 л.с.)",вариатор,передний,Правый,Компактвэн,белый,https://avatars.avto.ru/get-autoru-vos/21083893/87bff253c7700f43e182966bcaa26ebd/1200x900,2026-09-22T05:50:35Z
Mazda,Axela,Mazda Axela III Рестайлинг,https://auto.ru/cars/used/sale/mazda/axela/1133762495-9ccede79/,1499000,Красноярск,2018,,5,100857,1,Не требует ремонта,Оригинал,,"бензин, 1.5 AT (111 л.с.)",автоматическая,передний,Правый,Хэтчбек 5 дв.,серебристый,https://avatars.avto.ru/get-autoru-vos/20022717/fdab5b65c2100c189fc3f9d13ccbc001/1200x900,2026-09-22T05:50:35Z
Mazda,6,Mazda 6 III (GJ) Рестайлинг,https://auto.ru/cars/used/sale/mazda/6/1134114741-2133e601/,1999000,Красноярск,2018,,5,132000,3,Не требует ремонта,Оригинал,,"бензин, 2.5 AT (192 л.с.)",автоматическая,передний,Левый,Седан,синий,https://avatars.avto.ru/get-autoru-vos/17913096/658636faf0d4d211a686719f5a551822/1200x900,2026-09-22T05:50:38Z
Toyota,Camry,Toyota Camry VI (XV40) Рестайлинг,https://auto.ru/cars/used/sale/toyota/camry/1133953746-df9916a5/,1339000,Красноярск,2010,,5,270000,1,Не требует ремонта,Дубликат,,"бензин, 2.4 AT (167 л.с.)",автоматическая,передний,Левый,Седан,чёрный,https://avatars.avto.ru/get-autoru-vos/2029912/a3c74aaafb5607eea1820935b42a10ad/1200x900,2026-09-22T05:50:38Z
Toyota,Camry,Toyota Camry VIII (XV70),https://auto.ru/cars/used/sale/toyota/camry/1133763440-a82f1260/,3599000,Красноярск,2020,,5,61000,4,Не требует ремонта,Оригинал,,"бензин, 3.5 AT (249 л.с.)",автоматическая,передний,Левый,Седан,белый,https://avatars.avto.ru/get-autoru-vos/20360782/5fe22d9a9c46a0c3b9ff8c7d1881e351/1200x900,2026-09-22T05:50:38Z
Ford,C-MAX,Ford C-MAX I Рестайлинг,https://auto.ru/cars/used/sale/ford/c_max/1134137715-1e71bd27/,629000,Красноярск,2008,,5,176000,4,Не требует ремонта,Оригинал,,"бензин, 2.0 AT (145 л.с.)",автоматическая,передний,Левый,Компактвэн,серый,https://avatars.avto.ru/get-autoru-vos/19798937/9c8137fa07a309cc64c125379dff528b/1200x900,2026-09-22T05:50:38Z
Toyota,Corolla,"Toyota Corolla XI (E160, E170, E180)",https://auto.ru/cars/used/sale/toyota/corolla/1133724661-8ca1875f/,1349000,Красноярск,2014,,5,294000,3,Не требует ремонта,Оригинал,,"бензин, 1.6 CVT (122 л.с.)",вариатор,передний,Левый,Седан,чёрный,https://avatars.avto.ru/get-autoru-vos/18141476/96ba69125bf6e121c2f88fcc0c81e1fa/1200x900,2026-09-22T05:50:38Z
Honda,Fit,Honda Fit III,https://auto.ru/cars/used/sale/honda/fit/1133825197-829b5db1/,1049000,Красноярск,2016,,5,110000,1,Не требует ремонта,Оригинал,,"бензин, 1.3 CVT (100 л.с.)",вариатор,передний,Правый,Хэтчбек 5 дв.,чёрный,https://avatars.avto.ru/get-autoru-vos/20894132/a61fafd8976c2851d8f46edc86151197/1200x900,2026-09-22T05:50:38Z
Volkswagen,Passat,Volkswagen Passat B7,https://auto.ru/cars/used/sale/volkswagen/passat/1134101278-1dc6f7d9/,1149000,Красноярск,2011,,5,124859,1,Не требует ремонта,Оригинал,,"бензин, 1.4 AMT (122 л.с.)",робот,передний,Правый,Универсал 5 дв.,белый,https://avatars.avto.ru/get-autoru-vos/17926310/4858c9290267729fd95a8b0d1559b848/1200x900,2026-09-22T05:50:38Z
Mazda,6,Mazda 6 II (GH),https://auto.ru/cars/used/sale/mazda/6/1133591683-1100b357/,1099000,Красноярск,2008,,5,240000,4,Не требует ремонта,Оригинал,Sport,"бензин, 2.0 AT (147 л.с.)",автоматическая,передний,Левый,Седан,синий,https://avatars.avto.ru/get-autoru-vos/20997557/fb261e4a32917e2f1e202774ac18188c/1200x900,2026-09-22T05:50:38Z
Nissan,Note,Nissan Note e-Power II Рестайлинг,https://auto.ru/cars/used/sale/nissan/note/1134079279-387972c6/,1409000,Красноярск,2018,,5,119332,1,Не требует ремонта,Оригинал,,"гибрид, e-Power 1.2hyb AT (109 л.с.)",автоматическая,передний,Правый,Хэтчбек 5 дв.,чёрный,https://avatars.avto.ru/get-autoru-vos/16348430/6de94985838875dd7f01fae4c4588ab0/1200x900,2026-09-22T05:50:38Z
Volkswagen,Golf Plus,Volkswagen Golf Plus II,https://auto.ru/cars/used/sale/volkswagen/golf_plus/1134126087-108e6e05/,809000,Красноярск,2011,,5,207000,2,Не требует ремонта,Оригинал,,"бензин, 1.6 AMT (102 л.с.)",робот,передний,Левый,Хэтчбек 5 дв.,красный,https://avatars.avto.ru/get-autoru-vos/20793990/72726d430feeee0537dbf4953ae3ebe7/1200x900,2026-09-22T05:50:38Z
Nissan,Note,Nissan Note II Рестайлинг,https://auto.ru/cars/used/sale/nissan/note/1134216042-b617792d/,1209000,Красноярск,2020,,5,39000,1,Не требует ремонта,Оригинал,,"бензин, 1.2 CVT (79 л.с.)",вариатор,передний,Правый,Хэтчбек 5 дв.,белый,https://avatars.avto.ru/get-autoru-vos/20543926/3364a0f0fd9f56be3efc2ff5f7dfa8a8/1200x900,2026-09-22T05:50:38Z
Kia,Ceed,Kia Ceed II,https://auto.ru/cars/used/sale/kia/ceed/1134143981-911a8cf2/,949000,Красноярск,2013,,5,204000,1,Не требует ремонта,Оригинал,,"бензин, 1.6 MT (129 л.с.)",механическая,передний,Левый,Универсал 5 дв.,белый,https://avatars.avto.ru/get-autoru-vos/20849947/6684fd22400fc8b0ec24e55e1737ecf0/1200x900,2026-09-22T05:50:38Z
Chevrolet,Niva,Chevrolet Niva I Рестайлинг,https://auto.ru/cars/used/sale/chevrolet/niva/1134147803-79bdd4e5/,789000,Красноярск,2018,,5,135000,2,Не требует ремонта,Оригинал,,"бензин, 1.7 MT (80 л.с.) 4WD",механическая,полный,Левый,Внедорожник 5 дв.,коричневый,https://photo.auto.ru/photo/get-autoru-vos/20390804/oKUbJvfqWznqoLlBYsFay1veIzG5lzhOaErDrsBDd-xCnkY80dU-EAdpfSsM8YyKP1yC6PoNYK3AHTOkSaDW00dJoDX8V-3L7x0e-XB0VrXQnxgS5qCjBsOtoKJMbwRu-6ctJOPyOC9v7HIqFwKHLM-sdJCnFgizdU76TY3eDs0GDg/1200x900,2026-09-22T05:50:38Z
Mazda,Demio,Mazda Demio IV (DJ),https://auto.ru/cars/used/sale/mazda/demio/1134126086-b8d259c6/,1079000,Красноярск,2017,,5,81400,1,Не требует ремонта,Оригинал,,"бензин, 1.3 AT (92 л.с.)",автоматическая,передний,Правый,Хэтчбек 5 дв.,синий,https://avatars.avto.ru/get-autoru-vos/20785675/47257b1b8005768a4e37f0c83e51b5c0/1200x900,2026-09-22T05:50:38Z
Skoda,Roomster,Skoda Roomster I,https://auto.ru/cars/used/sale/skoda/roomster/1132152304-709afce3/,629000,Красноярск,2009,,5,247000,4,Не требует ремонта,Дубликат,,"бензин, 1.6 AT (105 л.с.)",автоматическая,передний,Левый,Компактвэн,белый,https://photo.auto.ru/photo/get-autoru-vos/17712067/wMxK9EcwY8-PLV5CLuRMuEKuT_1AQNNPaK10_C7WN_iktjHyG9yxSS_PQplY8HNNH-JkhxOIJUaaeB4OL4sXrbATh-5O5hsHNqXs4HwnTrH0NwO_41y_-UWJbI1aSSODWhsLbyODry2ORUPKmPlqJGx1Oknk1-aOT7uC5DJW0BcERw/1200x900,2026-09-22T05:50:38Z
Chevrolet,Niva,Chevrolet Niva I Рестайлинг,https://auto.ru/cars/used/sale/chevrolet/niva/1133921047-5637da4e/,629000,Красноярск,2012,,5,161000,3,Не требует ремонта,Оригинал,,"бензин, 1.7 MT (80 л.с.) 4WD",механическая,полный,Левый,Внедорожник 5 дв.,синий,https://avatars.avto.ru/get-autoru-vos/17674678/05afcaf676837af2d973198c5c8997fe/1200x900,2026-09-22T05:50:38Z
Mazda,Axela,Mazda Axela I,https://auto.ru/cars/used/sale/mazda/axela/1133986928-b5177f28/,669000,Красноярск,2007,,5,410000,4,Не требует ремонта,Дубликат,,"бензин, 1.5 AT (114 л.с.)",автоматическая,передний,Правый,Хэтчбек 5 дв.,синий,https://avatars.avto.ru/get-autoru-vos/6358557/67e5ed2ae41f2478d3dfb1ec1ae9a913/1200x900,2026-09-22T05:50:38Z
Renault,Fluence,Renault Fluence I,https://auto.ru/cars/used/sale/renault/fluence/1133894165-ef75137c/,689000,Красноярск,2012,,5,143000,2,Не требует ремонта,Оригинал,,"бензин, 2.0 CVT (138 л.с.)",вариатор,передний,Левый,Седан,коричневый,https://avatars.avto.ru/get-autoru-vos/2091183/72e560e9311a6ed5a5f39f4f68c01095/1200x900,2026-09-22T05:50:38Z
Chevrolet,Niva,Chevrolet Niva I Рестайлинг,https://auto.ru/cars/used/sale/chevrolet/niva/1133358544-663fe74b/,749000,Красноярск,2011,,5,50000,2,Не требует ремонта,Оригинал,LC,"бензин, 1.7 MT (80 л.с.) 4WD",механическая,полный,Левый,Внедорожник 5 дв.,серебристый,https://avatars.avto.ru/get-autoru-vos/20200701/c15816c3231f1964cd6fc505af64045d/1200x900,2026-09-22T05:50:38Z
Toyota,Aqua,Toyota Aqua I Рестайлинг,https://auto.ru/cars/used/sale/toyota/aqua/1133865178-97d7b104/,859000,Красноярск,2016,,5,229739,1,Не требует ремонта,Оригинал,,"гибрид, 1.5hyb CVT (74 л.с.)",вариатор,передний,Правый,Хэтчбек 5 дв.,белый,https://avatars.avto.ru/get-autoru-vos/5234572/285a8b203214df8280117d26d1ac3f1b/1200x900,2026-09-22T05:50:38Z
Honda,Civic,Honda Civic IX,https://auto.ru/cars/used/sale/honda/civic/1134174695-de53d3ab/,1249000,Красноярск,2012,,5,235146,2,Не требует ремонта,Дубликат,,"бензин, 1.8 AT (142 л.с.)",автоматическая,передний,Левый,Седан,чёрный,https://avatars.avto.ru/get-autoru-vos/20606978/1d46771c9c6b9de940a50320f51c2786/1200x900,2026-09-22T05:50:38Z
Nissan,Teana,Nissan Teana II (J32) Рестайлинг,https://auto.ru/cars/used/sale/nissan/teana/1133191870-1d96433d/,1199000,Красноярск,2011,,5,151500,4,Не требует ремонта,Дубликат,Elegance,"бензин, 2.5 CVT (182 л.с.)",вариатор,передний,Левый,Седан,серый,https://avatars.avto.ru/get-autoru-vos/20657148/9aa714bc7b4a8084cb3e11c8ea6c10ae/1200x900,2026-09-22T05:50:38Z
Kia,Rio,Kia Rio III Рестайлинг,https://auto.ru/cars/used/sale/kia/rio/1134114742-85d5df7a/,1079000,Красноярск,2016,,5,121500,3,Не требует ремонта,Оригинал,,"бензин, 1.6 AT (123 л.с.)",автоматическая,передний,Левый,Хэтчбек 5 дв.,серебристый,https://avatars.avto.ru/get-autoru-vos/17737319/1832a78d5d9a288281b04503aa1db581/1200x900,2026-09-22T05:50:38Z
Honda,Civic,Honda Civic X,https://auto.ru/cars/used/sale/honda/civic/1133551456-e6df478b/,2249000,Красноярск,2018,,5,42432,1,Не требует ремонта,Оригинал,,"бензин, 1.5 CVT (182 л.с.)",вариатор,передний,Левый,Седан,синий,https://avatars.avto.ru/get-autoru-vos/20360782/49d07ed4129656329f873439ec835798/1200x900,2026-09-22T05:50:38Z
Toyota,Camry,Toyota Camry VI (XV40),https://auto.ru/cars/used/sale/toyota/camry/1134126088-0c4fe650/,1049000,Красноярск,2006,,5,296000,4,Не требует ремонта,Дубликат,,"бензин, 2.4 AT (167 л.с.)",автоматическая,передний,Левый,Седан,синий,https://avatars.avto.ru/get-autoru-vos/17690098/f6ecd69891cf0c4f795665391857ecd2/1200x900,2026-09-22T05:50:38Z
Toyota,Camry,Toyota Camry VI (XV40),https://auto.ru/cars/used/sale/toyota/camry/1134094239-5fd45d23/,949000,Красноярск,2006,,5,280000,4,Не требует ремонта,Дубликат,,"бензин, 2.4 AT (167 л.с.)",автоматическая,передний,Левый,Седан,серый,https://avatars.avto.ru/get-autoru-vos/18154113/054227d34ec409881a44272903678d28/1200x900,2026-09-22T05:50:38Z
Toyota,Camry,Toyota Camry VII (XV50),https://auto.ru/cars/used/sale/toyota/camry/1134216715-c4b32eac/,2109000,Красноярск,2013,,5,93920,1,Не требует ремонта,Оригинал,,"бензин, 2.5 AT (181 л.с.)",автоматическая,передний,Левый,Седан,серебристый,https://avatars.avto.ru/get-autoru-vos/15404718/139879ddc6e3cd5299cc06f60a8987db/1200x900,2026-09-22T05:50:38Z
Kia,Rio,Kia Rio IV,https://auto.ru/cars/used/sale/kia/rio/1133834840-0cbbf8ba/,1349000,Красноярск,2017,,5,97083,3,Не требует ремонта,Дубликат,,"бензин, 1.6 AT (123 л.с.)",автоматическая,передний,Левый,Седан,чёрный,https://avatars.avto.ru/get-autoru-vos/19063053/9afd3ea49d58b85ae7daa9a375b77f30/1200x900,2026-09-22T05:50:38Z
Honda,Fit,Honda Fit III Рестайлинг,https://auto.ru/cars/used/sale/honda/fit/1133763439-7b629c70/,1249000,Красноярск,2019,,5,56000,1,Не требует ремонта,Оригинал,,"бензин, 1.3 CVT (100 л.с.)",вариатор,передний,Правый,Хэтчбек 5 дв.,белый,https://avatars.avto.ru/get-autoru-vos/17833075/2eaec2ecb67fbe538d42632a699e159e/1200x900,2026-09-22T05:50:38Z
Volkswagen,Passat,Volkswagen Passat B7,https://auto.ru/cars/used/sale/volkswagen/passat/1134166062-2622c534/,1299000,Красноярск,2014,,5,126000,1,Не требует ремонта,Оригинал,,"бензин, 1.4 AMT (122 л.с.)",робот,передний,Правый,Универсал 5 дв.,чёрный,https://avatars.avto.ru/get-autoru-vos/17683531/2698029d235de153303048a976b548dd/1200x900,2026-09-22T05:50:38Z
Toyota,Corolla,"Toyota Corolla Fielder XI (E160, E170, E180)",https://auto.ru/cars/used/sale/toyota/corolla/1133933291-952bca81/,929000,Красноярск,2012,,5,201000,2,Не требует ремонта,Оригинал,,"бензин, Fielder 1.5 CVT (109 л.с.)",вариатор,передний,Правый,Универсал 5 дв. Fielder,серебристый,https://avatars.avto.ru/get-autoru-vos/17933380/0784f642697736f829d4a075824ecbcf/1200x900,2026-09-22T05:50:38Z
Chevrolet,Cruze,Chevrolet Cruze I,https://auto.ru/cars/used/sale/chevrolet/cruze/1133878651-891a9ff9/,869000,Красноярск,2012,,5,201000,3,Не требует ремонта,Оригинал,,"бензин, 1.8 AT (141 л.с.)",автоматическая,передний,Левый,Хэтчбек 5 дв.,белый,https://avatars.avto.ru/get-autoru-vos/17833152/ebf89ab09b1618e2e7990c095e35ef47/1200x900,2026-09-22T05:50:38Z
Toyota,Vitz,Toyota Vitz II (XP90),https://auto.ru/cars/used/sale/toyota/vitz/1133433877-f6f136c4/,549000,Красноярск,2008,,5,179623,2,Не требует ремонта,Оригинал,,"бензин, 1.0 CVT (71 л.с.)",вариатор,передний,Правый,Хэтчбек 5 дв.,белый,https://avatars.avto.ru/get-autoru-vos/20392446/ad08d93356763e4f85811fa67bb8cae8/1200x900,2026-09-22T05:50:38Z
Honda,Insight,Honda Insight II,https://auto.ru/cars/used/sale/honda/insight/1133639599-80bb11df/,829000,Красноярск,2010,,5,157520,1,Не требует ремонта,Оригинал,,"гибрид, 1.3hyb CVT (88 л.с.)",вариатор,передний,Правый,Хэтчбек 5 дв.,белый,https://avatars.avto.ru/get-autoru-vos/20671634/80318a7f77f3ef94e3c291db0f1be660/1200x900,2026-09-22T05:50:38Z
Hyundai,Solaris,Hyundai Solaris I,https://auto.ru/cars/used/sale/hyundai/solaris/1134005116-a96ba493/,829000,Красноярск,2012,,5,98600,3,Не требует ремонта,Оригинал,,"бензин, 1.4 MT (107 л.с.)",механическая,передний,Левый,Седан,серый,https://avatars.avto.ru/get-autoru-vos/20272960/b3123b966efb3d20a32eef2f016e827d/1200x900,2026-09-22T05:50:38Z
Honda,Freed,Honda Freed I,https://auto.ru/cars/used/sale/honda/freed/1133953971-27305fbd/,969000,Красноярск,2010,,5,158000,1,Не требует ремонта,Оригинал,,"бензин, 1.5 CVT (118 л.с.)",вариатор,передний,Правый,Компактвэн,серебристый,https://avatars.avto.ru/get-autoru-vos/20369579/1a8084fe4e232c23fa8901458bdb5bd4/1200x900,2026-09-22T05:50:38Z
Honda,Fit,Honda Fit IV,https://auto.ru/cars/used/sale/honda/fit/1133834842-56fdd886/,1349000,Красноярск,2022,,5,87000,1,Не требует ремонта,Оригинал,,"бензин, 1.3 CVT (98 л.с.)",вариатор,передний,Правый,Хэтчбек 5 дв.,чёрный,https://avatars.avto.ru/get-autoru-vos/17645331/2793befab8dd8b4fbc7845cbb93052b8/1200x900,2026-09-22T05:50:38Z
Toyota,Corolla,Toyota Corolla XII (E210),https://auto.ru/cars/used/sale/toyota/corolla/1133773790-d79b0cb5/,1889000,Красноярск,2019,,5,33500,1,Не требует ремонта,Оригинал,,"бензин, 1.8 CVT (140 л.с.)",вариатор,передний,Правый,Седан,белый,https://avatars.avto.ru/get-autoru-vos/20358835/ff1736c6534249ee1042226d3f308fce/1200x900,2026-09-22T05:50:41Z
Kia,Rio,Kia Rio III,https://auto.ru/cars/used/sale/kia/rio/1133451889-6e50a368/,739000,Красноярск,2015,,5,254000,4,Не требует ремонта,Дубликат,Comfort,"бензин, 1.4 AT (107 л.с.)",автоматическая,передний,Левый,Хэтчбек 5 дв.,серый,https://avatars.avto.ru/get-autoru-vos/17709910/92c28d4b6280e334abe6237e143981fe/1200x900,2026-09-22T05:50:41Z
Nissan,Almera,Nissan Almera III (G15),https://auto.ru/cars/used/sale/nissan/almera/1133905567-c65c721d/,659000,Красноярск,2014,,5,185000,4,Не требует ремонта,Дубликат,,"бензин, 1.6 AT (102 л.с.)",автоматическая,передний,Левый,Седан,белый,https://avatars.avto.ru/get-autoru-vos/5396158/61d784210ee1a6581df145770ab808bc/1200x900,2026-09-22T05:50:41Z
Nissan,Note,Nissan Note II,https://auto.ru/cars/used/sale/nissan/note/1133962524-74406aab/,1019000,Красноярск,2016,,5,103402,1,Не требует ремонта,Оригинал,,"бензин, 1.2 CVT (98 л.с.)",вариатор,передний,Правый,Хэтчбек 5 дв.,красный,https://avatars.avto.ru/get-autoru-vos/5151261/949b1141c70cfc1839398d36d985dd4e/1200x900,2026-09-22T05:50:41Z
Skoda,Rapid,Skoda Rapid I,https://auto.ru/cars/used/sale/skoda/rapid/1133397469-eeff48ac/,789000,Красноярск,2016,,5,183881,1,Не требует ремонта,Дубликат,Active,"бензин, 1.6 MT (110 л.с.)",механическая,передний,Левый,Лифтбек,чёрный,https://avatars.avto.ru/get-autoru-vos/20657148/7f7c4e3ee739e6da954e04391978bf9a/1200x900,2026-09-22T05:50:41Z
Suzuki,Wagon R,Suzuki Wagon R V Рестайлинг,https://auto.ru/cars/used/sale/suzuki/wagon_r/1133358543-d7388f95/,669000,Красноярск,2016,,4,141000,1,Не требует ремонта,Оригинал,,"бензин, 0.7 CVT (52 л.с.)",вариатор,передний,Правый,Хэтчбек 5 дв.,белый,https://avatars.avto.ru/get-autoru-vos/15268379/68dadabff6aa2f57d3d6a6330b85f359/1200x900,2026-09-22T05:50:41Z
Toyota,Auris,Toyota Auris I,https://auto.ru/cars/used/sale/toyota/auris/1133826168-1f4ec460/,649000,Красноярск,2007,,5,339586,4,Не требует ремонта,Оригинал,,"бензин, 1.6 AMT (124 л.с.)",робот,передний,Левый,Хэтчбек 5 дв.,серебристый,https://avatars.avto.ru/get-autoru-vos/16409627/813c9563eedc604f675bf68446e78ccc/1200x900,2026-09-22T05:50:41Z
Chevrolet,Niva,Chevrolet Niva I Рестайлинг,https://auto.ru/cars/used/sale/chevrolet/niva/1134065079-480941f5/,829000,Красноярск,2017,,5,119402,2,Не требует ремонта,Оригинал,,"бензин, 1.7 MT (80 л.с.) 4WD",механическая,полный,Левый,Внедорожник 5 дв.,синий,https://avatars.avto.ru/get-autoru-vos/2154849/dd59278c55d00bfad5057ff54fc11f6b/1200x900,2026-09-22T05:50:41Z
Toyota,Camry,Toyota Camry VI (XV40),https://auto.ru/cars/used/sale/toyota/camry/1133953435-934c4e64/,1409000,Красноярск,2006,,5,112000,3,Не требует ремонта,Оригинал,,"бензин, 2.4 AT (167 л.с.)",автоматическая,передний,Левый,Седан,серый,https://avatars.avto.ru/get-autoru-vos/2160179/dd38d92c77cc3ef6febb4e94d5c4dd3f/1200x900,2026-09-22T05:50:41Z
Mitsubishi,Mirage,Mitsubishi Mirage VI,https://auto.ru/cars/used/sale/mitsubishi/mirage/1134143982-8a310a44/,699000,Красноярск,2014,,5,195962,3,Не требует ремонта,Оригинал,,"бензин, 1.0 CVT (69 л.с.)",вариатор,передний,Правый,Хэтчбек 5 дв.,синий,https://avatars.avto.ru/get-autoru-vos/20341802/01a2cdb13f2b1c2f38ab99a7d0759de0/1200x900,2026-09-22T05:50:41Z
Toyota,Vitz,Toyota Vitz III (XP130) Рестайлинг 2,https://auto.ru/cars/used/sale/toyota/vitz/1133488122-d7ed7bb4/,929000,Красноярск,2019,,5,103395,2,Не требует ремонта,Оригинал,,"бензин, 1.0 CVT (69 л.с.)",вариатор,передний,Правый,Хэтчбек 5 дв.,серебристый,https://avatars.avto.ru/get-autoru-vos/19700919/58527a4122f4d2993ee4d9a0cbe99537/1200x900,2026-09-22T05:50:41Z
Toyota,Corolla,"Toyota Corolla Fielder X (E140, E150)",https://auto.ru/cars/used/sale/toyota/corolla/1134101925-b59cfe22/,759000,Красноярск,2008,,5,210000,4,Не требует ремонта,Оригинал,,"бензин, Fielder 1.5 CVT (110 л.с.)",вариатор,передний,Правый,Универсал 5 дв. Fielder,белый,https://avatars.avto.ru/get-autoru-vos/15688781/59871b108e9db3c1c55710924770d7de/1200x900,2026-09-22T05:50:41Z
Toyota,Camry,Toyota Camry VII (XV50) Рестайлинг,https://auto.ru/cars/used/sale/toyota/camry/1133441075-63f32144/,2399000,Красноярск,2015,,5,243000,4,Не требует ремонта,Оригинал,Люкс,"бензин, 3.5 AT (249 л.с.)",автоматическая,передний,Левый,Седан,чёрный,https://avatars.avto.ru/get-autoru-vos/20358835/06d9eb40dccae32372ca1cbcaa6b3c24/1200x900,2026-09-22T05:50:41Z
Nissan,Tiida,Nissan Tiida I,https://auto.ru/cars/used/sale/nissan/tiida/1133794232-60509055/,409000,Красноярск,2005,,5,262144,4,Не требует ремонта,Оригинал,,"бензин, 1.5 AT (109 л.с.) 4WD",автоматическая,полный,Правый,Хэтчбек 5 дв.,красный,https://avatars.avto.ru/get-autoru-vos/20291570/5f40a791faf137b4b2461352af3fda9c/1200x900,2026-09-22T05:50:41Z
Toyota,Passo,Toyota Passo II (C30),https://auto.ru/cars/used/sale/toyota/passo/1134126085-253310f3/,749000,Красноярск,2014,,5,45700,1,Не требует ремонта,Оригинал,,"бензин, 1.0 CVT (69 л.с.)",вариатор,передний,Правый,Хэтчбек 5 дв.,красный,https://avatars.avto.ru/get-autoru-vos/18148556/052ecb82f79d9ea83326cb4cd916edf1/1200x900,2026-09-22T05:50:41Z
Toyota,Aqua,Toyota Aqua I Рестайлинг,https://auto.ru/cars/used/sale/toyota/aqua/1134066033-35d1f9e8/,999000,Красноярск,2015,,5,137500,1,Не требует ремонта,Оригинал,,"гибрид, 1.5hyb CVT (74 л.с.)",вариатор,передний,Правый,Хэтчбек 5 дв.,розовый,https://avatars.avto.ru/get-autoru-vos/20141841/d86609e4ed26726a098182b5f08e20c6/1200x900,2026-09-22T05:50:41Z
Lada (ВАЗ),XRAY,Lada (ВАЗ) XRAY Cross I,https://auto.ru/cars/used/sale/vaz/xray/1133825198-21ac463e/,949000,Красноярск,2018,,5,69000,4,Не требует ремонта,Оригинал,,"бензин, Cross 1.8 MT (122 л.с.)",механическая,передний,Левый,Хэтчбек 5 дв. Cross,белый,https://avatars.avto.ru/get-autoru-vos/6214220/2aad40ff5e8dca5f08f99b68d5aa933e/1200x900,2026-09-22T05:50:41Z
Honda,Fit,Honda Fit II,https://auto.ru/cars/used/sale/honda/fit/1133466155-e74be3ba/,859000,Красноярск,2013,,5,93000,4,Не требует ремонта,Оригинал,,"бензин, 1.3 CVT (100 л.с.)",вариатор,передний,Правый,Хэтчбек 5 дв.,чёрный,https://avatars.avto.ru/get-autoru-vos/20335149/2fe4bcb0d621971344fd41e99aeb9c23/1200x900,2026-09-22T05:50:41Z
Citroen,C4,Citroen C4 II,https://auto.ru/cars/used/sale/citroen/c4/1134114633-19f2657b/,649000,Красноярск,2012,,5,157000,4,Не требует ремонта,Дубликат,,"бензин, 1.6 AT (120 л.с.)",автоматическая,передний,Левый,Хэтчбек 5 дв.,чёрный,https://avatars.avto.ru/get-autoru-vos/21151957/791787cd9cbd4704375318dfb39238fb/1200x900,2026-09-22T05:50:41Z
Toyota,Vitz,Toyota Vitz III (XP130) Рестайлинг 2,https://auto.ru/cars/used/sale/toyota/vitz/1134191489-0ade2d0c/,999000,Красноярск,2019,,5,88500,1,Не требует ремонта,Оригинал,,"бензин, 1.0 CVT (69 л.с.)",вариатор,передний,Правый,Хэтчбек 5 дв.,белый,https://avatars.avto.ru/get-autoru-vos/17831387/d6f5fbfdba47eb3fbd50d64029029af1/1200x900,2026-09-22T05:50:41Z
Toyota,Corolla,"Toyota Corolla Fielder IX (E120, E130)",https://auto.ru/cars/used/sale/toyota/corolla/1133953437-28eb4e78/,669000,Красноярск,2004,,5,250000,4,Не требует ремонта,Дубликат,,"бензин, Fielder 1.5 AT (110 л.с.)",автоматическая,передний,Правый,Универсал 5 дв. Fielder,белый,https://avatars.avto.ru/get-autoru-vos/19849727/16084c984b78c35a2c35d6c88be48c9d/1200x900,2026-09-22T05:50:41Z
Toyota,Vitz,Toyota Vitz III (XP130) Рестайлинг,https://auto.ru/cars/used/sale/toyota/vitz/1133885233-ef0f2134/,849000,Красноярск,2015,,5,136780,1,Не требует ремонта,Оригинал,,"бензин, 1.0 CVT (69 л.с.)",вариатор,передний,Правый,Хэтчбек 5 дв.,серебристый,https://avatars.avto.ru/get-autoru-vos/20657148/2f93bd9e30d8d18721139d65dbe3d3d7/1200x900,2026-09-22T05:50:41Z
Mercedes-Benz,E-Класс,"Mercedes-Benz E-Класс 200 IV (W212, S212, C207) Рестайлинг",https://auto.ru/cars/used/sale/mercedes/e_klasse/1131322988-bc82a368/,1999000,Красноярск,2013,,5,230000,4,Не требует ремонта,Дубликат,E200,"бензин, 200 2.0 AT (184 л.с.)",автоматическая,задний,Левый,Седан,чёрный,https://avatars.avto.ru/get-autoru-vos/17435526/8f20e35a9781d6adfe2cc938f4db89ab/1200x900,2026-09-22T05:50:41Z
Toyota,Vitz,Toyota Vitz III (XP130) Рестайлинг,https://auto.ru/cars/used/sale/toyota/vitz/1132878974-8341a196/,929000,Красноярск,2016,,5,130000,1,Не требует ремонта,Оригинал,,"бензин, 1.3 CVT (99 л.с.)",вариатор,передний,Правый,Хэтчбек 5 дв.,белый,https://avatars.avto.ru/get-autoru-vos/16383606/803ed33f2eda0504226d3c544c496eb0/1200x900,2026-09-22T05:50:41Z
Kia,Rio,Kia Rio 5-speed III,https://auto.ru/cars/used/sale/kia/rio/1133900662-26ec7c43/,849000,Красноярск,2012,,5,192000,3,Не требует ремонта,Дубликат,,"бензин, 5-speed 1.6 MT (123 л.с.)",механическая,передний,Левый,Седан,белый,https://avatars.avto.ru/get-autoru-vos/20104625/e16e125da3674ee74251acf52f5b9eeb/1200x900,2026-09-22T05:50:41Z
Toyota,Corolla,"Toyota Corolla Fielder X (E140, E150) Рестайлинг",https://auto.ru/cars/used/sale/toyota/corolla/1133964503-fd543864/,899000,Красноярск,2010,,5,190730,4,Не требует ремонта,Оригинал,,"бензин, Fielder 1.8 CVT (136 л.с.)",вариатор,передний,Правый,Универсал 5 дв. Fielder,серебристый,https://photo.auto.ru/photo/get-autoru-vos/2058600/ypu1RoxkWCyWqtnDrmVPyrGHExVF_UvsOXxfRRUFUecM4GacQBCRhW52l3jm0-6-n1pwrT29vG8d0SD65IqJ2fnKcrdsn5lBAeM2lW4m0U4ovSjT1L7G_svw2PkWnM80NNT-mAHjwBh9TtyPHD4fuWAv4-9gR_PAUxvobuKsTbk0Xhg/1200x900,2026-09-22T05:50:41Z
Toyota,Corolla,"Toyota Corolla Fielder X (E140, E150) Рестайлинг",https://auto.ru/cars/used/sale/toyota/corolla/1133494060-a8478d97/,819000,Красноярск,2008,,5,301704,4,Не требует ремонта,Дубликат,,"бензин, Fielder 1.8 CVT (136 л.с.)",вариатор,передний,Правый,Универсал 5 дв. Fielder,белый,https://avatars.avto.ru/get-autoru-vos/20785675/96591c68edba8c19dad36bd1923af29f/1200x900,2026-09-22T05:50:41Z
Toyota,Vitz,Toyota Vitz III (XP130) Рестайлинг 2,https://auto.ru/cars/used/sale/toyota/vitz/1133933992-e823a09e/,899000,Красноярск,2017,,5,199923,1,Не требует ремонта,Оригинал,,"бензин, 1.3 CVT (95 л.с.) 4WD",вариатор,полный,Правый,Хэтчбек 5 дв.,белый,https://avatars.avto.ru/get-autoru-vos/17913096/47e043e53b65166e0ea2c31dd3aa8b2c/1200x900,2026-09-22T05:50:41Z
Nissan,Note,Nissan Note I Рестайлинг,https://auto.ru/cars/used/sale/nissan/note/1134207859-a0e775c7/,639000,Красноярск,2008,,5,194312,3,Не требует ремонта,Оригинал,,"бензин, 1.5 CVT (109 л.с.)",вариатор,передний,Правый,Хэтчбек 5 дв.,фиолетовый,https://avatars.avto.ru/get-autoru-vos/20444157/c344a5acfc48912c552a5c58f432f39a/1200x900,2026-09-22T05:50:41Z
Hyundai,Sonata,Hyundai Sonata VIII (DN8),https://auto.ru/cars/used/sale/hyundai/sonata/1134056788-eedb8444/,2149000,Красноярск,2020,,5,134141,3,Не требует ремонта,Оригинал,,"бензин, 2.5 AT (180 л.с.)",автоматическая,передний,Левый,Седан,серебристый,https://avatars.avto.ru/get-autoru-vos/21002260/71de9054fa862a7eb3075ab259270ccb/1200x900,2026-09-22T05:50:41Z
Toyota,Camry,Toyota Camry VII (XV50) Рестайлинг,https://auto.ru/cars/used/sale/toyota/camry/1134216716-bfef8421/,2399000,Красноярск,2016,,5,149902,1,Не требует ремонта,Оригинал,,"бензин, 2.5 AT (181 л.с.)",автоматическая,передний,Левый,Седан,чёрный,https://avatars.avto.ru/get-autoru-vos/20134224/2c5a7c365674447c0a848cd54e0e612d/1200x900,2026-09-22T05:50:41Z
Volkswagen,Polo,Volkswagen Polo V Рестайлинг,https://auto.ru/cars/used/sale/volkswagen/polo/1133878650-22bf1179/,969000,Красноярск,2018,,5,164500,2,Не требует ремонта,Оригинал,,"бензин, 1.6 MT (110 л.с.)",механическая,передний,Левый,Седан,белый,https://avatars.avto.ru/get-autoru-vos/20543926/83a69f204cd4421a3707174560cbf843/1200x900,2026-09-22T05:50:41Z
Mazda,3,Mazda 3 I (BK) Рестайлинг,https://auto.ru/cars/used/sale/mazda/3/1134126089-a80b1543/,569000,Красноярск,2008,,5,158134,4,Не требует ремонта,Дубликат,,"бензин, 1.6 MT (105 л.с.)",механическая,передний,Правый,Хэтчбек 5 дв.,чёрный,https://avatars.avto.ru/get-autoru-vos/20556383/a55028cdf0aac1c3eab401bf00dff817/1200x900,2026-09-22T05:50:41Z
Toyota,Passo,Toyota Passo II (C30),https://auto.ru/cars/used/sale/toyota/passo/1134095142-9a816688/,699000,Красноярск,2011,,5,49000,2,Не требует ремонта,Оригинал,,"бензин, 1.0 CVT (69 л.с.)",вариатор,передний,Правый,Хэтчбек 5 дв.,розовый,https://avatars.avto.ru/get-autoru-vos/18536126/ca1b384d41b437c069144db70a37c031/1200x900,2026-09-22T05:50:41Z
Nissan,Dayz,Nissan Dayz I Рестайлинг,https://auto.ru/cars/used/sale/nissan/dayz/1133667512-dc7df9ad/,899000,Красноярск,2018,,4,117000,1,Не требует ремонта,Оригинал,,"бензин, 0.7 CVT (49 л.с.)",вариатор,передний,Правый,Хэтчбек 5 дв.,белый,https://avatars.avto.ru/get-autoru-vos/16976316/a40dbc33739fd86b79cbfdacb24b8a5a/1200x900,2026-09-22T05:50:41Z
Hyundai,Elantra,Hyundai Elantra IV (HD),https://auto.ru/cars/used/sale/hyundai/elantra/1133977445-c991ab06/,709000,Красноярск,2009,,5,200000,4,Не требует ремонта,Дубликат,,"бензин, 1.6 AT (122 л.с.)",автоматическая,передний,Левый,Седан,синий,https://avatars.avto.ru/get-autoru-vos/18154113/d2cc3eac3bf0c0297e4acb27e5bfb792/1200x900,2026-09-22T05:50:41Z
Toyota,Camry,Toyota Camry VIII (XV70),https://auto.ru/cars/used/sale/toyota/camry/1132914684-b723c9a8/,2099000,Красноярск,2017,,5,125000,3,Не требует ремонта,Оригинал,,"гибрид, 2.5hyb CVT (178 л.с.)",вариатор,передний,Правый,Седан,синий,https://avatars.avto.ru/get-autoru-vos/17981265/e2ce00f5164df6dddf07483d7e2c5a6c/1200x900,2026-09-22T05:50:41Z
Skoda,Octavia,Skoda Octavia III (A7) Рестайлинг,https://auto.ru/cars/used/sale/skoda/octavia/1133424169-c4ad5dc1/,2099000,Красноярск,2018,,5,95000,2,Не требует ремонта,Оригинал,Ambition,"бензин, 1.8 AMT (180 л.с.)",робот,передний,Левый,Лифтбек,синий,https://avatars.avto.ru/get-autoru-vos/20363536/6bf514fbdf9481e66199f5f7b30d72b6/1200x900,2026-09-22T05:50:43Z
Toyota,Yaris,Toyota Yaris IV,https://auto.ru/cars/used/sale/toyota/yaris/1133622070-8b9f7293/,1149000,Красноярск,2021,,5,78000,1,Не требует ремонта,Оригинал,,"бензин, 1.0 CVT (72 л.с.)",вариатор,передний,Правый,Хэтчбек 5 дв.,чёрный,https://avatars.avto.ru/get-autoru-vos/18861955/6d60c38e6ab5b821103bc354ee59c589/1200x900,2026-09-22T05:50:43Z
Subaru,Impreza,Subaru Impreza IV Рестайлинг,https://auto.ru/cars/used/sale/subaru/impreza/1133579209-b5575740/,1249000,Красноярск,2014,,5,131000,1,Не требует ремонта,Оригинал,,"бензин, 1.6 CVT (114 л.с.)",вариатор,передний,Правый,Хэтчбек 5 дв.,белый,https://photo.auto.ru/photo/get-autoru-vos/16838867/5-aH2P4UMWB5ZaqC4N52RYQI-yS8t5xoBbqZ9TRmsFjPm9FLawqaaAGeGgblIOcqh6mXjS8_gHTStyocNtPrnEOI9A2XMt1S_ZBEDL75wclbeuFmLpsDAHbL1sZH0iHkG5MFNeJ6gz_myYxYjIpTBzJ6ANz93gSLycQDPBEmFlD7qWQ/1200x900,2026-09-22T05:50:43Z
Datsun,on-DO,Datsun on-DO I,https://auto.ru/cars/used/sale/datsun/on_do/1133955956-27872f7a/,569000,Красноярск,2016,,5,71455,4,Не требует ремонта,Дубликат,,"бензин, 1.6 MT (87 л.с.)",механическая,передний,Левый,Седан,серебристый,https://avatars.avto.ru/get-autoru-vos/17674678/1aad7d78863448f9e34ffab84c5c2507/1200x900,2026-09-22T05:50:43Z
Hyundai,Solaris,Hyundai Solaris I Рестайлинг,https://auto.ru/cars/used/sale/hyundai/solaris/1134167067-440dc77b/,749000,Красноярск,2015,,5,143000,3,Не требует ремонта,Дубликат,,"бензин, 1.6 MT (123 л.с.)",механическая,передний,Левый,Седан,серый,https://avatars.avto.ru/get-autoru-vos/20134224/d5f84c371a0d1c61de1dd9bd896da3fc/1200x900,2026-09-22T05:50:43Z
Chevrolet,Aveo,Chevrolet Aveo I Рестайлинг,https://auto.ru/cars/used/sale/chevrolet/aveo/1133893130-0414d336/,399000,Красноярск,2010,,5,226000,3,Не требует ремонта,Оригинал,,"бензин, 1.4 MT (101 л.с.)",механическая,передний,Левый,Хэтчбек 5 дв.,белый,https://avatars.avto.ru/get-autoru-vos/2045905/beca8d841b07eec8347f4e7448519dac/1200x900,2026-09-22T05:50:43Z
Nissan,Tiida,Nissan Tiida I,https://auto.ru/cars/used/sale/nissan/tiida/1133339487-e8f2846b/,599000,Красноярск,2009,,5,229000,4,Не требует ремонта,Оригинал,,"бензин, 1.5 CVT (109 л.с.)",вариатор,передний,Правый,Хэтчбек 5 дв.,синий,https://avatars.avto.ru/get-autoru-vos/20331633/b9ecbd8ede60d54f3f2ce7b570f0e5ef/1200x900,2026-09-22T05:50:43Z
Lada (ВАЗ),XRAY,Lada (ВАЗ) XRAY I,https://auto.ru/cars/used/sale/vaz/xray/1133680528-5762b171/,699000,Красноярск,2016,,5,117199,2,Не требует ремонта,Дубликат,,"бензин, 1.8 AMT (122 л.с.)",робот,передний,Левый,Хэтчбек 5 дв.,серый,https://avatars.avto.ru/get-autoru-vos/17844485/cce26729086166640a538f91297ceaf1/1200x900,2026-09-22T05:50:43Z
Nissan,Note,Nissan Note e-Power II Рестайлинг,https://auto.ru/cars/used/sale/nissan/note/1134050868-0ddbb291/,1429000,Красноярск,2019,,5,82262,1,Не требует ремонта,Оригинал,,"гибрид, e-Power 1.2hyb AT (109 л.с.)",автоматическая,передний,Правый,Хэтчбек 5 дв.,чёрный,https://avatars.avto.ru/get-autoru-vos/18535762/10b657b48fd8a43f84a8c3b74f10ab52/1200x900,2026-09-22T05:50:43Z
Ford,Focus,Ford Focus III,https://auto.ru/cars/used/sale/ford/focus/1133691154-ec55b3ff/,749000,Красноярск,2012,,5,181018,4,Не требует ремонта,Дубликат,,"бензин, 2.0 AMT (150 л.с.)",робот,передний,Левый,Хэтчбек 5 дв.,чёрный,https://avatars.avto.ru/get-autoru-vos/20694092/c00782b8bc935bdd635f320c809c617d/1200x900,2026-09-22T05:50:43Z
Datsun,on-DO,Datsun on-DO I Рестайлинг,https://auto.ru/cars/used/sale/datsun/on_do/1133668825-73ac507a/,669000,Красноярск,2020,,5,45000,2,Не требует ремонта,Оригинал,,"бензин, 1.6 MT (87 л.с.)",механическая,передний,Левый,Седан,серебристый,https://avatars.avto.ru/get-autoru-vos/20033387/f458e242db147b828351bcd49b65aae5/1200x900,2026-09-22T05:50:43Z
Nissan,Note,Nissan Note II,https://auto.ru/cars/used/sale/nissan/note/1133773793-4a8e8abb/,999000,Красноярск,2016,,5,102000,1,Не требует ремонта,Оригинал,,"бензин, 1.2 CVT (79 л.с.)",вариатор,передний,Правый,Хэтчбек 5 дв.,чёрный,https://avatars.avto.ru/get-autoru-vos/17755365/c322daecb1a09e707336bedafc5a48f1/1200x900,2026-09-22T05:50:43Z
Ford,Focus,Ford Focus III,https://auto.ru/cars/used/sale/ford/focus/1132936273-3fe8a88a/,949000,Красноярск,2013,,5,117135,3,Не требует ремонта,Оригинал,Titanium,"бензин, 2.0 AMT (150 л.с.)",робот,передний,Левый,Хэтчбек 5 дв.,серый,https://avatars.avto.ru/get-autoru-vos/16510904/a6f64b5a340df7eae7dac1f9a3a0dbd7/1200x900,2026-09-22T05:50:43Z
Skoda,Octavia,Skoda Octavia II (A5),https://auto.ru/cars/used/sale/skoda/octavia/1133709129-3bb79ee7/,599000,Красноярск,2008,,5,214336,4,Не требует ремонта,Дубликат,,"бензин, 1.6 AT (102 л.с.)",автоматическая,передний,Левый,Лифтбек,серый,https://avatars.avto.ru/get-autoru-vos/18535762/2cf55f09d032f97fc33e72c57359b86b/1200x900,2026-09-22T05:50:43Z
Chevrolet,Aveo,Chevrolet Aveo I,https://auto.ru/cars/used/sale/chevrolet/aveo/1132689787-f7730f7e/,299000,Красноярск,2005,,5,225000,4,Не требует ремонта,Оригинал,,"бензин, 1.4 MT (94 л.с.)",механическая,передний,Левый,Седан,красный,https://avatars.avto.ru/get-autoru-vos/20341802/49e9bed6da040cc51b0356c19934545c/1200x900,2026-09-22T05:50:43Z
Toyota,Vitz,Toyota Vitz III (XP130) Рестайлинг 2,https://auto.ru/cars/used/sale/toyota/vitz/1133533869-bcff8d3b/,899000,Красноярск,2019,,5,115836,1,Не требует ремонта,Оригинал,,"бензин, 1.0 CVT (69 л.с.)",вариатор,передний,Правый,Хэтчбек 5 дв.,чёрный,https://avatars.avto.ru/get-autoru-vos/20054636/b8262cd3bd5954caed109066bc2e5c33/1200x900,2026-09-22T05:50:43Z
Suzuki,Swift,Suzuki Swift IV,https://auto.ru/cars/used/sale/suzuki/swift/1134198386-7f75a659/,859000,Красноярск,2012,,5,81000,4,Не требует ремонта,Оригинал,,"бензин, 1.2 CVT (91 л.с.)",вариатор,передний,Правый,Хэтчбек 5 дв.,синий,https://avatars.avto.ru/get-autoru-vos/20200701/e1c454150dd02b452262fe5211258559/1200x900,2026-09-22T05:50:43Z
Chevrolet,Cruze,Chevrolet Cruze I,https://auto.ru/cars/used/sale/chevrolet/cruze/1134042540-ed85b528/,779000,Красноярск,2011,,5,213000,4,Не требует ремонта,Дубликат,,"бензин, 1.6 AT (109 л.с.)",автоматическая,передний,Левый,Седан,серебристый,https://avatars.avto.ru/get-autoru-vos/16743792/f7aa44bdbecf5f5b7d81b4f8cff596ce/1200x900,2026-09-22T05:50:43Z
Mitsubishi,Colt,Mitsubishi Colt Plus VI (Z20/Z30),https://auto.ru/cars/used/sale/mitsubishi/colt/1133781105-3a90cd92/,539000,Красноярск,2008,,5,168500,2,Не требует ремонта,Оригинал,,"бензин, Plus 1.5 CVT (105 л.с.)",вариатор,передний,Правый,Универсал 5 дв. Plus,серебристый,https://photo.auto.ru/photo/get-autoru-vos/16503020/W_gXPh3LlC7EqDj0LTXhfRurYQYscODDAhvNpVHjFv5ukeE36favX-E33aSHhkK2NECWbPkHOBVa-AN3cmM3qOFVaZaRGr697eUpAr2zhyy12am-CsYQrClVIpqCn_bpk3UkmyxX6e6LFHdhAQ0_rM5Cnz1nISB-bYqkfqUUE-a2-pU/1200x900,2026-09-22T05:50:43Z
Opel,Corsa,Opel Corsa D Рестайлинг II,https://auto.ru/cars/used/sale/opel/corsa/1134174694-540fdd73/,729000,Красноярск,2011,,5,80735,3,Не требует ремонта,Оригинал,,"бензин, 1.4 AT (100 л.с.)",автоматическая,передний,Левый,Хэтчбек 5 дв.,белый,https://avatars.avto.ru/get-autoru-vos/15404718/b9b00647a26532f8c0b092800a0b3572/1200x900,2026-09-22T05:50:43Z
Toyota,Corolla,"Toyota Corolla IX (E120, E130) Рестайлинг",https://auto.ru/cars/used/sale/toyota/corolla/1133394581-783dd767/,739000,Красноярск,2006,,5,233000,4,Не требует ремонта,Дубликат,,"бензин, 1.6 AT (110 л.с.)",автоматическая,передний,Левый,Хэтчбек 5 дв.,серый,https://avatars.avto.ru/get-autoru-vos/18106725/f214122e13db6f81c2b2e81a0adab11c/1200x900,2026-09-22T05:50:43Z
Chevrolet,Cruze,Chevrolet Cruze I,https://auto.ru/cars/used/sale/chevrolet/cruze/1134042539-57fba3fa/,749000,Красноярск,2011,,5,195000,4,Не требует ремонта,Дубликат,,"бензин, 1.6 AT (109 л.с.)",автоматическая,передний,Левый,Седан,серебристый,https://avatars.avto.ru/get-autoru-vos/2157511/8feb729e8e2b17413f902ac69d2b6d7a/1200x900,2026-09-22T05:50:43Z
Opel,Astra,Opel Astra J,https://auto.ru/cars/used/sale/opel/astra/1134066034-3f18c210/,629000,Красноярск,2011,,5,175161,2,Не требует ремонта,Оригинал,,"бензин, 1.6 MT (115 л.с.)",механическая,передний,Левый,Хэтчбек 5 дв.,серебристый,https://avatars.avto.ru/get-autoru-vos/17394937/94af9a2f93f319586076c4a205a55859/1200x900,2026-09-22T05:50:43Z
Opel,Astra,Opel Astra J Рестайлинг,https://auto.ru/cars/used/sale/opel/astra/1134074424-757e6d93/,849000,Красноярск,2013,,5,189000,4,Не требует ремонта,Дубликат,,"бензин, 1.6 AT (115 л.с.)",автоматическая,передний,Левый,Хэтчбек 5 дв.,чёрный,https://avatars.avto.ru/get-autoru-vos/4968723/bd653e65f1043e9c2c14d7ada2975789/1200x900,2026-09-22T05:50:43Z
Lada (ВАЗ),Vesta,Lada (ВАЗ) Vesta I Рестайлинг (NG),https://auto.ru/cars/used/sale/vaz/vesta/1133694215-4290ab8c/,1149000,Красноярск,2024,,5,47728,1,Не требует ремонта,Оригинал,,"бензин, 1.8 CVT (122 л.с.)",вариатор,передний,Левый,Седан,белый,https://avatars.avto.ru/get-autoru-vos/15404718/378d4d2d3611ad87f2cebf7b676e384c/1200x900,2026-09-22T05:50:43Z
Volkswagen,Golf,Volkswagen Golf VII Рестайлинг,https://auto.ru/cars/used/sale/volkswagen/golf/1132741070-23f37e5b/,1499000,Красноярск,2018,,5,40200,1,Не требует ремонта,Оригинал,,"бензин, 1.2 AMT (105 л.с.)",робот,передний,Правый,Универсал 5 дв.,белый,https://avatars.avto.ru/get-autoru-vos/17926310/8730f791c312e875b0bd34d87a2df89e/1200x900,2026-09-22T05:50:43Z
Mitsubishi,Lancer,Mitsubishi Lancer X Рестайлинг,https://auto.ru/cars/used/sale/mitsubishi/lancer/1133921046-c5a469fd/,899000,Красноярск,2013,,5,285000,1,Не требует ремонта,Оригинал,,"бензин, 1.6 AT (117 л.с.)",автоматическая,передний,Левый,Седан,серебристый,https://avatars.avto.ru/get-autoru-vos/17714294/488f8703dd75225ba18b0561381310b4/1200x900,2026-09-22T05:50:43Z
Nissan,Note,Nissan Note II,https://auto.ru/cars/used/sale/nissan/note/1133852399-eb55c982/,929000,Красноярск,2015,,5,104803,1,Не требует ремонта,Оригинал,,"бензин, 1.2 CVT (79 л.с.)",вариатор,передний,Правый,Хэтчбек 5 дв.,белый,https://avatars.avto.ru/get-autoru-vos/20102415/2ee3a7ec712b2b3f9115642a62fcb870/1200x900,2026-09-22T05:50:43Z
Hyundai,Solaris,Hyundai Solaris II,https://auto.ru/cars/used/sale/hyundai/solaris/1134028656-32810d4b/,1599000,Красноярск,2019,,5,49600,1,Не требует ремонта,Оригинал,,"бензин, 1.6 AT (123 л.с.)",автоматическая,передний,Левый,Седан,белый,https://avatars.avto.ru/get-autoru-vos/17909659/de63f07f174f854681d80a7f0db82dba/1200x900,2026-09-22T05:50:43Z
Toyota,Corolla,"Toyota Corolla XI (E160, E170, E180)",https://auto.ru/cars/used/sale/toyota/corolla/1133667511-11b4cc9c/,1469000,Красноярск,2013,,5,160000,4,Не требует ремонта,Оригинал,,"бензин, 1.8 CVT (140 л.с.)",вариатор,передний,Левый,Седан,белый,https://photo.auto.ru/photo/get-autoru-vos/17973312/3izXF7j4vqiZOxqWsFcfiUpU-bhrcJZ8UdejvHvmLu2HNkkQvfS8dbhPbzKmEr_8X0JEVnwhQ-pQk28Y_ucuqAE6uzW4ydYrbMthXvuD1hcZSoEc_5-T7Um7xYooGxEtovd6kp1FHZoPEUJq-szeT5buD0skQJzg6MXaREwAzPgoOa8/1200x900,2026-09-22T05:50:43Z
Ford,Focus,Ford Focus III Рестайлинг,https://auto.ru/cars/used/sale/ford/focus/1133774862-bdb59d60/,1179000,Красноярск,2018,,5,58000,2,Не требует ремонта,Оригинал,,"бензин, 1.6 AMT (125 л.с.)",робот,передний,Левый,Хэтчбек 5 дв.,белый,https://avatars.avto.ru/get-autoru-vos/15584432/cfd7cfe82a3296501589559938379f14/1200x900,2026-09-22T05:50:43Z
Nissan,Almera,Nissan Almera III (G15),https://auto.ru/cars/used/sale/nissan/almera/1133825196-953f5f00/,449000,Красноярск,2014,,5,350000,3,Не требует ремонта,Оригинал,,"бензин, 1.6 MT (102 л.с.)",механическая,передний,Левый,Седан,чёрный,https://avatars.avto.ru/get-autoru-vos/16673081/d5bd03b9191405c68b83e46ab1fba791/1200x900,2026-09-22T05:50:43Z
Toyota,Corolla,"Toyota Corolla X (E140, E150) Рестайлинг",https://auto.ru/cars/used/sale/toyota/corolla/1133793049-8be9df48/,849000,Красноярск,2010,,5,247000,4,Не требует ремонта,Дубликат,,"бензин, 1.6 AT (124 л.с.)",автоматическая,передний,Левый,Седан,белый,https://avatars.avto.ru/get-autoru-vos/20036242/088dc41924aef19f4e12c85ad4e6e64b/1200x900,2026-09-22T05:50:43Z
Nissan,March,Nissan March IV (K13) Рестайлинг,https://auto.ru/cars/used/sale/nissan/march/1134017445-60d894d9/,779000,Красноярск,2019,,5,196000,1,Не требует ремонта,Оригинал,,"бензин, 1.2 CVT (79 л.с.)",вариатор,передний,Правый,Хэтчбек 5 дв.,красный,https://avatars.avto.ru/get-autoru-vos/20180167/4bd19e630fd7562f7f862decaf036bb6/1200x900,2026-09-22T05:50:43Z
Toyota,Camry,Toyota Camry VI (XV40),https://auto.ru/cars/used/sale/toyota/camry/1134075415-177ba23b/,1229000,Красноярск,2008,,5,390000,4,Не требует ремонта,Дубликат,,"бензин, 2.4 AT (167 л.с.)",автоматическая,передний,Левый,Седан,серебристый,https://avatars.avto.ru/get-autoru-vos/18621059/d120cdc02d6b1ef333ddaf4e1a4404ec/1200x900,2026-09-22T05:50:43Z
Ford,Focus,Ford Focus III,https://auto.ru/cars/used/sale/ford/focus/1134074422-e53d9fb2/,879000,Красноярск,2014,,5,251000,4,Не требует ремонта,Дубликат,,"бензин, 1.6 MT (125 л.с.)",механическая,передний,Левый,Хэтчбек 5 дв.,белый,https://avatars.avto.ru/get-autoru-vos/17006437/4e8231791262c3172579fecda8b6a66c/1200x900,2026-09-22T05:50:43Z
Mazda,3,Mazda 3 III (BM),https://auto.ru/cars/used/sale/mazda/3/1133709123-3e05c30d/,1259000,Красноярск,2014,,5,177000,4,Не требует ремонта,Дубликат,,"бензин, 1.6 AT (104 л.с.)",автоматическая,передний,Левый,Хэтчбек 5 дв.,белый,https://avatars.avto.ru/get-autoru-vos/20141841/5efd78b8f364538bbcb4718a2baaecf4/1200x900,2026-09-22T05:50:43Z
Lada (ВАЗ),Granta,Lada (ВАЗ) Granta I,https://auto.ru/cars/used/sale/vaz/granta/1133964502-68c996c2/,669000,Красноярск,2016,,5,112000,3,Не требует ремонта,Оригинал,,"бензин, 1.6 AT (98 л.с.)",автоматическая,передний,Левый,Седан,белый,https://photo.auto.ru/photo/get-autoru-vos/17973062/ism-SiHeQxxvFDmBq-XsSeyPupmrlsvILPXIqVUd5VQNlvRjxkhZ7gUTcnUhH8GOWRq2sOxmLSq1_cxdMKkqgCCvUfVQbDbwXtWcn5aDNr3ffE4WzWqgghJwlYp1kBfZxb9hohJzpxIKJIkojR1i-uX_uh0zy4SGaVAAhyUVOsSu17Q/1200x900,2026-09-22T05:50:46Z
Toyota,Vitz,Toyota Vitz III (XP130),https://auto.ru/cars/used/sale/toyota/vitz/1133738326-b2b7d626/,749000,Красноярск,2013,,5,149000,1,Не требует ремонта,Оригинал,,"бензин, 1.3 CVT (95 л.с.)",вариатор,передний,Правый,Хэтчбек 5 дв.,серебристый,https://avatars.avto.ru/get-autoru-vos/6026049/fd158e138a8074d652dd7622f78b29ad/1200x900,2026-09-22T05:50:46Z
Skoda,Rapid,Skoda Rapid I,https://auto.ru/cars/used/sale/skoda/rapid/1134004258-56fe2875/,749000,Красноярск,2014,,5,275050,1,Не требует ремонта,Оригинал,,"бензин, 1.6 MT (105 л.с.)",механическая,передний,Левый,Лифтбек,синий,https://avatars.avto.ru/get-autoru-vos/2158295/cb7988dea76753d832bacfee45da9941/1200x900,2026-09-22T05:50:46Z
Lada (ВАЗ),Largus,Lada (ВАЗ) Largus I,https://auto.ru/cars/used/sale/vaz/largus/1133709127-d1fef62c/,899000,Красноярск,2019,,5,130000,2,Не требует ремонта,Оригинал,,"бензин, 1.6 MT (106 л.с.)",механическая,передний,Левый,Универсал 5 дв.,серый,https://avatars.avto.ru/get-autoru-vos/15049662/2ac1a7e983115e4f792eb119a49df226/1200x900,2026-09-22T05:50:46Z
Lada (ВАЗ),Largus,Lada (ВАЗ) Largus I,https://auto.ru/cars/used/sale/vaz/largus/1133681739-e2fda943/,699000,Красноярск,2018,,5,110000,1,Не требует ремонта,Оригинал,,"бензин, 1.6 MT (87 л.с.)",механическая,передний,Левый,Универсал 5 дв.,серый,https://avatars.avto.ru/get-autoru-vos/20369579/ed89f87477ee14b4366f64a439b7f71c/1200x900,2026-09-22T05:50:46Z
Lada (ВАЗ),Largus,Lada (ВАЗ) Largus I,https://auto.ru/cars/used/sale/vaz/largus/1133953436-f2d34c98/,759000,Красноярск,2017,,5,90000,4,Не требует ремонта,Оригинал,,"бензин, 1.6 MT (106 л.с.)",механическая,передний,Левый,Универсал 5 дв.,серый,https://avatars.avto.ru/get-autoru-vos/21083893/a9e1ea0217958dfca66b7262e5f87c0b/1200x900,2026-09-22T05:50:46Z
Nissan,Note,Nissan Note II,https://auto.ru/cars/used/sale/nissan/note/1133794234-1b88f791/,909000,Красноярск,2016,,5,112000,2,Не требует ремонта,Оригинал,,"бензин, 1.2 CVT (79 л.с.)",вариатор,передний,Правый,Хэтчбек 5 дв.,серебристый,https://avatars.avto.ru/get-autoru-vos/17915300/f4e50d5f53ff5c396c07ecbf8820e23e/1200x900,2026-09-22T05:50:46Z
Volkswagen,Passat,Volkswagen Passat B6,https://auto.ru/cars/used/sale/volkswagen/passat/1132717609-4df1b0f9/,849000,Красноярск,2010,,5,206000,4,Не требует ремонта,Дубликат,Comfortline,"бензин, 1.8 AMT (152 л.с.)",робот,передний,Левый,Седан,синий,https://photo.auto.ru/photo/get-autoru-vos/4928462/oufQI1W_D9jZSjqmh5KMT7fMMB20_XrhhOwOqxk_jCPzE6OS0Mj3wZYtdKDe-If2oomHPuWXwMwgFEZ6BVx33_uLy3P0gVWbqJcMMYRdRh4Du9YB7fyGGOQtKe-fefxcJd18RpWRgEWtdXPjU2DwrI42z_aeaxDBPRZx6t5i6YcRHd0/1200x900,2026-09-22T05:50:46Z
Nissan,Note,Nissan Note II,https://auto.ru/cars/used/sale/nissan/note/1134005117-41e390c7/,949000,Красноярск,2016,,5,70200,1,Не требует ремонта,Оригинал,,"бензин, 1.2 CVT (79 л.с.)",вариатор,передний,Правый,Хэтчбек 5 дв.,серебристый,https://avatars.avto.ru/get-autoru-vos/2182833/d2c1184af7ff12ab13627018f4416692/1200x900,2026-09-22T05:50:46Z
Skoda,Octavia,Skoda Octavia III (A7),https://auto.ru/cars/used/sale/skoda/octavia/1133350514-b639b2c8/,1099000,Красноярск,2014,,5,191063,4,Не требует ремонта,Дубликат,Ambition (2013-2015),"бензин, 1.4 AMT (140 л.с.)",робот,передний,Левый,Лифтбек,белый,https://avatars.avto.ru/get-autoru-vos/20140694/1b06138a5fef8dd4ac75b7139247dc12/1200x900,2026-09-22T05:50:46Z
Skoda,Rapid,Skoda Rapid I Рестайлинг,https://auto.ru/cars/used/sale/skoda/rapid/1133988882-5cf10850/,1469000,Красноярск,2017,,5,68852,3,Не требует ремонта,Оригинал,,"бензин, 1.6 AT (110 л.с.)",автоматическая,передний,Левый,Лифтбек,чёрный,https://avatars.avto.ru/get-autoru-vos/4805398/2f7ee32cf4cb4d09623ba8fd451549a6/1200x900,2026-09-22T05:50:46Z
Opel,Astra,Opel Astra J,https://auto.ru/cars/used/sale/opel/astra/1133953743-da7eadfc/,759000,Красноярск,2011,,5,235000,4,Не требует ремонта,Оригинал,,"бензин, 1.6 AT (115 л.с.)",автоматическая,передний,Левый,Универсал 5 дв.,серебристый,https://avatars.avto.ru/get-autoru-vos/15185647/2e7ff57099527faab2fde00591b207fc/1200x900,2026-09-22T05:50:46Z
Nissan,Almera,Nissan Almera III (G15),https://auto.ru/cars/used/sale/nissan/almera/1134166059-8c810ff7/,999000,Красноярск,2015,,5,58788,1,Не требует ремонта,Оригинал,,"бензин, 1.6 MT (102 л.с.)",механическая,передний,Левый,Седан,белый,https://avatars.avto.ru/get-autoru-vos/21074985/5eb986b4e0b1a2564266510c728a4595/1200x900,2026-09-22T05:50:46Z
Toyota,Corolla,"Toyota Corolla IX (E120, E130) Рестайлинг",https://auto.ru/cars/used/sale/toyota/corolla/1133878649-e02f6e54/,749000,Красноярск,2006,,5,299435,4,Не требует ремонта,Дубликат,,"бензин, 1.6 AT (110 л.с.)",автоматическая,передний,Левый,Седан,серебристый,https://avatars.avto.ru/get-autoru-vos/2056611/af8ad76388a2c2406618082fbb903327/1200x900,2026-09-22T05:50:46Z
Hyundai,Solaris,Hyundai Solaris I,https://auto.ru/cars/used/sale/hyundai/solaris/1133955957-6b4e8757/,829000,Красноярск,2012,,5,159260,3,Не требует ремонта,Оригинал,,"бензин, 1.6 MT (123 л.с.)",механическая,передний,Левый,Седан,серебристый,https://avatars.avto.ru/get-autoru-vos/20272960/dc570f088a7312c762b4f30fa77828a5/1200x900,2026-09-22T05:50:46Z
Nissan,Note,Nissan Note II,https://auto.ru/cars/used/sale/nissan/note/1133762497-b8b49b62/,899000,Красноярск,2013,,5,129492,1,Не требует ремонта,Оригинал,,"бензин, 1.2 CVT (98 л.с.)",вариатор,передний,Правый,Хэтчбек 5 дв.,чёрный,https://avatars.avto.ru/get-autoru-vos/17394937/6c190ffce6ce05462565c7822dae5529/1200x900,2026-09-22T05:50:46Z
Skoda,Octavia,Skoda Octavia II (A5) Рестайлинг,https://auto.ru/cars/used/sale/skoda/octavia/1133962523-81f468e8/,779000,Красноярск,2012,,5,210000,3,Не требует ремонта,Дубликат,,"бензин, 1.6 MT (102 л.с.)",механическая,передний,Левый,Лифтбек,серебристый,https://avatars.avto.ru/get-autoru-vos/17673331/35765eb6cfcf5096e525f9043e26280b/1200x900,2026-09-22T05:50:46Z
Ford,Focus,Ford Focus III,https://auto.ru/cars/used/sale/ford/focus/1133547966-b059d9c5/,659000,Красноярск,2011,,5,221000,4,Не требует ремонта,Дубликат,SYNC Edition,"бензин, 1.6 MT (105 л.с.)",механическая,передний,Левый,Хэтчбек 5 дв.,коричневый,https://avatars.avto.ru/get-autoru-vos/20981853/2acc3b6c1f30ba14b82df59f959ce963/1200x900,2026-09-22T05:50:46Z
Ford,Focus,Ford Focus III,https://auto.ru/cars/used/sale/ford/focus/1133563830-c39754f5/,819000,Красноярск,2012,,5,242313,4,Не требует ремонта,Дубликат,Titanium,"бензин, 2.0 AMT (150 л.с.)",робот,передний,Левый,Хэтчбек 5 дв.,белый,https://avatars.avto.ru/get-autoru-vos/20315033/3931333c826b4483bdedfe5f6e56c438/1200x900,2026-09-22T05:50:46Z
Volkswagen,Polo,Volkswagen Polo VI,https://auto.ru/cars/used/sale/volkswagen/polo/1133519739-60cf3b61/,1349000,Красноярск,2021,,5,63060,1,Не требует ремонта,Оригинал,Origin,"бензин, 1.6 MT (90 л.с.)",механическая,передний,Левый,Лифтбек,белый,https://avatars.avto.ru/get-autoru-vos/18017415/e15c3ba8839f2fecdb0be0bb963484de/1200x900,2026-09-22T05:50:46Z
Toyota,Land Cruiser Prado,Toyota Land Cruiser Prado 90 Series,https://auto.ru/cars/used/sale/toyota/land_cruiser_prado/1133352082-a7625032/,949000,Новокузнецк,1996,,5,444000,2,Не требует ремонта,Дубликат,,"бензин, 2.7 MT (150 л.с.) 4WD",механическая,полный,Правый,Внедорожник 5 дв.,белый,https://avatars.avto.ru/get-autoru-vos/17698338/bb88668e6b9be810da41e6abeba9345d/1200x900,2026-09-22T05:50:50Z
Hyundai,Tucson,Hyundai Tucson I,https://auto.ru/cars/used/sale/hyundai/tucson/1134197422-962f5648/,829000,Новокузнецк,2006,,5,218800,2,Не требует ремонта,Оригинал,,"бензин, 2.0 MT (141 л.с.) 4WD",механическая,полный,Левый,Внедорожник 5 дв.,серый,https://avatars.avto.ru/get-autoru-vos/18006848/9570415d132b3b8e45d30ae7e8d53bd4/1200x900,2026-09-22T05:50:50Z
Mitsubishi,Outlander,Mitsubishi Outlander II,https://auto.ru/cars/used/sale/mitsubishi/outlander/1133162554-0d43668f/,1069000,Новокузнецк,2008,,5,173000,4,Не требует ремонта,Оригинал,Intense,"бензин, 2.4 CVT (170 л.с.) 4WD",вариатор,полный,Левый,Внедорожник 5 дв.,зелёный,https://avatars.avto.ru/get-autoru-vos/20036242/0b6b97b4db88ee1762275bc85e491c52/1200x900,2026-09-22T05:50:50Z
Chery,Tiggo 8 Pro Max,Chery Tiggo 8 Pro Max I Рестайлинг,https://auto.ru/cars/used/sale/chery/tiggo_8_pro_max/1134197421-ca40c9e4/,2499000,Новокузнецк,2023,,7,103000,1,Не требует ремонта,Оригинал,,"бензин, 2.0 AMT (197 л.с.) 4WD",робот,полный,Левый,Внедорожник 5 дв.,зелёный,https://avatars.avto.ru/get-autoru-vos/19793268/ebd6adf4afdc2e0084aa41596145c1e5/1200x900,2026-09-22T05:50:50Z
Nissan,Serena,Nissan Serena II (C24),https://auto.ru/cars/used/sale/nissan/serena/1133162561-6fe595b8/,449000,Новокузнецк,2000,,8,620000,4,Не требует ремонта,Дубликат,,"бензин, 2.0 CVT (145 л.с.) 4WD",вариатор,полный,Правый,Минивэн,зелёный,https://avatars.avto.ru/get-autoru-vos/20410536/09cadb97f4fb3d102fe2b2b65fb6de37/1200x900,2026-09-22T05:50:50Z
Nissan,Murano,Nissan Murano II (Z51) Рестайлинг,https://auto.ru/cars/used/sale/nissan/murano/1134197417-5caad687/,1329000,Новокузнецк,2011,,5,203000,2,Не требует ремонта,Дубликат,,"бензин, 3.5 CVT (249 л.с.) 4WD",вариатор,полный,Левый,Внедорожник 5 дв.,серый,https://avatars.avto.ru/get-autoru-vos/15587868/53517ad0195fbdedfbef308b188aea02/1200x900,2026-09-22T05:50:50Z
Renault,Koleos,Renault Koleos I Рестайлинг,https://auto.ru/cars/used/sale/renault/koleos/1133901378-206908e6/,1149000,Новокузнецк,2012,,5,180000,2,Не требует ремонта,Оригинал,,"бензин, 2.5 CVT (171 л.с.) 4WD",вариатор,полный,Левый,Внедорожник 5 дв.,белый,https://avatars.avto.ru/get-autoru-vos/4194268/bcbcb259edb0c651fffec0a3cd400271/1200x900,2026-09-22T05:50:50Z
Mitsubishi,Outlander,Mitsubishi Outlander PHEV III Рестайлинг 3,https://auto.ru/cars/used/sale/mitsubishi/outlander/1133372325-bc81c953/,2899000,Новокузнецк,2020,,5,168000,1,Не требует ремонта,Оригинал,,"гибрид, PHEV 2.4hyb AT (128 л.с.) 4WD",автоматическая,полный,Правый,Внедорожник 5 дв.,чёрный,https://avatars.avto.ru/get-autoru-vos/20894132/da253a47644246acf88d909a5527b832/1200x900,2026-09-22T05:50:50Z
Nissan,Qashqai,Nissan Qashqai I,https://auto.ru/cars/used/sale/nissan/qashqai/1134228321-cc30247f/,799000,Новокузнецк,2007,,5,152000,4,Не требует ремонта,Дубликат,,"бензин, 2.0 CVT (141 л.с.)",вариатор,передний,Левый,Внедорожник 5 дв.,красный,https://avatars.avto.ru/get-autoru-vos/20680164/0c59e6e9ec3a8af917648ec756c8def2/1200x900,2026-09-22T05:50:50Z
Nissan,X-Trail,Nissan X-Trail II,https://auto.ru/cars/used/sale/nissan/x_trail/1134063535-be4deabe/,979000,Новокузнецк,2008,,5,293800,4,Не требует ремонта,Дубликат,,"бензин, 2.5 CVT (169 л.с.) 4WD",вариатор,полный,Левый,Внедорожник 5 дв.,синий,https://avatars.avto.ru/get-autoru-vos/20272960/3d73f13164968d47db53f7596182d05b/1200x900,2026-09-22T05:50:50Z
Ford,Kuga,Ford Kuga II Рестайлинг,https://auto.ru/cars/used/sale/ford/kuga/1134005256-568b403a/,1669000,Новокузнецк,2018,,5,98600,2,Не требует ремонта,Оригинал,,"бензин, 1.5 AT (150 л.с.) 4WD",автоматическая,полный,Левый,Внедорожник 5 дв.,серебристый,https://avatars.avto.ru/get-autoru-vos/4710094/2183774603e74ed2793c16ba0f538313/1200x900,2026-09-22T05:50:50Z
Lexus,RX,Lexus RX 450h III Рестайлинг,https://auto.ru/cars/used/sale/lexus/rx/1131984069-6a2cfa1b/,2769000,Новокузнецк,2012,,5,258000,2,Не требует ремонта,Оригинал,Comfort,"гибрид, 450h 3.5hyb CVT (249 л.с.) 4WD",вариатор,полный,Левый,Внедорожник 5 дв.,чёрный,https://avatars.avto.ru/get-autoru-vos/17733459/678434ac7a383193345bd2b9f232d18e/1200x900,2026-09-22T05:50:50Z
Ford,Explorer,Ford Explorer IV,https://auto.ru/cars/used/sale/ford/explorer/1133752021-f23a402f/,959000,Новокузнецк,2007,,5,264000,3,Не требует ремонта,Оригинал,,"бензин, 4.0 AT (212 л.с.) 4WD",автоматическая,полный,Левый,Внедорожник 5 дв.,коричневый,https://avatars.avto.ru/get-autoru-vos/16153624/a9a3cc30c6e547f2e40f5b6b3f4a1096/1200x900,2026-09-22T05:50:50Z
Nissan,X-Trail,Nissan X-Trail III,https://auto.ru/cars/used/sale/nissan/x_trail/1133710265-3c0eba2f/,1649000,Новокузнецк,2016,,5,196000,1,Не требует ремонта,Оригинал,,"гибрид, 2.0hyb CVT (147 л.с.) 4WD",вариатор,полный,Правый,Внедорожник 5 дв.,чёрный,https://avatars.avto.ru/get-autoru-vos/16483913/760f943ebffd6f7f83eba531cd64f905/1200x900,2026-09-22T05:50:50Z
Toyota,RAV4,Toyota RAV4 III (XA30) Рестайлинг,https://auto.ru/cars/used/sale/toyota/rav_4/1134228320-6da4a2cc/,1599000,Новокузнецк,2010,,5,236000,4,Не требует ремонта,Дубликат,,"бензин, 2.0 CVT (158 л.с.) 4WD",вариатор,полный,Левый,Внедорожник 5 дв.,красный,https://avatars.avto.ru/get-autoru-vos/20272960/db59104c398d0985ea7faeec88d8edb1/1200x900,2026-09-22T05:50:50Z
Lada (ВАЗ),2131 (4x4),Lada (ВАЗ) 2131 (4x4) 213105 I,https://auto.ru/cars/used/sale/vaz/2131_4x4/1132961855-dc47d3ef/,399000,Новокузнецк,2013,,5,160000,4,Не требует ремонта,Оригинал,Люкс (2016-2017),"бензин, 213105 1.7 MT (83 л.с.) 4WD",механическая,полный,Левый,Внедорожник 5 дв.,серебристый,https://avatars.avto.ru/get-autoru-vos/18621059/a25eb3dbe7a5547fb252bc8774cabd7f/1200x900,2026-09-22T05:50:50Z
Toyota,Land Cruiser,Toyota Land Cruiser 200 Series Рестайлинг 2,https://auto.ru/cars/used/sale/toyota/land_cruiser/1131141767-ec3b1666/,4299000,Новокузнецк,2015,,5,211000,3,Не требует ремонта,Оригинал,Элеганс,"дизель, 4.5d AT (249 л.с.) 4WD",автоматическая,полный,Левый,Внедорожник 5 дв.,чёрный,https://avatars.avto.ru/get-autoru-vos/17791070/fda799425d5db5d688aab10dfca6ad5d/1200x900,2026-09-22T05:50:50Z
Suzuki,Grand Vitara,Suzuki Grand Vitara XL-7 I Рестайлинг,https://auto.ru/cars/used/sale/suzuki/grand_vitara/1133792224-a512d4c4/,469000,Новокузнецк,2002,,5,185000,4,Не требует ремонта,Дубликат,,"бензин, XL-7 2.7 AT (184 л.с.) 4WD",автоматическая,полный,Левый,Внедорожник 5 дв. XL-7,синий,https://avatars.avto.ru/get-autoru-vos/2164969/4a920ecd6ea8435b46ce740e4c2a04f0/1200x900,2026-09-22T05:50:50Z
Chery,Tiggo (T11),Chery Tiggo (T11) I Рестайлинг (FL),https://auto.ru/cars/used/sale/chery/tiggo/1133782651-758bbee7/,349000,Новокузнецк,2013,,5,224000,2,Не требует ремонта,Дубликат,,"бензин, 1.6 MT (126 л.с.)",механическая,передний,Левый,Внедорожник 5 дв.,белый,https://avatars.avto.ru/get-autoru-vos/18306378/874f07049af3e0b472e7f00d2fc0a133/1200x900,2026-09-22T05:50:50Z
Volkswagen,Tiguan,Volkswagen Tiguan I Рестайлинг,https://auto.ru/cars/used/sale/volkswagen/tiguan/1133441007-25302496/,809000,Новокузнецк,2011,,5,191157,2,Не требует ремонта,Оригинал,Allstar,"бензин, 1.4 MT (122 л.с.)",механическая,передний,Левый,Внедорожник 5 дв.,чёрный,https://photo.auto.ru/photo/get-autoru-vos/20358835/F3Zjwep1YCVZYfx7PZVnRnNZPLZnaFHvRQ0yI7untKxAHoaTR-cZLmh4MSSQtnLUidQMqt488zCd1vuwn_J56lObuOHz7SJZ2vDzEnv56mjQL5hKVHbQXoT1OPY8z2ViITWmuMBaxLevqIkB4L8YP3y384b1yOhrAkdNNefrygzBEwI/1200x900,2026-09-22T05:50:50Z
Honda,Stepwgn,Honda Stepwgn Spada V,https://auto.ru/cars/used/sale/honda/stepwagon/1134095155-49814e21/,1709000,Новокузнецк,2016,,7,117000,2,Не требует ремонта,Оригинал,,"бензин, Spada 1.5 CVT (150 л.с.)",вариатор,передний,Правый,Минивэн Spada,белый,https://avatars.avto.ru/get-autoru-vos/2157278/bf3cf6cb9615d4efd1ed41183ef0f7af/1200x900,2026-09-22T05:50:50Z
Kia,Soul,Kia Soul II Рестайлинг,https://auto.ru/cars/used/sale/kia/soul/1134034997-8fa6a628/,1309000,Новокузнецк,2017,,5,103000,2,Не требует ремонта,Оригинал,,"бензин, 2.0 AT (150 л.с.)",автоматическая,передний,Левый,Хэтчбек 5 дв.,золотистый,https://avatars.avto.ru/get-autoru-vos/17489926/fc84259e304beee491e6f2aa0dcab6f0/1200x900,2026-09-22T05:50:50Z
Mitsubishi,Outlander,Mitsubishi Outlander III Рестайлинг 2,https://auto.ru/cars/used/sale/mitsubishi/outlander/1132201197-21786d93/,1399000,Новокузнецк,2015,,5,166000,3,Не требует ремонта,Оригинал,Instyle,"бензин, 2.0 CVT (146 л.с.) 4WD",вариатор,полный,Левый,Внедорожник 5 дв.,коричневый,https://avatars.avto.ru/get-autoru-vos/18101889/452a1f615076a9f5170aef04a03481bf/1200x900,2026-09-22T05:50:50Z
Exeed,TXL,Exeed TXL I Рестайлинг 2,https://auto.ru/cars/used/sale/exeed/txl/1133604741-cddea81c/,2799000,Новокузнецк,2023,,5,29000,1,Не требует ремонта,Оригинал,,"бензин, 1.6 AMT (201 л.с.)",робот,передний,Левый,Внедорожник 5 дв.,серебристый,https://avatars.avto.ru/get-autoru-vos/21151957/7ab57303a146f909fd3b45f34068336b/1200x900,2026-09-22T05:50:50Z
Toyota,Premio,Toyota Premio II (T26) Рестайлинг,https://auto.ru/cars/used/sale/toyota/premio/1134019472-dc735a52/,1099000,Новокузнецк,2015,,5,215000,3,Не требует ремонта,Оригинал,,"бензин, 1.8 CVT (133 л.с.) 4WD",вариатор,полный,Правый,Седан,серебристый,https://avatars.avto.ru/get-autoru-vos/4904733/e674c8ff7a19a41fd3516fd9325d56bb/1200x900,2026-09-22T05:50:50Z
Mazda,Flair,Mazda Flair II,https://auto.ru/cars/used/sale/mazda/flair/1133520308-d7bc8b47/,649000,Новокузнецк,2017,,4,91962,1,Не требует ремонта,Оригинал,,"гибрид, 0.7hyb CVT (52 л.с.)",вариатор,передний,Правый,Микровэн,серебристый,https://photo.auto.ru/photo/get-autoru-vos/17791070/ue0jcW7VpK_KMkTi76nyI1VomJwHeh2WThVMwZ6OpDPzRKuFXxJ9HkRnnmlQCyoyfcS5OsZbHo0RNJfO1wPYvsnqEeGf32pTyplIa1tf046w4wsvWLBHRJdVqly2QMED-oub6S-gqsgbMdSTpS6v_tv6mOdMX2c67qRhFfvzjLquOrE/1200x900,2026-09-22T05:50:50Z
Honda,Fit,Honda Fit IV,https://auto.ru/cars/used/sale/honda/fit/1134038462-645ec855/,1119000,Новокузнецк,2020,,5,117000,1,Не требует ремонта,Оригинал,,"бензин, 1.3 CVT (98 л.с.)",вариатор,передний,Правый,Хэтчбек 5 дв.,серебристый,https://avatars.avto.ru/get-autoru-vos/15256414/1bf6bd1bad1ce9e00f807c566fcc3b99/1200x900,2026-09-22T05:50:50Z
Lada (ВАЗ),Granta,Lada (ВАЗ) Granta I,https://auto.ru/cars/used/sale/vaz/granta/1134038465-b19e25ad/,349000,Новокузнецк,2013,,5,151000,2,Не требует ремонта,Оригинал,,"бензин, 1.6 AT (98 л.с.)",автоматическая,передний,Левый,Седан,чёрный,https://avatars.avto.ru/get-autoru-vos/18005086/3f04e114349a2f357da3c99fd35bdb12/1200x900,2026-09-22T05:50:50Z
Nissan,Qashqai,Nissan Qashqai I Рестайлинг,https://auto.ru/cars/used/sale/nissan/qashqai/1133961337-8cf04f94/,819000,Новокузнецк,2013,,5,205000,3,Не требует ремонта,Оригинал,,"бензин, 1.6 MT (114 л.с.)",механическая,передний,Левый,Внедорожник 5 дв.,чёрный,https://avatars.avto.ru/get-autoru-vos/4476899/7fae733ed05422829087d40560fdba0a/1200x900,2026-09-22T05:50:50Z
Kia,Rio,Kia Rio IV,https://auto.ru/cars/used/sale/kia/rio/1133554233-a091d345/,1229000,Новокузнецк,2019,,5,95000,2,Не требует ремонта,Оригинал,Premium,"бензин, 1.6 AT (123 л.с.)",автоматическая,передний,Левый,Седан,серый,https://avatars.avto.ru/get-autoru-vos/4904733/0dfd1d29d733074a474e638ede334631/1200x900,2026-09-22T05:50:50Z
Kia,Optima,Kia Optima IV,https://auto.ru/cars/used/sale/kia/optima/1130891915-b01dc1cb/,1669000,Новокузнецк,2017,,5,86200,2,Не требует ремонта,Оригинал,Comfort,"бензин, 2.0 AT (150 л.с.)",автоматическая,передний,Левый,Седан,серый,https://avatars.avto.ru/get-autoru-vos/2180327/8703bed57d175847c50fa962736fb3dd/1200x900,2026-09-22T05:50:50Z
Honda,Fit,Honda Fit III,https://auto.ru/cars/used/sale/honda/fit/1133045010-8653493b/,649000,Новокузнецк,2014,,5,191000,4,Не требует ремонта,Оригинал,,"бензин, 1.3 CVT (100 л.с.)",вариатор,передний,Правый,Хэтчбек 5 дв.,чёрный,https://photo.auto.ru/photo/get-autoru-vos/5553260/aeCgEzYkKBKQsyWxMcvfc6OMbGs2Fj7NaSJePgVrztGZLAajJA6UirQ_qLJDw7r7N95LvOoUXEXwIrcsxMsWcwXO5JlbfCVm5NavIZ1LD_rV_2ha4EGjdztWlqhOSDQzjrCZB5b7CFwsTjytgaBYu63qUEwMyHTnfZ0knvsJAkTc1s0/1200x900,2026-09-22T05:50:50Z
Volkswagen,Golf,Volkswagen Golf VII,https://auto.ru/cars/used/sale/volkswagen/golf/1134228322-e03bfb87/,899000,Новокузнецк,2013,,5,190000,4,Не требует ремонта,Дубликат,,"бензин, 1.4 AMT (122 л.с.)",робот,передний,Левый,Хэтчбек 5 дв.,серый,https://avatars.avto.ru/get-autoru-vos/18143138/957698a048cb5dcd42bc26cd572f6cea/1200x900,2026-09-22T05:50:50Z
Daihatsu,Coo,Daihatsu Coo,https://auto.ru/cars/used/sale/daihatsu/coo/1132006477-26060582/,699000,Новокузнецк,2009,,5,306000,4,Не требует ремонта,Оригинал,,"бензин, 1.5 AT (103 л.с.)",автоматическая,передний,Правый,Микровэн,красный,https://avatars.avto.ru/get-autoru-vos/17933380/35ff9fbecdd32c1d7a2118af99a1bcb5/1200x900,2026-09-22T05:50:50Z
Hyundai,Santa Fe,Hyundai Santa Fe II Рестайлинг,https://auto.ru/cars/used/sale/hyundai/santa_fe/1133653092-c62b3c76/,1399000,Новокузнецк,2011,,5,260000,2,Не требует ремонта,Оригинал,Base,"бензин, 2.4 MT (174 л.с.)",механическая,передний,Левый,Внедорожник 5 дв.,серый,https://avatars.avto.ru/get-autoru-vos/17786981/2c97d4016c584a96577a04b9fcd44d88/1200x900,2026-09-22T05:50:50Z
Toyota,Picnic,Toyota Picnic II,https://auto.ru/cars/used/sale/toyota/picnic/1133604745-ae23507a/,829000,Новокузнецк,2003,,5,338000,2,Не требует ремонта,Оригинал,,"бензин, 2.0 AT (150 л.с.)",автоматическая,передний,Правый,Компактвэн,серебристый,https://avatars.avto.ru/get-autoru-vos/17489926/e4b30e96b344fb1fda9c7bc342842d6c/1200x900,2026-09-22T05:50:50Z
Mitsubishi,Lancer,Mitsubishi Lancer X,https://auto.ru/cars/used/sale/mitsubishi/lancer/1134235669-db49cdf8/,699000,Новокузнецк,2010,,5,210000,3,Не требует ремонта,Оригинал,,"бензин, 1.5 AT (109 л.с.)",автоматическая,передний,Левый,Седан,синий,https://avatars.avto.ru/get-autoru-vos/17926310/0efd4a144f30ae3040c095a0ad27825c/1200x900,2026-09-22T05:50:50Z
Toyota,Allion,Toyota Allion II Рестайлинг,https://auto.ru/cars/used/sale/toyota/allion/1134209110-0d29f774/,1479000,Новокузнецк,2012,,5,148000,3,Не требует ремонта,Оригинал,,"бензин, 1.5 CVT (109 л.с.)",вариатор,передний,Правый,Седан,серебристый,https://photo.auto.ru/photo/get-autoru-vos/20330248/V8iz20ne5p3l4icPdaQQawS_HcuOyvlJ_D_aeaP6Wi7r2DPdR9FgZXLVc1iR4igz-unD6Y6E0AxB_hE2U2bpMKQY7WUNTO6hCrRQFjdyDmOD17XVYantcuOx-fHSwkBHhibJOAhWptee6N3UUHZcPeMbKR51XLnOsFnhF0SJVSMUdg/1200x900,2026-09-22T05:50:53Z
Nissan,Murano,Nissan Murano II (Z51) Рестайлинг 2,https://auto.ru/cars/used/sale/nissan/murano/1134197419-a0446625/,1699000,Новокузнецк,2015,,5,205000,3,Не требует ремонта,Дубликат,,"бензин, 3.5 CVT (249 л.с.) 4WD",вариатор,полный,Левый,Внедорожник 5 дв.,чёрный,https://avatars.avto.ru/get-autoru-vos/18621059/2c136c5b147f604954b263b17452830c/1200x900,2026-09-22T05:50:53Z
Toyota,Sienta,Toyota Sienta II,https://auto.ru/cars/used/sale/toyota/sienta/1130205356-d175fbf8/,1379000,Новокузнецк,2017,,7,110000,1,Не требует ремонта,Оригинал,,"бензин, 1.5 CVT (109 л.с.)",вариатор,передний,Правый,Компактвэн,синий,https://avatars.avto.ru/get-autoru-vos/2147042/1d099207362686d64b5e5fe77679a24c/1200x900,2026-09-22T05:50:53Z
Lada (ВАЗ),Granta,Lada (ВАЗ) Granta I,https://auto.ru/cars/used/sale/vaz/granta/1134209114-423e8c57/,219000,Новокузнецк,2012,,5,304000,4,Не требует ремонта,Дубликат,,"бензин, 1.6 MT (82 л.с.)",механическая,передний,Левый,Седан,белый,https://avatars.avto.ru/get-autoru-vos/20265681/52d92063630f37ab145ef86a7b32c66c/1200x900,2026-09-22T05:50:53Z
Geely,Coolray,Geely Coolray I Рестайлинг,https://auto.ru/cars/used/sale/geely/coolray/1133825219-929b7dd3/,2029000,Новокузнецк,2024,,5,61000,1,Не требует ремонта,Оригинал,,"бензин, 1.5 AMT (147 л.с.)",робот,передний,Левый,Внедорожник 5 дв.,белый,https://avatars.avto.ru/get-autoru-vos/19634380/bd967f91667a273aa7777446807023df/1200x900,2026-09-22T05:50:53Z
Honda,Freed,Honda Freed I Рестайлинг,https://auto.ru/cars/used/sale/honda/freed/1134197424-de85eb17/,1059000,Новокузнецк,2013,,6,225000,1,Не требует ремонта,Оригинал,,"гибрид, 1.5hyb CVT (88 л.с.)",вариатор,передний,Правый,Компактвэн,белый,https://avatars.avto.ru/get-autoru-vos/17915300/64e3ed5b6a38664c736c6bd1e7217c06/1200x900,2026-09-22T05:50:53Z
Honda,Stepwgn,Honda Stepwgn V Рестайлинг,https://auto.ru/cars/used/sale/honda/stepwagon/1134172702-590414ee/,2499000,Новокузнецк,2017,,7,88000,1,Не требует ремонта,Оригинал,,"бензин, 1.5 CVT (150 л.с.) 4WD",вариатор,полный,Правый,Минивэн,белый,https://photo.auto.ru/photo/get-autoru-vos/20981853/lWgWOtljlAN1RoTC9zC0qMzNIcpZp1PNdtCr2RPwhfRPpBynRbW58mnfPc7ev08Olk_F-HSxlihC5NorH6z9NuQWE-oBSaUmUdxanK_yUWqTaA8GBNpsZo_Bji8FEkw_e7IhJM1NrTWKXFYujYJcq9Cj2801OoTYBshPPJsXPzBpwg/1200x900,2026-09-22T05:50:53Z
Hyundai,Palisade,Hyundai Palisade I,https://auto.ru/cars/used/sale/hyundai/palisade/1133901379-e34f909b/,4099000,Новокузнецк,2019,,7,128500,2,Не требует ремонта,Оригинал,,"дизель, 2.2d AT (200 л.с.) 4WD",автоматическая,полный,Левый,Внедорожник 5 дв.,чёрный,https://avatars.avto.ru/get-autoru-vos/3933340/68fccf951bef87db78f4f9741a728fd2/1200x900,2026-09-22T05:50:53Z
Lada (ВАЗ),Kalina,Lada (ВАЗ) Kalina I,https://auto.ru/cars/used/sale/vaz/kalina/1133951012-7a5a46c1/,309000,Новокузнецк,2010,,5,150000,3,Не требует ремонта,Оригинал,,"бензин, 1.6 MT (81 л.с.)",механическая,передний,Левый,Хэтчбек 5 дв.,серый,https://avatars.avto.ru/get-autoru-vos/17913096/0326cad263196d9a3f3fd90268643eee/1200x900,2026-09-22T05:50:53Z
Honda,Freed,Honda Freed II Рестайлинг,https://auto.ru/cars/used/sale/honda/freed/1134095158-d73fda95/,1999000,Новокузнецк,2020,,5,35000,1,Не требует ремонта,Оригинал,,"бензин, 1.5 CVT (129 л.с.) 4WD",вариатор,полный,Правый,Компактвэн,синий,https://avatars.avto.ru/get-autoru-vos/21177414/41637b411d7c2eb2321aefb461baa596/1200x900,2026-09-22T05:50:53Z
Honda,Stepwgn,Honda Stepwgn V,https://auto.ru/cars/used/sale/honda/stepwagon/1133691143-627c338a/,1999000,Новокузнецк,2017,,7,110000,1,Не требует ремонта,Оригинал,,"бензин, 1.5 CVT (150 л.с.) 4WD",вариатор,полный,Правый,Минивэн,серебристый,https://avatars.avto.ru/get-autoru-vos/17720009/fbc44587ae7932949169e770569776d6/1200x900,2026-09-22T05:50:53Z
Toyota,Land Cruiser,Toyota Land Cruiser 200 Series,https://auto.ru/cars/used/sale/toyota/land_cruiser/1133781964-6084c98a/,2949000,Новокузнецк,2009,,7,357000,4,Не требует ремонта,Дубликат,,"бензин, 4.7 AT (288 л.с.) 4WD",автоматическая,полный,Левый,Внедорожник 5 дв.,чёрный,https://avatars.avto.ru/get-autoru-vos/5475874/1e1fe9d4643697cbf5babad76d3606b5/1200x900,2026-09-22T05:50:53Z
Toyota,Voxy,Toyota Voxy I (R60),https://auto.ru/cars/used/sale/toyota/voxy/1133950459-4df9fbe8/,949000,Новокузнецк,2006,,8,282000,4,Не требует ремонта,Дубликат,,"бензин, 2.0 AT (156 л.с.)",автоматическая,передний,Правый,Компактвэн,серебристый,https://avatars.avto.ru/get-autoru-vos/18150448/dc611a4260d99ffba4998e07b4042a39/1200x900,2026-09-22T05:50:53Z
Toyota,Raum,Toyota Raum II,https://auto.ru/cars/used/sale/toyota/raum/1132789143-268f8789/,499000,Новокузнецк,2003,,5,277000,2,Не требует ремонта,Оригинал,,"бензин, 1.5 AT (109 л.с.)",автоматическая,передний,Правый,Компактвэн,жёлтый,https://avatars.avto.ru/get-autoru-vos/2160984/88c968d28a29252b6445cd8a3614327c/1200x900,2026-09-22T05:50:53Z
ГАЗ,Volga Siber,ГАЗ Volga Siber I,https://auto.ru/cars/used/sale/gaz/volga_siber/1130032883-2f49e223/,399000,Новокузнецк,2010,,5,205000,3,Не требует ремонта,Оригинал,Comfort,"бензин, 2.4 MT (143 л.с.)",механическая,передний,Левый,Седан,серый,https://avatars.avto.ru/get-autoru-vos/2079460/b7b347af9a6cbd1fdea99500f0e292e2/1200x900,2026-09-22T05:50:53Z
Hyundai,Santa Fe,Hyundai Santa Fe II Рестайлинг,https://auto.ru/cars/used/sale/hyundai/santa_fe/1131629691-5e4e2097/,1189000,Новокузнецк,2011,,5,249755,4,Не требует ремонта,Дубликат,Comfort,"бензин, 2.4 AT (174 л.с.) 4WD",автоматическая,полный,Левый,Внедорожник 5 дв.,серебристый,https://avatars.avto.ru/get-autoru-vos/4706845/4a4264719cf1358f83f4dbb348d2fb09/1200x900,2026-09-22T05:50:53Z
Porsche,Cayenne,Porsche Cayenne S II (958),https://auto.ru/cars/used/sale/porsche/cayenne/1133554230-0e83f8d2/,2389000,Новокузнецк,2011,,5,230000,4,Не требует ремонта,Дубликат,S Tiptronic,"бензин, S 4.8 AT (400 л.с.) 4WD",автоматическая,полный,Левый,Внедорожник 5 дв.,чёрный,https://avatars.avto.ru/get-autoru-vos/10500495/8206806bec40b71563fdc0ebab4891b1/1200x900,2026-09-22T05:50:53Z
Mercedes-Benz,E-Класс,"Mercedes-Benz E-Класс 300 e V (W213, S213, C238) Рестайлинг",https://auto.ru/cars/used/sale/mercedes/e_klasse/1133946812-812e8981/,6309000,Новокузнецк,2022,,5,65000,1,Не требует ремонта,Оригинал,,"гибрид, 300 e 2.0hyb AT (320 л.с.) 4WD",автоматическая,полный,Левый,Седан,чёрный,https://avatars.avto.ru/get-autoru-vos/16503020/9b9a384a5a8e328b5811958ce46d9090/1200x900,2026-09-22T05:50:53Z
Nissan,Qashqai,Nissan Qashqai I,https://auto.ru/cars/used/sale/nissan/qashqai/1134183411-374d34e9/,669000,Новокузнецк,2008,,5,323000,4,Не требует ремонта,Дубликат,,"бензин, 2.0 CVT (141 л.с.)",вариатор,передний,Левый,Внедорожник 5 дв.,красный,https://photo.auto.ru/photo/get-autoru-vos/17707957/WW9DFOWBwu7Q6gxC-bl908sWc5cdjQWV7mA5ybDtkCQIb1ZzeZRDTLqZR4EUTwr9pI5l8o8zZNVbFNGybehJnasbwS7DapoLt7R6ST7SyO4ZtRVlvYP8HCqADXkfxZBDO7udncPXIBtjSuqCiSLjHjG-Wr_N_ucE6r8DOgHqDqT44gg/1200x900,2026-09-22T05:50:53Z
Toyota,Carina E,Toyota Carina E,https://auto.ru/cars/used/sale/toyota/carina_e/1133781969-9cf836f5/,199000,Новокузнецк,1993,,5,350000,4,Не требует ремонта,Дубликат,,"бензин, 1.6 MT (107 л.с.)",механическая,передний,Левый,Седан,зелёный,https://avatars.avto.ru/get-autoru-vos/5928404/421f011494dde4dfe212e585c798b104/1200x900,2026-09-22T05:50:53Z
Suzuki,Grand Vitara,Suzuki Grand Vitara II,https://auto.ru/cars/used/sale/suzuki/grand_vitara/1133946809-34ef0a76/,669000,Новокузнецк,2005,,5,358000,4,Не требует ремонта,Дубликат,,"бензин, 2.0 MT (140 л.с.) 4WD",механическая,полный,Левый,Внедорожник 5 дв.,серый,https://photo.auto.ru/photo/get-autoru-vos/2133985/BkbWci4JoXf2aNQlTyTvUkruoQQD3TlrWdXk2AKKFfnBXgNIss8J34WEf4zcQ0Aihie0o1lzsli6zsACJtjVWkCntJNrY0y1VjBWCiNWt5VtVWkvHZMY4yFSOpvCNVkvFA6oGR2yzj21xHt-jOI4hIXOAADiG2aAEvnZd0O1lcLHB8E/1200x900,2026-09-22T05:50:53Z
Nissan,X-Trail,Nissan X-Trail II Рестайлинг,https://auto.ru/cars/used/sale/nissan/x_trail/1133710266-b6432f7d/,1359000,Новокузнецк,2011,,5,249220,1,Не требует ремонта,Оригинал,,"бензин, 2.0 CVT (141 л.с.) 4WD",вариатор,полный,Левый,Внедорожник 5 дв.,белый,https://avatars.avto.ru/get-autoru-vos/17915300/cfe8bdf603ebe48daa25026fa772575c/1200x900,2026-09-22T05:50:53Z
Toyota,Harrier,Toyota Harrier I (XU10),https://auto.ru/cars/used/sale/toyota/harrier/1133838986-a8eeed0c/,869000,Новокузнецк,1998,,5,417000,4,Не требует ремонта,Дубликат,,"бензин, 2.2 AT (140 л.с.) 4WD",автоматическая,полный,Правый,Внедорожник 5 дв.,серебристый,https://avatars.avto.ru/get-autoru-vos/16124386/8c0cc3c611ba66390a7fc351896ac09f/1200x900,2026-09-22T05:50:53Z
Toyota,Premio,Toyota Premio I (T24),https://auto.ru/cars/used/sale/toyota/premio/1133495394-8d20b4be/,509000,Новокузнецк,2002,,5,313000,4,Не требует ремонта,Оригинал,,"бензин, 1.5 AT (109 л.с.)",автоматическая,передний,Правый,Седан,белый,https://avatars.avto.ru/get-autoru-vos/17777984/e01062c75cb0efacc4be215d14004c22/1200x900,2026-09-22T05:50:53Z
Hyundai,Santa Fe,Hyundai Santa Fe II Рестайлинг,https://auto.ru/cars/used/sale/hyundai/santa_fe/1133162563-19b63931/,1439000,Новокузнецк,2011,,5,208000,3,Не требует ремонта,Оригинал,Elegance,"бензин, 2.4 AT (174 л.с.) 4WD",автоматическая,полный,Левый,Внедорожник 5 дв.,серебристый,https://avatars.avto.ru/get-autoru-vos/20410536/cdf94dcd0377de598461563833029098/1200x900,2026-09-22T05:50:53Z
Toyota,RAV4,Toyota RAV4 IV (XA40) Рестайлинг,https://auto.ru/cars/used/sale/toyota/rav_4/1131525906-2779d32a/,2389000,Новокузнецк,2015,,5,202000,3,Не требует ремонта,Оригинал,25th Anniversary,"бензин, 2.0 CVT (146 л.с.) 4WD",вариатор,полный,Левый,Внедорожник 5 дв.,белый,https://photo.auto.ru/photo/get-autoru-vos/17999629/RtuUCMVeQqmdKniWoMtPplwqO6cJ6LObjhsvUASBPMNiMw6UrCU2QVTdcz93SphMuTHoyjZSwlsWhz3CO3d4nWqgQ3GzittuzEFqSNu33zJaw_r3SsnDGRA5nmYnTwX4hLv4s_cK026XwZuYzSuQ569ylaswBYX9pBJOdQ6o5_pbCd4/1200x900,2026-09-22T05:50:53Z
Hyundai,Tucson,Hyundai Tucson I,https://auto.ru/cars/used/sale/hyundai/tucson/1133946808-7e9de0a4/,809000,Новокузнецк,2007,,5,262000,4,Не требует ремонта,Дубликат,,"бензин, 2.0 AT (141 л.с.) 4WD",автоматическая,полный,Левый,Внедорожник 5 дв.,серый,https://photo.auto.ru/photo/get-autoru-vos/15404718/gbZoE0EAdTipYH8MT-6YoIaouwJTWGOghgvzoeGdD2TL4nCEAHtWpl9d61N_mRp_esY_7biHNDCb01mizUCJsAWDrpEPIBSDRQUK9OCEQJtIet7A8oCwLBE342olEnFhfS0obdSh-OPtpTp9BX9a82d1VVlfVbq2MbfTQ8hkmduYNjc/1200x900,2026-09-22T05:50:53Z
Toyota,Pixis Joy,Toyota Pixis Joy I,https://auto.ru/cars/used/sale/toyota/pixis_joy/1134153294-3f6a6092/,849000,Новокузнецк,2016,,4,172000,2,Не требует ремонта,Оригинал,,"бензин, 0.7 CVT (52 л.с.)",вариатор,передний,Правый,Хэтчбек 5 дв.,красный,https://avatars.avto.ru/get-autoru-vos/20315033/339a0904c3e0a0a6b45079ab7bc42545/1200x900,2026-09-22T05:50:53Z
Nissan,Teana,Nissan Teana I (J31),https://auto.ru/cars/used/sale/nissan/teana/1131629692-8241b4d0/,599000,Новокузнецк,2003,,5,365000,3,Не требует ремонта,Дубликат,,"бензин, 2.4 AT (173 л.с.)",автоматическая,передний,Правый,Седан,серебристый,https://avatars.avto.ru/get-autoru-vos/3564599/0bb412d2dfe522c3d83ef0d6f3cffec6/1200x900,2026-09-22T05:50:53Z
Toyota,Gaia,Toyota Gaia,https://auto.ru/cars/used/sale/toyota/gaia/1134049888-544947fd/,519000,Новокузнецк,2002,,6,281000,4,Не требует ремонта,Оригинал,,"бензин, 2.0 AT (152 л.с.)",автоматическая,передний,Правый,Компактвэн,серый,https://avatars.avto.ru/get-autoru-vos/2164928/8edfaacfa33ec794f2cfaafa98189a77/1200x900,2026-09-22T05:50:53Z
Subaru,Forester,Subaru Forester III Рестайлинг,https://auto.ru/cars/used/sale/subaru/forester/1134153291-e1d50b98/,1399000,Новокузнецк,2012,,5,314000,4,Не требует ремонта,Дубликат,,"бензин, 2.0 MT (150 л.с.) 4WD",механическая,полный,Левый,Внедорожник 5 дв.,синий,https://avatars.avto.ru/get-autoru-vos/20487659/af395564c99cf58afbc609df124825cf/1200x900,2026-09-22T05:50:53Z
Lada (ВАЗ),Niva Travel,Lada (ВАЗ) Niva Travel I,https://auto.ru/cars/used/sale/vaz/niva_travel/1134216024-7a60813c/,1309000,Новокузнецк,2023,,5,33000,1,Не требует ремонта,Оригинал,,"бензин, 1.7 MT (80 л.с.) 4WD",механическая,полный,Левый,Внедорожник 5 дв.,зелёный,https://avatars.avto.ru/get-autoru-vos/20976236/ece25b948b4526863d6b8d82a2231575/1200x900,2026-09-22T05:50:53Z
Kia,Sportage,Kia Sportage IV,https://auto.ru/cars/used/sale/kia/sportage/1134153292-eaec9a3b/,1949000,Новокузнецк,2017,,5,175000,3,Не требует ремонта,Дубликат,,"бензин, 2.0 AT (150 л.с.) 4WD",автоматическая,полный,Левый,Внедорожник 5 дв.,серебристый,https://avatars.avto.ru/get-autoru-vos/20507677/a245f4c267900f318542df276e25caaf/1200x900,2026-09-22T05:50:53Z
Toyota,RAV4,Toyota RAV4 IV (XA40),https://auto.ru/cars/used/sale/toyota/rav_4/1133089976-f545e9fe/,1949000,Новокузнецк,2013,,5,189000,4,Не требует ремонта,Оригинал,Комфорт Плюс,"бензин, 2.0 CVT (146 л.с.) 4WD",вариатор,полный,Левый,Внедорожник 5 дв.,серый,https://avatars.avto.ru/get-autoru-vos/16569097/68fc7227c5c34661a22d039179934e27/1200x900,2026-09-22T05:50:53Z
Lexus,LX,Lexus LX 570 III Рестайлинг,https://auto.ru/cars/used/sale/lexus/lx/1131141768-f7015100/,4069000,Новокузнецк,2013,,5,283000,3,Не требует ремонта,Оригинал,25th Anniversary Edition 1,"бензин, 570 5.7 AT (367 л.с.) 4WD",автоматическая,полный,Левый,Внедорожник 5 дв.,чёрный,https://avatars.avto.ru/get-autoru-vos/2129093/3090f844af4b5222d6a5f0d38edf635d/1200x900,2026-09-22T05:50:53Z
Lada (ВАЗ),2114,Lada (ВАЗ) 2114,https://auto.ru/cars/used/sale/vaz/2114/1133607627-321b2da3/,249000,Новокузнецк,2013,,5,230000,4,Не требует ремонта,Дубликат,Люкс,"бензин, 1.6 MT (81 л.с.)",механическая,передний,Левый,Хэтчбек 5 дв.,серебристый,https://avatars.avto.ru/get-autoru-vos/16308788/f40ae0ee66b661ae2f19899dc8293e45/1200x900,2026-09-22T05:50:53Z
Lada (ВАЗ),Niva Travel,Lada (ВАЗ) Niva Travel I,https://auto.ru/cars/used/sale/vaz/niva_travel/1133574828-69b40f75/,1099000,Новокузнецк,2021,,5,104000,2,Не требует ремонта,Оригинал,KHL'24 (2023-2024),"бензин, 1.7 MT (80 л.с.) 4WD",механическая,полный,Левый,Внедорожник 5 дв.,белый,https://avatars.avto.ru/get-autoru-vos/17660749/31f56d1318dfe658e91e3baa08d92a20/1200x900,2026-09-22T05:50:53Z
Toyota,Avensis,Toyota Avensis II Рестайлинг,https://auto.ru/cars/used/sale/toyota/avensis/1132929913-9060184f/,899000,Новокузнецк,2007,,5,279000,3,Не требует ремонта,Дубликат,Люкс,"бензин, 2.0 AT (147 л.с.)",автоматическая,передний,Левый,Седан,красный,https://avatars.avto.ru/get-autoru-vos/18150448/c939b5185dcb1769a8e25bd3bec11b4a/1200x900,2026-09-22T05:50:56Z
Hyundai,Accent,Hyundai Accent ТагАЗ II,https://auto.ru/cars/used/sale/hyundai/accent/1134034993-56069661/,299000,Новокузнецк,2008,,5,250000,4,Не требует ремонта,Оригинал,,"бензин, ТагАЗ 1.5 MT (102 л.с.)",механическая,передний,Левый,Седан,серебристый,https://avatars.avto.ru/get-autoru-vos/20315033/9740d600e31c916ef55817f0b10bd25c/1200x900,2026-09-22T05:50:56Z
Honda,Freed,Honda Freed II,https://auto.ru/cars/used/sale/honda/freed/1134049890-68161ac3/,1309000,Новокузнецк,2016,,7,135600,1,Не требует ремонта,Оригинал,,"бензин, 1.5 CVT (131 л.с.)",вариатор,передний,Правый,Компактвэн,чёрный,https://avatars.avto.ru/get-autoru-vos/16202224/98100eb20667577f67949e53d61fa81b/1200x900,2026-09-22T05:50:56Z
Suzuki,Jimny,Suzuki Jimny Kei car III Рестайлинг 1,https://auto.ru/cars/used/sale/suzuki/jimny/1134095157-63cfebe0/,819000,Новокузнецк,2010,,4,124000,1,Не требует ремонта,Оригинал,,"бензин, Kei car 0.7 AT (64 л.с.) 4WD",автоматическая,полный,Правый,Внедорожник 3 дв. Kei car,белый,https://avatars.avto.ru/get-autoru-vos/21177414/be195f9f7cebbae9d96c3551892fdc2c/1200x900,2026-09-22T05:50:56Z
Lada (ВАЗ),2114,Lada (ВАЗ) 2114,https://auto.ru/cars/used/sale/vaz/2114/1133103913-40e62627/,149000,Новокузнецк,2005,,5,235000,4,Не требует ремонта,Дубликат,,"бензин, 1.5 MT (77 л.с.)",механическая,передний,Левый,Хэтчбек 5 дв.,серый,https://avatars.avto.ru/get-autoru-vos/20134224/ddc4adbc8c54bbdf18c1fc77ca76a972/1200x900,2026-09-22T05:50:56Z
Haval,F7,Haval F7 I Рестайлинг,https://auto.ru/cars/used/sale/haval/f7/1132691851-4cbd4315/,2199000,Новокузнецк,2022,,5,50000,1,Не требует ремонта,Оригинал,Elite,"бензин, 2.0 AMT (190 л.с.) 4WD",робот,полный,Левый,Внедорожник 5 дв.,белый,https://avatars.avto.ru/get-autoru-vos/17791070/e5173d1d8a606ccaaaf9e6ae6ef6de7c/1200x900,2026-09-22T05:50:56Z
Kia,Sorento,Kia Sorento II,https://auto.ru/cars/used/sale/kia/sorento/1133133689-b8c61dc4/,1399000,Новокузнецк,2011,,5,144000,2,Не требует ремонта,Дубликат,Prestige,"бензин, 2.4 AT (175 л.с.) 4WD",автоматическая,полный,Левый,Внедорожник 5 дв.,серый,https://avatars.avto.ru/get-autoru-vos/20330248/24d5da5cce4aa561e3683f26e3f6e29b/1200x900,2026-09-22T05:50:56Z
Honda,CR-V,Honda CR-V II,https://auto.ru/cars/used/sale/honda/cr_v/1133264409-40a03671/,739000,Новокузнецк,2002,,5,185000,4,Не требует ремонта,Дубликат,,"бензин, 2.4 AT (162 л.с.) 4WD",автоматическая,полный,Левый,Внедорожник 5 дв.,серый,https://photo.auto.ru/photo/get-autoru-vos/20358835/6teN5zUTurFW77_7a3gOP-xwp8MgTpjffD08-X3FxaLaoSHMe0R3XiIACEJp3WoSNluJ6jRaN6EVcO9TyRcm4x6C7jL0kebHsiM2n_UK5XPMlvUDJAPr4RuXmIMdyOHT9VwcIKjkKmO7PlS9lHstYQ7O1_DUrUPY1E83hiBEOcX5ICQ/1200x900,2026-09-22T05:50:56Z
Nissan,Sentra,Nissan Sentra VII (B17),https://auto.ru/cars/used/sale/nissan/sentra/1133946810-87b40397/,899000,Новокузнецк,2014,,5,230000,4,Не требует ремонта,Дубликат,,"бензин, 1.6 MT (117 л.с.)",механическая,передний,Правый,Седан,белый,https://photo.auto.ru/photo/get-autoru-vos/20761562/ChtL3BfTzXkIzFeUhFTsCNLpDYL3-e0YReewgd1_zJBE9F_E_lN5FwY17gRT6_U0bkki1wnICr74VddRhfmaexRzEAMhUjXDkaqVV0kx44GdDr3-6oADhYHq9lDPZkl9gX5y40rVztPH_yOgekTosjeD_M8wu3Sl6VP1seEBhPZNj_U/1200x900,2026-09-22T05:50:56Z
Chevrolet,Lacetti,Chevrolet Lacetti I,https://auto.ru/cars/used/sale/chevrolet/lacetti/1133342426-1ff94908/,359000,Новокузнецк,2007,,5,250000,4,Не требует ремонта,Дубликат,Premium airbag-side,"бензин, 1.6 MT (109 л.с.)",механическая,передний,Левый,Седан,золотистый,https://avatars.avto.ru/get-autoru-vos/20193191/754303b02a6459bf729402a9b18909c1/1200x900,2026-09-22T05:50:56Z
Nissan,Qashqai,Nissan Qashqai I Рестайлинг,https://auto.ru/cars/used/sale/nissan/qashqai/1134110368-7b0e67b5/,1249000,Новокузнецк,2012,,5,220000,2,Не требует ремонта,Оригинал,,"бензин, 1.6 MT (114 л.с.)",механическая,передний,Левый,Внедорожник 5 дв.,чёрный,https://avatars.avto.ru/get-autoru-vos/20761562/05b133bb6c95a33ab7cb9c794f2aeb89/1200x900,2026-09-22T05:50:56Z
Nissan,X-Trail,Nissan X-Trail II Рестайлинг,https://auto.ru/cars/used/sale/nissan/x_trail/1133976301-ffc71986/,1449000,Новокузнецк,2013,,5,235000,3,Не требует ремонта,Оригинал,,"бензин, 2.0 CVT (141 л.с.) 4WD",вариатор,полный,Левый,Внедорожник 5 дв.,чёрный,https://photo.auto.ru/photo/get-autoru-vos/2057430/xGJ1vr01eNDObqM91WndRy3-hT3O_W7DrTSWXDKz3HHUkwae5Fbrsdbb2VRK_QS2kL2Q9QmfSl9gTjPHUI5OXLQ5mwntzq0qFxs2cLBaJkBLol498IETfjfSd_dmT8PAyPJ_oJnVawE5DJ1kOvwlbsqs7AXvIpNAp0qpO4PTzPIbH-w/1200x900,2026-09-22T05:50:56Z
Toyota,Avensis,Toyota Avensis II Рестайлинг,https://auto.ru/cars/used/sale/toyota/avensis/1133901383-db0f0576/,619000,Новокузнецк,2006,,5,330000,4,Не требует ремонта,Дубликат,,"бензин, 1.8 MT (129 л.с.)",механическая,передний,Левый,Седан,серый,https://avatars.avto.ru/get-autoru-vos/17435526/095597b2189d48ca03ff4b7924c84e0e/1200x900,2026-09-22T05:50:56Z
Renault,Logan,Renault Logan I Рестайлинг,https://auto.ru/cars/used/sale/renault/logan/1134216023-fe732e04/,279000,Новокузнецк,2011,,5,275000,4,Не требует ремонта,Оригинал,,"бензин, 1.4 MT (75 л.с.)",механическая,передний,Левый,Седан,белый,https://avatars.avto.ru/get-autoru-vos/21020305/cfee99221425357eb659dc6df9ce10a8/1200x900,2026-09-22T05:50:56Z
Hyundai,Creta,Hyundai Creta I Рестайлинг,https://auto.ru/cars/used/sale/hyundai/creta/1133825220-a9a31cb1/,2069000,Новокузнецк,2021,,5,150000,1,Не требует ремонта,Оригинал,,"бензин, 2.0 AT (149 л.с.) 4WD",автоматическая,полный,Левый,Внедорожник 5 дв.,чёрный,https://avatars.avto.ru/get-autoru-vos/20335149/aeb16c274ff0e5959891661b1b230d90/1200x900,2026-09-22T05:50:56Z
Toyota,Passo,Toyota Passo II (C30),https://auto.ru/cars/used/sale/toyota/passo/1131214479-430b01ee/,669000,Новокузнецк,2015,,5,153000,1,Не требует ремонта,Оригинал,,"бензин, 1.0 CVT (69 л.с.)",вариатор,передний,Правый,Хэтчбек 5 дв.,белый,https://avatars.avto.ru/get-autoru-vos/2058179/7a56beca6107a4eb3abbc52a5a23418f/1200x900,2026-09-22T05:50:56Z
Daihatsu,Boon,Daihatsu Boon III Рестайлинг,https://auto.ru/cars/used/sale/daihatsu/boon/1133358557-f5729cbc/,939000,Новокузнецк,2020,,5,25000,1,Не требует ремонта,Оригинал,,"бензин, 1.0 CVT (69 л.с.)",вариатор,передний,Правый,Хэтчбек 5 дв.,красный,https://avatars.avto.ru/get-autoru-vos/20894132/7ffb656ed75ad483243912e181370c07/1200x900,2026-09-22T05:50:56Z
Nissan,X-Trail,Nissan X-Trail II,https://auto.ru/cars/used/sale/nissan/x_trail/1133933262-5b0e59ab/,1409000,Новокузнецк,2010,,5,314000,3,Не требует ремонта,Дубликат,,"бензин, 2.0 CVT (141 л.с.) 4WD",вариатор,полный,Левый,Внедорожник 5 дв.,серебристый,https://avatars.avto.ru/get-autoru-vos/2162758/fa3a0ecf2b9783078bb167865ba823b5/1200x900,2026-09-22T05:50:56Z
Nissan,Juke,Nissan Juke I,https://auto.ru/cars/used/sale/nissan/juke/1133774253-c410493a/,929000,Новокузнецк,2013,,5,163000,4,Не требует ремонта,Дубликат,,"бензин, 1.6 CVT (117 л.с.)",вариатор,передний,Левый,Внедорожник 5 дв.,серебристый,https://avatars.avto.ru/get-autoru-vos/17755365/882c9c9ffec71f008e7d0434c5b60400/1200x900,2026-09-22T05:50:56Z
Toyota,C-HR,Toyota C-HR I,https://auto.ru/cars/used/sale/toyota/c_hr/1129911748-ecb8b447/,1969000,Новокузнецк,2018,,5,33000,1,Не требует ремонта,Оригинал,,"бензин, 1.2 CVT (115 л.с.)",вариатор,передний,Правый,Внедорожник 5 дв.,чёрный,https://avatars.avto.ru/get-autoru-vos/16277572/7e0795b061020e40eb35cbfcabc91020/1200x900,2026-09-22T05:50:56Z
Honda,Freed,Honda Freed II,https://auto.ru/cars/used/sale/honda/freed/1132243749-1d8a92a2/,1579000,Новокузнецк,2018,,7,86000,1,Не требует ремонта,Оригинал,,"гибрид, 1.5hyb AMT (110 л.с.)",робот,передний,Правый,Компактвэн,серебристый,https://avatars.avto.ru/get-autoru-vos/16743792/2560a800051ecbf2e94f927e949b26b0/1200x900,2026-09-22T05:50:56Z
Mitsubishi,Pajero Mini,Mitsubishi Pajero Mini II,https://auto.ru/cars/used/sale/mitsubishi/pajero_mini/1134095154-26f2c5b6/,619000,Новокузнецк,2009,,4,151000,2,Не требует ремонта,Оригинал,,"бензин, 0.7 AT (64 л.с.) 4WD",автоматическая,полный,Правый,Внедорожник 3 дв.,серебристый,https://avatars.avto.ru/get-autoru-vos/17750516/eb9355fdf4eaf7da19ddc15a225173ca/1200x900,2026-09-22T05:50:56Z
Nissan,Tiida,Nissan Tiida Latio I,https://auto.ru/cars/used/sale/nissan/tiida/1134209116-a87e5d2c/,549000,Новокузнецк,2004,,5,400000,4,Не требует ремонта,Дубликат,,"бензин, Latio 1.5 AT (109 л.с.) 4WD",автоматическая,полный,Правый,Седан Latio,белый,https://avatars.avto.ru/get-autoru-vos/20673651/c5ed1a6f01b22da07459b6a9f88c04d6/1200x900,2026-09-22T05:50:56Z
Kia,Ceed,Kia Ceed I Рестайлинг,https://auto.ru/cars/used/sale/kia/ceed/1133510310-4daaafef/,679000,Новокузнецк,2010,,5,189000,4,Не требует ремонта,Дубликат,Comfort,"бензин, 1.6 AT (122 л.с.)",автоматическая,передний,Левый,Хэтчбек 5 дв.,серебристый,https://photo.auto.ru/photo/get-autoru-vos/17841911/uguTWa6JDvm7KfLvFnESBTNzb9mSE1vJxaIAP0DySUNgMRtpoCB9kDXyZ8x84tYtzmQ_xQ3d7RqGPdXs7mTFS4Mkze4gaTbPM6uhqe6_XAI0u6lG7RrjFlV2agx4s4NtLMJZDANvW-9MksSH688Ud4PWrR0f9Th3Yw2EqmmgudwpAGQ/1200x900,2026-09-22T05:50:56Z
Toyota,Avensis,Toyota Avensis II,https://auto.ru/cars/used/sale/toyota/avensis/1133057159-2f4c8044/,669000,Новокузнецк,2004,,5,347000,4,Не требует ремонта,Дубликат,,"бензин, 2.0 AT (147 л.с.)",автоматическая,передний,Левый,Седан,золотистый,https://avatars.avto.ru/get-autoru-vos/20331633/3918e426b29646fd9072e7826a4383a1/1200x900,2026-09-22T05:50:56Z
Nissan,Sunny,Nissan Sunny B15,https://auto.ru/cars/used/sale/nissan/sunny/1128970538-ab39bc89/,289000,Новокузнецк,2003,,5,237000,4,Не требует ремонта,Дубликат,,"бензин, 1.3 AT (90 л.с.)",автоматическая,передний,Правый,Седан,синий,https://avatars.avto.ru/get-autoru-vos/14855693/bc17c7ac2e61fbb5cce3c7e51e3916f1/1200x900,2026-09-22T05:50:56Z
Hyundai,Sonata,Hyundai Sonata VII (LF) Рестайлинг,https://auto.ru/cars/used/sale/hyundai/sonata/1134034994-eb926bb5/,1509000,Новокузнецк,2017,,5,173000,1,Не требует ремонта,Оригинал,,"бензин, 2.4 AT (188 л.с.)",автоматическая,передний,Левый,Седан,синий,https://avatars.avto.ru/get-autoru-vos/2038446/3e4aa9a1d3344c307e1d460f8654fd5a/1200x900,2026-09-22T05:50:56Z
Nissan,X-Trail,Nissan X-Trail III,https://auto.ru/cars/used/sale/nissan/x_trail/1133724699-96e47ca9/,1869000,Новокузнецк,2018,,5,220000,4,Не требует ремонта,Дубликат,,"бензин, 2.5 CVT (171 л.с.) 4WD",вариатор,полный,Левый,Внедорожник 5 дв.,чёрный,https://avatars.avto.ru/get-autoru-vos/17913096/8f1b662a62b6a640d0bf81e660c7a4cb/1200x900,2026-09-22T05:50:56Z
Nissan,Tino,Nissan Tino,https://auto.ru/cars/used/sale/nissan/tino/1134216028-f22a0d72/,359000,Новокузнецк,2000,,6,331000,4,Не требует ремонта,Дубликат,,"бензин, 1.8 AT (120 л.с.)",автоматическая,передний,Правый,Компактвэн,красный,https://avatars.avto.ru/get-autoru-vos/18702491/855715da94d0f18929c0ac7f516f32b1/1200x900,2026-09-22T05:50:56Z
Toyota,Spade,Toyota Spade,https://auto.ru/cars/used/sale/toyota/spade/1131683321-67a3fd9e/,879000,Новокузнецк,2015,,5,105000,1,Не требует ремонта,Оригинал,,"бензин, 1.5 CVT (109 л.с.)",вариатор,передний,Правый,Микровэн,фиолетовый,https://avatars.avto.ru/get-autoru-vos/17690098/a7c9fc282ff6764df0000f10375cdc81/1200x900,2026-09-22T05:50:56Z
Hyundai,Elantra,Hyundai Elantra III (XD2) Рестайлинг,https://auto.ru/cars/used/sale/hyundai/elantra/1133825222-46b284d7/,399000,Новокузнецк,2006,,5,290000,4,Не требует ремонта,Дубликат,,"бензин, 1.8 AT (132 л.с.)",автоматическая,передний,Левый,Седан,красный,https://avatars.avto.ru/get-autoru-vos/18068962/ac96a3fe1369f017667efef03e08ff22/1200x900,2026-09-22T05:50:56Z
Ford,Mondeo,Ford Mondeo IV,https://auto.ru/cars/used/sale/ford/mondeo/1133710267-3e64a954/,619000,Новокузнецк,2008,,5,319000,4,Не требует ремонта,Дубликат,,"бензин, 2.3 AT (161 л.с.)",автоматическая,передний,Левый,Седан,чёрный,https://avatars.avto.ru/get-autoru-vos/1882269/8d6920f8db20492ae1cfb116e1c4e605/1200x900,2026-09-22T05:50:56Z
Toyota,Premio,Toyota Premio I (T24),https://auto.ru/cars/used/sale/toyota/premio/1133604744-2ee64926/,609000,Новокузнецк,2003,,5,445000,4,Не требует ремонта,Дубликат,,"бензин, 1.8 AT (125 л.с.) 4WD",автоматическая,полный,Правый,Седан,серебристый,https://avatars.avto.ru/get-autoru-vos/15580208/b4eb12a6cf3aa044874246afc15d6b0f/1200x900,2026-09-22T05:50:56Z
Hyundai,ix35,Hyundai ix35 I Рестайлинг,https://auto.ru/cars/used/sale/hyundai/ix35/1133947037-30de1e57/,1709000,Новокузнецк,2013,,5,130000,3,Не требует ремонта,Оригинал,,"бензин, 2.0 AT (150 л.с.) 4WD",автоматическая,полный,Левый,Внедорожник 5 дв.,белый,https://avatars.avto.ru/get-autoru-vos/20680164/0949aee8c437e3e62fc5d96ff32a89bf/1200x900,2026-09-22T05:50:56Z
Lada (ВАЗ),Granta,Lada (ВАЗ) Granta I,https://auto.ru/cars/used/sale/vaz/granta/1133342425-8181ae09/,579000,Новокузнецк,2018,,5,133649,2,Не требует ремонта,Оригинал,Luxe 21901-52-212,"бензин, 1.6 MT (87 л.с.)",механическая,передний,Левый,Седан,серый,https://avatars.avto.ru/get-autoru-vos/20134224/c589ef66a1fa1d26a913ef971b7ec063/1200x900,2026-09-22T05:50:56Z
Toyota,Platz,Toyota Platz,https://auto.ru/cars/used/sale/toyota/platz/1133774251-8f15fcc1/,329000,Новокузнецк,2000,,5,240000,4,Не требует ремонта,Дубликат,,"бензин, 1.5 AT (110 л.с.)",автоматическая,передний,Правый,Седан,зелёный,https://avatars.avto.ru/get-autoru-vos/17755365/bc849966becff235410a4bb559a48e41/1200x900,2026-09-22T05:50:56Z
Volkswagen,Tiguan,Volkswagen Tiguan II,https://auto.ru/cars/used/sale/volkswagen/tiguan/1133920053-59e27b67/,2759000,Новокузнецк,2018,,5,143812,2,Не требует ремонта,Оригинал,,"бензин, 2.0 AMT (180 л.с.) 4WD",робот,полный,Левый,Внедорожник 5 дв.,белый,https://avatars.avto.ru/get-autoru-vos/21020305/2863244184b67add3beb65e88a09b51c/1200x900,2026-09-22T05:50:56Z
Toyota,Camry,Toyota Camry VI (XV40) Рестайлинг,https://auto.ru/cars/used/sale/toyota/camry/1134095159-96616232/,1049000,Новокузнецк,2011,,5,270000,4,Не требует ремонта,Дубликат,,"бензин, 2.4 AT (167 л.с.)",автоматическая,передний,Левый,Седан,белый,https://avatars.avto.ru/get-autoru-vos/20263483/33341751b4a2da967b98ee9985b4df81/1200x900,2026-09-22T05:50:59Z
Lifan,X60,Lifan X60 I Рестайлинг,https://auto.ru/cars/used/sale/lifan/x60/1133825221-8f41d6bf/,839000,Новокузнецк,2016,,5,170000,4,Не требует ремонта,Оригинал,,"бензин, 1.8 CVT (128 л.с.)",вариатор,передний,Левый,Внедорожник 5 дв.,коричневый,https://avatars.avto.ru/get-autoru-vos/20033387/ed00254724120ba928ee0f00583c4943/1200x900,2026-09-22T05:50:59Z
Hyundai,Accent,Hyundai Accent ТагАЗ II,https://auto.ru/cars/used/sale/hyundai/accent/1133774247-cc951ee0/,579000,Новокузнецк,2008,,5,208000,3,Не требует ремонта,Оригинал,,"бензин, ТагАЗ 1.5 MT (102 л.с.)",механическая,передний,Левый,Седан,синий,https://avatars.avto.ru/get-autoru-vos/5459774/eb223a1fd12633d14a8a57f1794ccf86/1200x900,2026-09-22T05:50:59Z
Toyota,Allex,Toyota Allex I,https://auto.ru/cars/used/sale/toyota/allex/1133162562-13e30750/,399000,Новокузнецк,2001,,5,450000,3,Не требует ремонта,Оригинал,,"бензин, 1.5 AT (110 л.с.)",автоматическая,передний,Правый,Хэтчбек 5 дв.,серебристый,https://avatars.avto.ru/get-autoru-vos/16133285/b1cede418da80f4e21d298e76e0e9120/1200x900,2026-09-22T05:50:59Z
Kia,Picanto,Kia Picanto II Рестайлинг,https://auto.ru/cars/used/sale/kia/picanto/1133710268-dea9a373/,1299000,Новокузнецк,2017,,5,69000,2,Не требует ремонта,Оригинал,,"бензин, 1.3 AT (85 л.с.)",автоматическая,передний,Левый,Хэтчбек 5 дв.,чёрный,https://avatars.avto.ru/get-autoru-vos/20656151/ab8da3ae7cc02a0f3e3bf66f99c74314/1200x900,2026-09-22T05:50:59Z
Nissan,Sunny,Nissan Sunny B15,https://auto.ru/cars/used/sale/nissan/sunny/1133901381-b2117c78/,289000,Новокузнецк,2000,,5,302000,4,Не требует ремонта,Дубликат,,"бензин, 1.5 AT (105 л.с.)",автоматическая,передний,Правый,Седан,белый,https://avatars.avto.ru/get-autoru-vos/17786981/b0acfe34b54f849b2410c06923147b85/1200x900,2026-09-22T05:50:59Z
Toyota,Corolla,"Toyota Corolla IX (E120, E130)",https://auto.ru/cars/used/sale/toyota/corolla/1134197423-e6759da9/,499000,Новокузнецк,2002,,5,383000,4,Не требует ремонта,Дубликат,,"бензин, 1.5 AT (105 л.с.) 4WD",автоматическая,полный,Правый,Седан,белый,https://avatars.avto.ru/get-autoru-vos/20009446/e6719aeb9370ecd8df8d1ec704935d1a/1200x900,2026-09-22T05:50:59Z
Chevrolet,Niva,Chevrolet Niva I Рестайлинг,https://auto.ru/cars/used/sale/chevrolet/niva/1133400813-f61198d8/,789000,Новокузнецк,2017,,5,88000,1,Не требует ремонта,Оригинал,LC,"бензин, 1.7 MT (80 л.с.) 4WD",механическая,полный,Левый,Внедорожник 5 дв.,синий,https://avatars.avto.ru/get-autoru-vos/20785675/33ae97aa0c58d22c81f424023f5d28ac/1200x900,2026-09-22T05:50:59Z
Toyota,Land Cruiser,Toyota Land Cruiser 200 Series Рестайлинг 1,https://auto.ru/cars/used/sale/toyota/land_cruiser/1133029152-33b51938/,3399000,Новокузнецк,2012,,7,273000,4,Не требует ремонта,Оригинал,Элеганс,"дизель, 4.5d AT (235 л.с.) 4WD",автоматическая,полный,Левый,Внедорожник 5 дв.,белый,https://avatars.avto.ru/get-autoru-vos/20263483/7efb7faea212efa30564969444cdc111/1200x900,2026-09-22T05:50:59Z
Toyota,Corolla,"Toyota Corolla X (E140, E150)",https://auto.ru/cars/used/sale/toyota/corolla/1133057160-db479ba0/,649000,Новокузнецк,2008,,5,260000,4,Не требует ремонта,Дубликат,,"бензин, 1.6 AT (124 л.с.)",автоматическая,передний,Левый,Седан,красный,https://avatars.avto.ru/get-autoru-vos/20507677/33e8e8446750d8bf3e3ef84226454604/1200x900,2026-09-22T05:50:59Z
Volkswagen,Tiguan,Volkswagen Tiguan II,https://auto.ru/cars/used/sale/volkswagen/tiguan/1133677713-b4d8579c/,2419000,Новокузнецк,2019,,5,110540,2,Не требует ремонта,Оригинал,,"бензин, 1.4 MT (150 л.с.) 4WD",механическая,полный,Левый,Внедорожник 5 дв.,серый,https://avatars.avto.ru/get-autoru-vos/20507677/06e172e8348b4eb0d7c6143aaa4c5009/1200x900,2026-09-22T05:50:59Z
Mazda,6,Mazda 6 I (GG) Рестайлинг,https://auto.ru/cars/used/sale/mazda/6/1133933252-7bd4151d/,549000,Новокузнецк,2005,,5,202000,4,Не требует ремонта,Дубликат,,"бензин, 2.0 AT (147 л.с.)",автоматическая,передний,Левый,Седан,синий,https://avatars.avto.ru/get-autoru-vos/2162758/fb16fe64a4e2b07a3636fd16b9851e20/1200x900,2026-09-22T05:50:59Z
Chevrolet,Cruze,Chevrolet Cruze I,https://auto.ru/cars/used/sale/chevrolet/cruze/1133103911-a70fa7a8/,479000,Новокузнецк,2012,,5,236000,4,Не требует ремонта,Дубликат,Base,"бензин, 1.6 MT (109 л.с.)",механическая,передний,Левый,Седан,чёрный,https://photo.auto.ru/photo/get-autoru-vos/16145448/fTF8DjKWEgRs7_dESb6lY83cs86iw_0S7i_6-G3zD3r-LxK2ZDtTaer43k03CJ2HGBf-QbwpbHkWEgo_47Vvz1mo2tNmC3sSBSn6MZS6wrHUIjv6RyOzofehyccJJnpqgdmkxmp2ji547PkNooZIlSbxHR140DeQLICrn2n2eOUwzLw/1200x900,2026-09-22T05:50:59Z
Toyota,Prius,Toyota Prius II Рестайлинг (XW20),https://auto.ru/cars/used/sale/toyota/prius/1133961336-c1f9d34c/,749000,Новокузнецк,2008,,5,320000,4,Не требует ремонта,Оригинал,,"гибрид, 1.5hyb AT (76 л.с.)",автоматическая,передний,Левый,Лифтбек,синий,https://avatars.avto.ru/get-autoru-vos/16743792/6c5354e1049d49b2eecb9f4caeaf0e1a/1200x900,2026-09-22T05:50:59Z
Toyota,Corolla,"Toyota Corolla IX (E120, E130) Рестайлинг",https://auto.ru/cars/used/sale/toyota/corolla/1133781963-3c25d16f/,529000,Новокузнецк,2006,,5,226000,2,Не требует ремонта,Оригинал,,"бензин, 1.3 AT (88 л.с.)",автоматическая,передний,Правый,Седан,белый,https://avatars.avto.ru/get-autoru-vos/5966918/5a72d553e9bc43c20863cece707a3f60/1200x900,2026-09-22T05:50:59Z
Toyota,Corolla,"Toyota Corolla X (E140, E150)",https://auto.ru/cars/used/sale/toyota/corolla/1133172708-5c40a912/,749000,Новокузнецк,2008,,5,241000,4,Не требует ремонта,Оригинал,Комфорт,"бензин, 1.6 MT (124 л.с.)",механическая,передний,Левый,Седан,голубой,https://photo.auto.ru/photo/get-autoru-vos/17833152/S2zEtFBoEiMI8vqjKQxcQq5txC64ADVMKoDnxReA6eWGwky-OiuskWFyzqmaR0LHYJlKXUnmazDbZiq3YyNY6hDYKynAmnPSVY0E-2Gra__CLnUMnK139QmVgeRKfR4Ch6F7nnsAKjWXlUD4QXBGgb3scA9uE1bqp4Sfu3u-zEZj2_w/1200x900,2026-09-22T05:50:59Z
Toyota,Platz,Toyota Platz,https://auto.ru/cars/used/sale/toyota/platz/1133312937-0c95300e/,339000,Новокузнецк,2000,,5,300000,4,Не требует ремонта,Дубликат,,"бензин, 1.5 AT (110 л.с.)",автоматическая,передний,Правый,Седан,серебристый,https://avatars.avto.ru/get-autoru-vos/20341802/50d93e44a2e640f7f80ca8b2f5d732d7/1200x900,2026-09-22T05:50:59Z
Great Wall,Hover H3,Great Wall Hover H3 I,https://auto.ru/cars/used/sale/great_wall/hoverh3/1134049889-183069e6/,769000,Новокузнецк,2014,,5,172000,3,Не требует ремонта,Оригинал,,"бензин, 2.0 MT (115 л.с.) 4WD",механическая,полный,Левый,Внедорожник 5 дв.,золотистый,https://avatars.avto.ru/get-autoru-vos/21119147/74433482d2c95d855feced93695c1417/1200x900,2026-09-22T05:50:59Z
Ford,Focus,Ford Focus II Рестайлинг,https://auto.ru/cars/used/sale/ford/focus/1134110367-2253ee38/,669000,Новокузнецк,2010,,5,220000,4,Не требует ремонта,Дубликат,,"бензин, 2.0 AT (145 л.с.)",автоматическая,передний,Левый,Хэтчбек 5 дв.,серый,https://avatars.avto.ru/get-autoru-vos/21151957/6f48644a7b6074298fa679d56d10b6a3/1200x900,2026-09-22T05:50:59Z
Chevrolet,Lacetti,Chevrolet Lacetti I,https://auto.ru/cars/used/sale/chevrolet/lacetti/1132967161-3b0e1c8e/,549000,Новокузнецк,2011,,5,417000,3,Не требует ремонта,Дубликат,Elite climate-control,"бензин, 1.6 MT (109 л.с.)",механическая,передний,Левый,Универсал 5 дв.,белый,https://avatars.avto.ru/get-autoru-vos/17980859/5ef2e73a4b886cd9fe86036055e63f24/1200x900,2026-09-22T05:50:59Z
Toyota,Corolla,"Toyota Corolla Axio XI (E160, E170, E180) Рестайлинг 1",https://auto.ru/cars/used/sale/toyota/corolla/1134063537-ad22163e/,1229000,Новокузнецк,2016,,5,48000,1,Не требует ремонта,Оригинал,,"бензин, Axio 1.5 MT (109 л.с.)",механическая,передний,Правый,Седан Axio,белый,https://avatars.avto.ru/get-autoru-vos/18621059/52247f6d96d01cae3f43f39898093a07/1200x900,2026-09-22T05:50:59Z
Mazda,Axela,Mazda Axela I,https://auto.ru/cars/used/sale/mazda/axela/1133795286-b68674e3/,529000,Новокузнецк,2007,,5,191000,4,Не требует ремонта,Оригинал,,"бензин, 1.5 AT (114 л.с.)",автоматическая,передний,Правый,Седан,серебристый,https://avatars.avto.ru/get-autoru-vos/19936221/942fac6182d8c1be0565ae726a818861/1200x900,2026-09-22T05:50:59Z
Kia,Sportage,Kia Sportage IV,https://auto.ru/cars/used/sale/kia/sportage/1133000689-a66dd5b9/,1829000,Новокузнецк,2018,,5,137000,3,Не требует ремонта,Дубликат,Comfort 2018 FWC,"бензин, 2.0 AT (150 л.с.) 4WD",автоматическая,полный,Левый,Внедорожник 5 дв.,серый,https://avatars.avto.ru/get-autoru-vos/20331633/475a4946a4a54d77cbd554ed44e793f4/1200x900,2026-09-22T05:50:59Z
Honda,Civic Ferio,Honda Civic Ferio III,https://auto.ru/cars/used/sale/honda/civic_ferio/1133838987-655a9901/,399000,Новокузнецк,2000,,5,480000,4,Не требует ремонта,Дубликат,,"бензин, 1.5 AT (115 л.с.) 4WD",автоматическая,полный,Правый,Седан,серебристый,https://avatars.avto.ru/get-autoru-vos/19394128/ecc1a2e3d3ee8b2d7da027aa8e8d6c96/1200x900,2026-09-22T05:50:59Z
Chevrolet,Cruze,Chevrolet Cruze I,https://auto.ru/cars/used/sale/chevrolet/cruze/1132796016-3d8e0713/,559000,Новокузнецк,2012,,5,200511,4,Не требует ремонта,Дубликат,Base,"бензин, 1.6 MT (109 л.с.)",механическая,передний,Левый,Седан,чёрный,https://avatars.avto.ru/get-autoru-vos/4824178/bf188573f872d8f3136a2088b01c430a/1200x900,2026-09-22T05:50:59Z
Lada (ВАЗ),Vesta,Lada (ВАЗ) Vesta SW I,https://auto.ru/cars/used/sale/vaz/vesta/1134216027-2ec92767/,1159000,Новокузнецк,2018,,5,119000,1,Не требует ремонта,Оригинал,,"бензин, SW 1.8 MT (122 л.с.)",механическая,передний,Левый,Универсал 5 дв. SW,белый,https://avatars.avto.ru/get-autoru-vos/18006848/f1c65aa7cff33970cfb7a35d1369cd96/1200x900,2026-09-22T05:50:59Z
Toyota,Auris,Toyota Auris II Рестайлинг,https://auto.ru/cars/used/sale/toyota/auris/1133920054-5227ae7c/,1609000,Новокузнецк,2015,,5,52700,1,Не требует ремонта,Оригинал,,"бензин, 1.2 CVT (116 л.с.)",вариатор,передний,Правый,Хэтчбек 5 дв.,синий,https://avatars.avto.ru/get-autoru-vos/2051006/0f2076fa5eed61d75961cde49d5dd784/1200x900,2026-09-22T05:50:59Z
Nissan,Teana,Nissan Teana II (J32),https://auto.ru/cars/used/sale/nissan/teana/1131879621-5c367fb2/,909000,Новокузнецк,2008,,5,318000,4,Не требует ремонта,Оригинал,,"бензин, 2.5 CVT (182 л.с.)",вариатор,передний,Левый,Седан,чёрный,https://avatars.avto.ru/get-autoru-vos/16976316/174ce0136be1654d61481e5b4c3c1ed9/1200x900,2026-09-22T05:50:59Z
Toyota,Camry,Toyota Camry VII (XV50),https://auto.ru/cars/used/sale/toyota/camry/1134228316-abf3bc43/,1669000,Новокузнецк,2012,,5,190000,3,Не требует ремонта,Оригинал,,"бензин, 2.5 AT (181 л.с.)",автоматическая,передний,Левый,Седан,белый,https://avatars.avto.ru/get-autoru-vos/17993102/e6f8d1b5bb521e0835eb1266c28f2c9b/1200x900,2026-09-22T05:50:59Z
Hyundai,Solaris,Hyundai Solaris I,https://auto.ru/cars/used/sale/hyundai/solaris/1134153296-83fd30e9/,669000,Новокузнецк,2011,,5,186000,4,Не требует ремонта,Дубликат,,"бензин, 1.4 AT (107 л.с.)",автоматическая,передний,Левый,Седан,чёрный,https://avatars.avto.ru/get-autoru-vos/18105905/f69178b0a9fa18eeb3dd9d4bdb41299e/1200x900,2026-09-22T05:50:59Z
Mazda,6,Mazda 6 II (GH) Рестайлинг,https://auto.ru/cars/used/sale/mazda/6/1134063534-081250ed/,859000,Новокузнецк,2011,,5,254000,4,Не требует ремонта,Дубликат,,"бензин, 1.8 MT (120 л.с.)",механическая,передний,Левый,Седан,белый,https://avatars.avto.ru/get-autoru-vos/20200701/fadb4ed2796c07982add68b4617c42cc/1200x900,2026-09-22T05:50:59Z
Chevrolet,Cruze,Chevrolet Cruze I,https://auto.ru/cars/used/sale/chevrolet/cruze/1134209113-e676281f/,719000,Новокузнецк,2011,,5,251000,4,Не требует ремонта,Оригинал,,"бензин, 1.6 MT (124 л.с.)",механическая,передний,Левый,Седан,синий,https://avatars.avto.ru/get-autoru-vos/19811519/f86fdb5c9dbfa2ab0a1b9b37d75053cc/1200x900,2026-09-22T05:50:59Z
Lada (ВАЗ),Priora,Lada (ВАЗ) Priora I Рестайлинг,https://auto.ru/cars/used/sale/vaz/2170/1133172709-f09c14df/,429000,Новокузнецк,2014,,5,241000,3,Не требует ремонта,Оригинал,Люкс 21725-33-051,"бензин, 1.6 MT (106 л.с.)",механическая,передний,Левый,Хэтчбек 5 дв.,коричневый,https://photo.auto.ru/photo/get-autoru-vos/20335149/iMZI3E6A3LQAtAwokk_EOvk66z8AmJym4OweSunrOUGxAdJjesGPU7ULiaacRBtBv6NN-cIs3Vnm4cLQzEPdbl9dpN-mQlaHgTyad2evRsQuSiRUWUikPWnsyvMYhS5yeev9Oo__ux_jpQ-tZNrGhbGbvl4TNMPJXNAHQJmfTZ1oVuc/1200x900,2026-09-22T05:50:59Z
Toyota,Corolla,"Toyota Corolla X (E140, E150) Рестайлинг",https://auto.ru/cars/used/sale/toyota/corolla/1133510306-3f411bc2/,1059000,Новокузнецк,2012,,5,208000,4,Не требует ремонта,Дубликат,Комфорт Плюс,"бензин, 1.6 AT (124 л.с.)",автоматическая,передний,Левый,Седан,чёрный,https://photo.auto.ru/photo/get-autoru-vos/17923922/q2K3eNBLanoHWmLvOjORazZ28gM-XfrNkbXnuuUocka8mjvbx5jL9kMNZpcBExXFsLLZ2CyxyErR58i3xOpCZ9Mhf1_2OXGvulvcuHw7O5ohQrZ9o5jPSVH7VhHYd6Tc18LTNSWbkgLTouIlxXVO7jw0aCY20Tp0tlGsd5-D2tAMFU4/1200x900,2026-09-22T05:50:59Z
Toyota,Corolla,"Toyota Corolla Fielder XI (E160, E170, E180)",https://auto.ru/cars/used/sale/toyota/corolla/1134228315-220665e6/,1349000,Новокузнецк,2014,,5,102000,1,Не требует ремонта,Оригинал,,"гибрид, Fielder 1.5hyb CVT (74 л.с.)",вариатор,передний,Правый,Универсал 5 дв. Fielder,синий,https://avatars.avto.ru/get-autoru-vos/20656151/98b44ca5859c67267070cc97515054e5/1200x900,2026-09-22T05:50:59Z
Hyundai,Avante,Hyundai Avante V,https://auto.ru/cars/used/sale/hyundai/avante/1134110366-568dd9a5/,999000,Новокузнецк,2011,,5,212000,4,Не требует ремонта,Оригинал,,"бензин, 1.6 AT (140 л.с.)",автоматическая,передний,Левый,Седан,белый,https://avatars.avto.ru/get-autoru-vos/18702491/023dd43d23344ddff18f4dd6f9b328e8/1200x900,2026-09-22T05:50:59Z
Lada (ВАЗ),Priora,Lada (ВАЗ) Priora I,https://auto.ru/cars/used/sale/vaz/2170/1133554234-56d595b1/,409000,Новокузнецк,2012,,5,310000,3,Не требует ремонта,Оригинал,Люкс,"бензин, 1.6 MT (98 л.с.)",механическая,передний,Левый,Универсал 5 дв.,белый,https://avatars.avto.ru/get-autoru-vos/14440393/8776fc54c55e73f3189ab0af75f4002e/1200x900,2026-09-22T05:50:59Z
Opel,Astra,Opel Astra H,https://auto.ru/cars/used/sale/opel/astra/1132597551-ae4aa4e7/,399000,Новокузнецк,2006,,5,290000,3,Не требует ремонта,Дубликат,,"бензин, 1.6 AMT (105 л.с.)",робот,передний,Левый,Хэтчбек 5 дв.,красный,https://avatars.avto.ru/get-autoru-vos/20141841/3f778013e17d61508aa66fb41d869d3e/1200x900,2026-09-22T05:51:02Z
BMW,3 серии,BMW 3 серии 325i V (E90/E91/E92/E93),https://auto.ru/cars/used/sale/bmw/3er/1133710262-230162e7/,839000,Новокузнецк,2005,,5,31000,4,Не требует ремонта,Дубликат,,"бензин, 325i 2.5 AT (218 л.с.)",автоматическая,задний,Левый,Седан,красный,https://avatars.avto.ru/get-autoru-vos/1882269/ac322f1e230f33df909acee2d34fe613/1200x900,2026-09-22T05:51:02Z
Kia,Rio,Kia Rio X-Line IV,https://auto.ru/cars/used/sale/kia/rio/1133976302-d5a6885c/,1549000,Новокузнецк,2019,,5,63000,1,Не требует ремонта,Оригинал,,"бензин, X-Line 1.6 AT (123 л.с.)",автоматическая,передний,Левый,Хэтчбек 5 дв. X-Line,коричневый,https://photo.auto.ru/photo/get-autoru-vos/20673651/bheOkck9mh8oLfvH-v5PtnvJ7-QL4c7tNJA4ZfIocf94--_nqfdTCFAFsfBqsrfjnfYFLij_L95DEmrrimvAtLR8pXJKyixpJRYY-r71IrfGUnSgla8Qc4oqHcDcTgQ9vlnqKSb1Yaj13tCzolvTYNBGff799hALXQinFobqTX373r4/1200x900,2026-09-22T05:51:02Z
Honda,Fit,Honda Fit III Рестайлинг,https://auto.ru/cars/used/sale/honda/fit/1133372324-73d91b16/,1249000,Новокузнецк,2019,,5,63000,1,Не требует ремонта,Оригинал,,"бензин, 1.3 CVT (100 л.с.)",вариатор,передний,Правый,Хэтчбек 5 дв.,чёрный,https://avatars.avto.ru/get-autoru-vos/18141476/bdc24ae2455cb3eac3e0dd4a5cc95959/1200x900,2026-09-22T05:51:02Z
Hyundai,Getz,Hyundai Getz I Рестайлинг,https://auto.ru/cars/used/sale/hyundai/getz/1133540011-573a9b51/,539000,Новокузнецк,2008,,5,51160,1,Не требует ремонта,Оригинал,Classic,"бензин, 1.4 MT (97 л.с.)",механическая,передний,Левый,Хэтчбек 5 дв.,голубой,https://photo.auto.ru/photo/get-autoru-vos/20022717/OCEKifN4VDkIubUqFv8Gy21Zv9D8K74Wi2vLIc8gOkoUlKZEON2rsyRNXcxGoVqIrb0osJeL-XLB_G2hKfSB6OFEqs4iTka7Q42HM3MphpXIa3Vwhk6N6ZIdnN9VIj0QdDezp5EGjxZyOmoj4djSy34vOSUDMKxaR6s-pmOXJESeRHI/1200x900,2026-09-22T05:51:02Z
Peugeot,308,Peugeot 308 I,https://auto.ru/cars/used/sale/peugeot/308/1133947038-900a1c21/,439000,Новокузнецк,2010,,5,261000,4,Не требует ремонта,Дубликат,,"бензин, 1.6 AT (120 л.с.)",автоматическая,передний,Левый,Хэтчбек 5 дв.,чёрный,https://avatars.avto.ru/get-autoru-vos/20507677/e0a5904a25659ba417461f43f01993f0/1200x900,2026-09-22T05:51:02Z
Nissan,Note,Nissan Note II Рестайлинг,https://auto.ru/cars/used/sale/nissan/note/1133352079-02ea5e11/,1149000,Новокузнецк,2018,,5,69000,1,Не требует ремонта,Оригинал,,"бензин, 1.2 CVT (79 л.с.)",вариатор,передний,Правый,Хэтчбек 5 дв.,серебристый,https://avatars.avto.ru/get-autoru-vos/20140694/87cc9924a2e6bf54a8cf02b22339b4b9/1200x900,2026-09-22T05:51:02Z
Toyota,Corolla,"Toyota Corolla X (E140, E150) Рестайлинг",https://auto.ru/cars/used/sale/toyota/corolla/1134110369-2f0a098b/,989000,Новокузнецк,2011,,5,276000,4,Не требует ремонта,Оригинал,,"бензин, 1.6 MT (124 л.с.)",механическая,передний,Левый,Седан,чёрный,https://avatars.avto.ru/get-autoru-vos/18106725/dcb5d15abd116d24492b4c4aeb663037/1200x900,2026-09-22T05:51:02Z
Volkswagen,Jetta,Volkswagen Jetta V,https://auto.ru/cars/used/sale/volkswagen/jetta/1133723614-0c6476b9/,649000,Новокузнецк,2009,,5,215000,3,Не требует ремонта,Оригинал,,"бензин, 1.6 AT (102 л.с.)",автоматическая,передний,Левый,Седан,серебристый,https://avatars.avto.ru/get-autoru-vos/20543926/4a5db15ec07aecac218e94abef66a97e/1200x900,2026-09-22T05:51:02Z
Honda,Fit,Honda Fit III Рестайлинг,https://auto.ru/cars/used/sale/honda/fit/1133933256-1e68ea3b/,1209000,Новокузнецк,2019,,5,106000,1,Не требует ремонта,Оригинал,,"бензин, 1.3 CVT (100 л.с.)",вариатор,передний,Правый,Хэтчбек 5 дв.,красный,https://avatars.avto.ru/get-autoru-vos/17711405/3a9fa359b886ab9f140c108f6b0a381f/1200x900,2026-09-22T05:51:02Z
Volkswagen,Passat,Volkswagen Passat B7,https://auto.ru/cars/used/sale/volkswagen/passat/1133519761-9a3e8182/,849000,Новокузнецк,2012,,5,138000,4,Не требует ремонта,Дубликат,Comfortline,"бензин, 1.8 AMT (152 л.с.)",робот,передний,Левый,Седан,серый,https://avatars.avto.ru/get-autoru-vos/18154113/97698169526cb8779c38d57f9530087c/1200x900,2026-09-22T05:51:02Z
Mazda,6,Mazda 6 I (GG),https://auto.ru/cars/used/sale/mazda/6/1134063538-7186baea/,599000,Новокузнецк,2004,,5,307000,4,Не требует ремонта,Дубликат,,"бензин, 2.0 AT (141 л.с.)",автоматическая,передний,Левый,Седан,серебристый,https://avatars.avto.ru/get-autoru-vos/16348430/56acde6e2c6d0a579e25590bbe9833d9/1200x900,2026-09-22T05:51:02Z
Ford,Focus,Ford Focus II,https://auto.ru/cars/used/sale/ford/focus/1133933261-a55d025d/,379000,Новокузнецк,2006,,5,287000,4,Не требует ремонта,Дубликат,,"бензин, 1.8 MT (125 л.с.)",механическая,передний,Левый,Седан,голубой,https://avatars.avto.ru/get-autoru-vos/4470305/c750c82942ac0c34a310e3e5f5441cae/1200x900,2026-09-22T05:51:02Z
Toyota,Vitz,Toyota Vitz III (XP130) Рестайлинг 2,https://auto.ru/cars/used/sale/toyota/vitz/1133710263-0aabeee8/,1049000,Новокузнецк,2019,,5,91000,1,Не требует ремонта,Оригинал,,"бензин, 1.0 CVT (69 л.с.)",вариатор,передний,Правый,Хэтчбек 5 дв.,серебристый,https://avatars.avto.ru/get-autoru-vos/20358835/ceea92bd1f6e6cfdff557eeccbaa16ca/1200x900,2026-09-22T05:51:02Z
Kia,Rio,Kia Rio IV,https://auto.ru/cars/used/sale/kia/rio/1133739071-8330b1a5/,1379000,Новокузнецк,2019,,5,70000,2,Не требует ремонта,Оригинал,,"бензин, 1.6 AT (123 л.с.)",автоматическая,передний,Левый,Седан,коричневый,https://avatars.avto.ru/get-autoru-vos/20694092/54f576cd5b90adc5df68e266dfdfd77f/1200x900,2026-09-22T05:51:02Z
Toyota,Corolla,"Toyota Corolla AMT X (E140, E150)",https://auto.ru/cars/used/sale/toyota/corolla/1133677714-267217e4/,909000,Новокузнецк,2007,,5,320000,4,Не требует ремонта,Дубликат,,"бензин, AMT 1.6 AMT (124 л.с.)",робот,передний,Левый,Седан,чёрный,https://avatars.avto.ru/get-autoru-vos/18005086/58981072dc5fd2aad694693904bd787b/1200x900,2026-09-22T05:51:02Z
Hyundai,Solaris,Hyundai Solaris I,https://auto.ru/cars/used/sale/hyundai/solaris/1134063536-77bf3659/,519000,Новокузнецк,2011,,5,226000,4,Не требует ремонта,Дубликат,,"бензин, 1.4 MT (107 л.с.)",механическая,передний,Левый,Седан,серый,https://avatars.avto.ru/get-autoru-vos/19831563/ce09a849e8667de8cf764fdb3b2b1d37/1200x900,2026-09-22T05:51:02Z
Lada (ВАЗ),Priora,Lada (ВАЗ) Priora I,https://auto.ru/cars/used/sale/vaz/2170/1134197416-c9691017/,389000,Новокузнецк,2011,,5,192000,3,Не требует ремонта,Оригинал,,"бензин, 1.6 MT (98 л.с.)",механическая,передний,Левый,Хэтчбек 5 дв.,серый,https://avatars.avto.ru/get-autoru-vos/19297093/ca3c621f9a74348e843982d8511eba10/1200x900,2026-09-22T05:51:02Z
Nissan,Laurel,Nissan Laurel VIII (C35),https://auto.ru/cars/used/sale/nissan/laurel/1133510313-daa5ed35/,409000,Новокузнецк,2000,,5,276000,4,Не требует ремонта,Дубликат,,"бензин, 2.0 AT (155 л.с.)",автоматическая,задний,Правый,Седан,серебристый,https://avatars.avto.ru/get-autoru-vos/15688781/9df196efcd9e2977d617b9febf95e73b/1200x900,2026-09-22T05:51:02Z
Honda,Fit,Honda Fit II,https://auto.ru/cars/used/sale/honda/fit/1131054426-8bb86efa/,669000,Новокузнецк,2010,,5,191000,1,Не требует ремонта,Оригинал,,"бензин, 1.3 CVT (100 л.с.)",вариатор,передний,Правый,Хэтчбек 5 дв.,белый,https://avatars.avto.ru/get-autoru-vos/1920751/d0deae117a009b258731de84c2721afc/1200x900,2026-09-22T05:51:02Z
Opel,Mokka,Opel Mokka I,https://auto.ru/cars/used/sale/opel/mokka/1132145184-4d3f885d/,749000,Новокузнецк,2012,,5,249000,4,Не требует ремонта,Оригинал,Cosmo,"бензин, 1.8 MT (140 л.с.)",механическая,передний,Левый,Внедорожник 5 дв.,чёрный,https://avatars.avto.ru/get-autoru-vos/15256414/fdd1ba6c55e421304b240e6c9ad0ed10/1200x900,2026-09-22T05:51:02Z
Renault,Fluence,Renault Fluence I,https://auto.ru/cars/used/sale/renault/fluence/1134095153-cf23de95/,569000,Новокузнецк,2012,,5,223000,3,Не требует ремонта,Оригинал,,"бензин, 1.6 MT (106 л.с.)",механическая,передний,Левый,Седан,серебристый,https://avatars.avto.ru/get-autoru-vos/16483913/10b6e399b83657603394e3407a1b7bd8/1200x900,2026-09-22T05:51:02Z
Lifan,Solano,Lifan Solano I (620),https://auto.ru/cars/used/sale/lifan/solano/1134153295-46aa8cc7/,389000,Новокузнецк,2013,,5,180000,3,Не требует ремонта,Оригинал,,"бензин, 1.6 MT (106 л.с.)",механическая,передний,Левый,Седан,белый,https://avatars.avto.ru/get-autoru-vos/20439065/d17f48febb74dc5bfa6142a120320baf/1200x900,2026-09-22T05:51:02Z
Toyota,Corolla,"Toyota Corolla X (E140, E150)",https://auto.ru/cars/used/sale/toyota/corolla/1134019473-c0605f58/,979000,Новокузнецк,2007,,5,276800,4,Не требует ремонта,Дубликат,,"бензин, 1.6 AT (124 л.с.)",автоматическая,передний,Левый,Седан,чёрный,https://avatars.avto.ru/get-autoru-vos/20104625/b876019a9fb20056a9d13781fb232a94/1200x900,2026-09-22T05:51:02Z
Lada (ВАЗ),Priora,Lada (ВАЗ) Priora I,https://auto.ru/cars/used/sale/vaz/2170/1133781968-47fe3628/,329000,Новокузнецк,2012,,5,193000,4,Не требует ремонта,Дубликат,,"бензин, 1.6 MT (98 л.с.)",механическая,передний,Левый,Хэтчбек 5 дв.,красный,https://avatars.avto.ru/get-autoru-vos/16019815/6ea03a60b7d2a3a958746113778e9027/1200x900,2026-09-22T05:51:02Z
Toyota,Corolla,"Toyota Corolla Fielder IX (E120, E130)",https://auto.ru/cars/used/sale/toyota/corolla/1134153297-2f0b59da/,479000,Новокузнецк,2002,,5,243000,3,Не требует ремонта,Оригинал,,"бензин, Fielder 1.5 AT (105 л.с.) 4WD",автоматическая,полный,Правый,Универсал 5 дв. Fielder,серебристый,https://avatars.avto.ru/get-autoru-vos/20961665/824ccb62467d55636a3fc6de2ac51cee/1200x900,2026-09-22T05:51:02Z
Kia,Cerato,Kia Cerato 5-speed II,https://auto.ru/cars/used/sale/kia/cerato/1134209118-08d4dea5/,609000,Новокузнецк,2009,,5,350400,4,Не требует ремонта,Оригинал,,"бензин, 5-speed 1.6 MT (126 л.с.)",механическая,передний,Левый,Седан,белый,https://avatars.avto.ru/get-autoru-vos/17890514/13ed20e58f71439b0d6d072e51f4edeb/1200x900,2026-09-22T05:51:02Z
Skoda,Octavia,Skoda Octavia II (A5) Рестайлинг,https://auto.ru/cars/used/sale/skoda/octavia/1126431092-0328870b/,939000,Новокузнецк,2011,,5,346000,4,Не требует ремонта,Оригинал,Ambition,"бензин, 1.8 AT (152 л.с.)",автоматическая,передний,Левый,Лифтбек,серебристый,https://avatars.avto.ru/get-autoru-vos/2058179/994b21c702a518fe841ce6e373542777/1200x900,2026-09-22T05:51:02Z
Peugeot,308,Peugeot 308 I,https://auto.ru/cars/used/sale/peugeot/308/1133566602-40e72b2b/,389000,Новокузнецк,2008,,5,193000,4,Не требует ремонта,Оригинал,Confort Pack,"бензин, 1.6 AT (120 л.с.)",автоматическая,передний,Левый,Хэтчбек 5 дв.,чёрный,https://photo.auto.ru/photo/get-autoru-vos/20172247/XS0XcaWe41iTlhIPrDDedCb2zStkYb9fELoQozHjgNWqTjOWR55xydk1jZC1nNIPYC5tPTVJDuHTfoGRNLPsURmiyTWkHsyBL-ydbBQnj4nax9lbdiRUCHe_rpMnl8oxr5i5boYvyEI7tydEI9rYpaiasQ8xpwbNiQTRgLip1aENLho/1200x900,2026-09-22T05:51:02Z
Kia,Rio,Kia Rio 6-speed III,https://auto.ru/cars/used/sale/kia/rio/1133781965-8637e0f6/,1049000,Новокузнецк,2015,,5,140000,4,Не требует ремонта,Оригинал,,"бензин, 6-speed 1.6 AT (123 л.с.)",автоматическая,передний,Левый,Хэтчбек 5 дв.,синий,https://avatars.avto.ru/get-autoru-vos/17973062/4f56c5cc694ca56b2052d876271c64ad/1200x900,2026-09-22T05:51:02Z
Toyota,Corolla,"Toyota Corolla IX (E120, E130)",https://auto.ru/cars/used/sale/toyota/corolla/1134019470-c8a338f4/,599000,Новокузнецк,2002,,5,167000,4,Не требует ремонта,Дубликат,,"бензин, 1.6 AT (110 л.с.)",автоматическая,передний,Левый,Седан,зелёный,https://avatars.avto.ru/get-autoru-vos/2078134/7ba4c2a0bce08418779b2fba9e54d139/1200x900,2026-09-22T05:51:02Z
Hyundai,Sonata,Hyundai Sonata VI (YF),https://auto.ru/cars/used/sale/hyundai/sonata/1134034992-b6d80ac3/,1129000,Новокузнецк,2011,,5,288000,4,Не требует ремонта,Оригинал,,"бензин, 2.0 AT (150 л.с.)",автоматическая,передний,Левый,Седан,чёрный,https://avatars.avto.ru/get-autoru-vos/20439065/7dfa14c89a3aee709f883896dcdda972/1200x900,2026-09-22T05:51:02Z
Toyota,Corolla,"Toyota Corolla AMT X (E140, E150)",https://auto.ru/cars/used/sale/toyota/corolla/1134153293-4e2e9b5c/,729000,Новокузнецк,2007,,5,285500,1,Не требует ремонта,Дубликат,,"бензин, AMT 1.6 AMT (124 л.с.)",робот,передний,Левый,Седан,чёрный,https://avatars.avto.ru/get-autoru-vos/20265681/a1c53f09445217a0bdf2bff6df5c8d03/1200x900,2026-09-22T05:51:02Z
Peugeot,206,Peugeot 206,https://auto.ru/cars/used/sale/peugeot/206/1133781972-c621f9b9/,219000,Новокузнецк,2007,,5,188000,4,Не требует ремонта,Оригинал,,"бензин, 1.4 MT (75 л.с.)",механическая,передний,Левый,Седан,серый,https://avatars.avto.ru/get-autoru-vos/20390804/5e4074707b3711b88a19285ed310a3e3/1200x900,2026-09-22T05:51:02Z
Opel,Astra,Opel Astra H Рестайлинг,https://auto.ru/cars/used/sale/opel/astra/1133723615-cf951be6/,749000,Новокузнецк,2010,,5,163000,4,Не требует ремонта,Оригинал,,"бензин, 1.8 AT (140 л.с.)",автоматическая,передний,Левый,Седан,серый,https://avatars.avto.ru/get-autoru-vos/20272960/04fb89df82ef60140694618996348c60/1200x900,2026-09-22T05:51:02Z
Toyota,Corolla,"Toyota Corolla X (E140, E150) Рестайлинг",https://auto.ru/cars/used/sale/toyota/corolla/1133441009-1a64bd64/,879000,Новокузнецк,2010,,5,344000,4,Не требует ремонта,Дубликат,Комфорт Плюс,"бензин, 1.6 AT (124 л.с.)",автоматическая,передний,Левый,Седан,белый,https://photo.auto.ru/photo/get-autoru-vos/20358835/Ey4Wz9Afh-nsJFZe4egARum6mKsWs5PV_diDk6HlBgCMkmy7Cz3p-obMUNGKvDYMtC1BDDQAhRd17uyRyUWT-UyJJgvKBso40B9f9j2OCDYEGNVcp0wuZfCLb1rcswLwgPUwgRkob5hEfwd77Ebp82cXbQDj8_voYpxnBdzpYfnDp8M/1200x900,2026-09-22T05:51:02Z
Toyota,Corolla,"Toyota Corolla Fielder XI (E160, E170) Рестайлинг 2",https://auto.ru/cars/used/sale/toyota/corolla/1133826160-755d1798/,1399000,Новокузнецк,2019,,5,119600,2,Не требует ремонта,Оригинал,,"бензин, Fielder 1.5 CVT (109 л.с.)",вариатор,передний,Правый,Универсал 5 дв. Fielder,синий,https://avatars.avto.ru/get-autoru-vos/20200701/5b67463eb5a4328d747f571373b88cd0/1200x900,2026-09-22T05:51:02Z
Lada (ВАЗ),Largus,Lada (ВАЗ) Largus I,https://auto.ru/cars/used/sale/vaz/largus/1132609709-213671c1/,639000,Новокузнецк,2014,,5,120000,3,Не требует ремонта,Дубликат,Luxe (5 мест) (2015-2017),"бензин, 1.6 MT (105 л.с.)",механическая,передний,Левый,Универсал 5 дв.,золотистый,https://photo.auto.ru/photo/get-autoru-vos/17993102/D3EC9C_xsPfuLZnPoHAPzJVVAkWa9_46c2gwyCJ8iICr6-oxzVX_AdEHZZkwQUyiovt5rJMj3Xb0fFZ602Xza57nksC_qlANeUi81X9-fzEA_541IIdkpbha0wFcFvau5Asd9PXGqYjFeWAA_WUeKYn7eQSw-MqDOBGrSkr0jM0Rmfo/1200x900,2026-09-22T05:51:05Z
Toyota,Corolla,"Toyota Corolla Axio XI (E160, E170, E180)",https://auto.ru/cars/used/sale/toyota/corolla/1134081099-fa52a8a7/,1249000,Новокузнецк,2013,,5,130000,1,Не требует ремонта,Оригинал,,"бензин, Axio 1.5 MT (109 л.с.)",механическая,передний,Правый,Седан Axio,бежевый,https://avatars.avto.ru/get-autoru-vos/15041766/7a06a0d538a99de66bdfc528e60fa33a/1200x900,2026-09-22T05:51:05Z
Lada (ВАЗ),Granta,Lada (ВАЗ) Granta I,https://auto.ru/cars/used/sale/vaz/granta/1133838988-7170e741/,459000,Новокузнецк,2014,,5,72000,2,Не требует ремонта,Оригинал,,"бензин, 1.6 MT (82 л.с.)",механическая,передний,Левый,Седан,синий,https://avatars.avto.ru/get-autoru-vos/5555838/7fe505aaeb4109e52d3ab0555dc2bc83/1200x900,2026-09-22T05:51:05Z
Nissan,Sunny,Nissan Sunny B15,https://auto.ru/cars/used/sale/nissan/sunny/1133933258-23858180/,229000,Новокузнецк,2002,,5,520000,4,Не требует ремонта,Дубликат,,"бензин, 1.5 AT (105 л.с.)",автоматическая,передний,Правый,Седан,серебристый,https://avatars.avto.ru/get-autoru-vos/20671634/b8b6151a8e0351f68dba33187eb99720/1200x900,2026-09-22T05:51:05Z
Mercedes-Benz,E-Класс,"Mercedes-Benz E-Класс 200 II (W210, S210)",https://auto.ru/cars/used/sale/mercedes/e_klasse/1133013414-effcd561/,479000,Новокузнецк,1998,,5,520000,4,Не требует ремонта,Дубликат,,"бензин, 200 2.0 AT (136 л.с.)",автоматическая,задний,Левый,Седан,серый,https://avatars.avto.ru/get-autoru-vos/20392446/081569df219e50f9bfd7ac64ee487e3b/1200x900,2026-09-22T05:51:05Z
Opel,Astra,Opel Astra J,https://auto.ru/cars/used/sale/opel/astra/1133933254-e637b0c6/,749000,Новокузнецк,2011,,5,200000,4,Не требует ремонта,Оригинал,,"бензин, 1.4 AT (140 л.с.)",автоматическая,передний,Левый,Хэтчбек 5 дв.,зелёный,https://avatars.avto.ru/get-autoru-vos/20410536/04c5836d34694cd5799db8b2863217ce/1200x900,2026-09-22T05:51:05Z
Lada (ВАЗ),Granta,Lada (ВАЗ) Granta I Рестайлинг,https://auto.ru/cars/used/sale/vaz/granta/1132895309-30a4586b/,599000,Новокузнецк,2019,,5,74000,1,Не требует ремонта,Оригинал,Luxe,"бензин, 1.6 MT (87 л.с.)",механическая,передний,Левый,Седан,серебристый,https://photo.auto.ru/photo/get-autoru-vos/17489926/frhSA_LM1XUdIg1ZEYrbNHqDh8xboA-E_ngGd3K4m5hGR4DbEuyJwJxgiDviCh87jRZcQXs1yjJZ-wzmhmND8gLgw2JdKLsMgQ0lYk4gcstcPytMeaWIfuny-zCElCCHk7FkSZac2RzZV8cCMick-5OxF2xAcGII2yVWGeqtkbyii_w/1200x900,2026-09-22T05:51:05Z
Lada (ВАЗ),Priora,Lada (ВАЗ) Priora I,https://auto.ru/cars/used/sale/vaz/2170/1133774252-b8dfbf7f/,359000,Новокузнецк,2011,,5,253000,4,Не требует ремонта,Дубликат,,"бензин, 1.6 MT (98 л.с.)",механическая,передний,Левый,Хэтчбек 5 дв.,чёрный,https://avatars.avto.ru/get-autoru-vos/20785675/1e1604fcbca2396b295c9d17744afca6/1200x900,2026-09-22T05:51:05Z
Hyundai,Solaris,Hyundai Solaris II Рестайлинг,https://auto.ru/cars/used/sale/hyundai/solaris/1133710269-4b51e558/,1399000,Новокузнецк,2020,,5,126000,2,Не требует ремонта,Оригинал,,"бензин, 1.6 AT (123 л.с.)",автоматическая,передний,Левый,Седан,серебристый,https://avatars.avto.ru/get-autoru-vos/2166991/79ee3e54e0e3b4635f94e2247f2c5059/1200x900,2026-09-22T05:51:05Z
Kia,Rio,Kia Rio 4-speed III,https://auto.ru/cars/used/sale/kia/rio/1134038466-807c8fd4/,929000,Новокузнецк,2014,,5,139000,3,Не требует ремонта,Дубликат,,"бензин, 4-speed 1.6 AT (123 л.с.)",автоматическая,передний,Левый,Хэтчбек 5 дв.,серый,https://avatars.avto.ru/get-autoru-vos/19851294/54ea8f7324f0021718eeb7f99733303b/1200x900,2026-09-22T05:51:05Z
Kia,Rio,Kia Rio III Рестайлинг,https://auto.ru/cars/used/sale/kia/rio/1133933257-01ef1c55/,1369000,Новокузнецк,2017,,5,105000,2,Не требует ремонта,Оригинал,,"бензин, 1.6 AT (123 л.с.)",автоматическая,передний,Левый,Хэтчбек 5 дв.,белый,https://avatars.avto.ru/get-autoru-vos/17973062/8b2d8412bce4a42abaf314bf8253712d/1200x900,2026-09-22T05:51:05Z
Lada (ВАЗ),Granta,Lada (ВАЗ) Granta Drive Active I Рестайлинг,https://auto.ru/cars/used/sale/vaz/granta/1133950457-2b0ed95b/,569000,Новокузнецк,2020,,5,170000,4,Не требует ремонта,Оригинал,,"бензин, Drive Active 1.6 MT (106 л.с.)",механическая,передний,Левый,Седан Drive Active/Sportline,чёрный,https://avatars.avto.ru/get-autoru-vos/4256155/60c4d56c395fd0e5fb2bfcbb70f4dcfc/1200x900,2026-09-22T05:51:05Z
Lada (ВАЗ),Vesta,Lada (ВАЗ) Vesta SW I,https://auto.ru/cars/used/sale/vaz/vesta/1130971559-644963e9/,949000,Новокузнецк,2019,,5,127002,2,Не требует ремонта,Оригинал,Luxe Multimedia,"бензин, SW 1.8 MT (122 л.с.)",механическая,передний,Левый,Универсал 5 дв. SW,белый,https://avatars.avto.ru/get-autoru-vos/16308788/59d25e8970344730a07deb2071e096ab/1200x900,2026-09-22T05:51:05Z
Mazda,6,Mazda 6 I (GG),https://auto.ru/cars/used/sale/mazda/6/1133947039-b8661069/,379000,Новокузнецк,2003,,5,383000,4,Не требует ремонта,Дубликат,,"бензин, 2.0 AT (141 л.с.)",автоматическая,передний,Левый,Седан,серебристый,https://avatars.avto.ru/get-autoru-vos/2069642/32faeb49d97ab50ee1244a7bf84e4468/1200x900,2026-09-22T05:51:05Z
Lada (ВАЗ),Granta,Lada (ВАЗ) Granta I,https://auto.ru/cars/used/sale/vaz/granta/1134049887-bc6f2f5b/,599000,Новокузнецк,2014,,5,37500,2,Не требует ремонта,Оригинал,,"бензин, 1.6 MT (82 л.с.)",механическая,передний,Левый,Седан,серебристый,https://avatars.avto.ru/get-autoru-vos/20341802/f39e894009245458f03cc78595fbe990/1200x900,2026-09-22T05:51:05Z
Skoda,Rapid,Skoda Rapid II,https://auto.ru/cars/used/sale/skoda/rapid/1133739070-ca464e65/,1829000,Новокузнецк,2021,,5,95000,1,Не требует ремонта,Оригинал,,"бензин, 1.6 AT (110 л.с.)",автоматическая,передний,Левый,Лифтбек,коричневый,https://avatars.avto.ru/get-autoru-vos/15584432/952a442f4bacd23dd9810b6bb756abd4/1200x900,2026-09-22T05:51:05Z
Volkswagen,Passat,Volkswagen Passat EcoFuel B6,https://auto.ru/cars/used/sale/volkswagen/passat/1133639616-88672e66/,799000,Новокузнецк,2009,,5,218000,4,Не требует ремонта,Оригинал,,"газ, EcoFuel 1.4 AMT (150 л.с.)",робот,передний,Левый,Универсал 5 дв.,золотистый,https://avatars.avto.ru/get-autoru-vos/18185687/efab473cbb9330a1fec8e6e40d75e350/1200x900,2026-09-22T05:51:05Z
Lada (ВАЗ),Granta,Lada (ВАЗ) Granta I,https://auto.ru/cars/used/sale/vaz/granta/1133933255-48c5c3e9/,509000,Новокузнецк,2016,,5,142000,2,Не требует ремонта,Оригинал,,"бензин, 1.6 MT (87 л.с.)",механическая,передний,Левый,Лифтбек,синий,https://avatars.avto.ru/get-autoru-vos/4701658/d8b3c68acaa8765abc534b2a875d71e2/1200x900,2026-09-22T05:51:05Z
Volkswagen,Polo,Volkswagen Polo V Рестайлинг,https://auto.ru/cars/used/sale/volkswagen/polo/1130396508-62303ecb/,849000,Новокузнецк,2015,,5,250000,3,Не требует ремонта,Оригинал,Highline 15-18,"бензин, 1.6 AT (105 л.с.)",автоматическая,передний,Левый,Седан,белый,https://photo.auto.ru/photo/get-autoru-vos/16145448/73VVHAY4OUiNNq86ZdqfBcy7AxfCUxjHaWNcrLkuiar9bjITeSwU3abuwos9F1MR9TyX-QjtbAYpyCQSA3PXvvOqclo-cUJU8fTBjSobMIipyC4YsU7k4pM_ghlFZtwWasWv9f_d1Nxc3ekPTjmngsu6ja697qo7QbVL2S9mDV08GBU/1200x900,2026-09-22T05:51:05Z
Kia,Rio,Kia Rio III,https://auto.ru/cars/used/sale/kia/rio/1134081100-8cfc35e2/,749000,Новокузнецк,2012,,5,154000,2,Не требует ремонта,Оригинал,,"бензин, 1.4 AT (107 л.с.)",автоматическая,передний,Левый,Хэтчбек 5 дв.,белый,https://photo.auto.ru/photo/get-autoru-vos/19063053/ggq39d2unndII_d9YJVGkbkSrIoUpqBLpv21kkGQWSqToxH0rmjGoGd85wEia7tnSLNXTzV7qj3o9IMqsFa4D-V_uZUI8Qg80Yzu6gjup5JlrSR7cnOTmWTCp5N2vUjqZ7k_08R6JZ4H7rPr4OhbjgHsfcWQWyXdxdleg2KiD4kU3Vo/1200x900,2026-09-22T05:51:05Z
Toyota,Corolla,"Toyota Corolla Runx IX (E120, E130)",https://auto.ru/cars/used/sale/toyota/corolla/1133604736-a4c338f8/,589000,Новокузнецк,2003,,5,360000,4,Не требует ремонта,Оригинал,,"бензин, Runx 1.5 AT (110 л.с.)",автоматическая,передний,Правый,Хэтчбек 5 дв. Runx,красный,https://avatars.avto.ru/get-autoru-vos/17755365/b5d1883b3dae33301a47e10290cffccb/1200x900,2026-09-22T05:51:05Z
Lada (ВАЗ),Granta,Lada (ВАЗ) Granta I Рестайлинг,https://auto.ru/cars/used/sale/vaz/granta/1134197426-6d1f8a5f/,879000,Новокузнецк,2023,,5,18000,2,Не требует ремонта,Оригинал,,"бензин, 1.6 MT (90 л.с.)",механическая,передний,Левый,Лифтбек,белый,https://avatars.avto.ru/get-autoru-vos/19793268/78c5d5a87cc58057120622fbccf523b9/1200x900,2026-09-22T05:51:05Z
Kia,Rio,Kia Rio III,https://auto.ru/cars/used/sale/kia/rio/1134034996-0648f41d/,799000,Новокузнецк,2013,,5,202000,4,Не требует ремонта,Дубликат,,"бензин, 1.4 MT (107 л.с.)",механическая,передний,Левый,Седан,красный,https://avatars.avto.ru/get-autoru-vos/2163091/1feef6b42c2670d8c44b0dab93318327/1200x900,2026-09-22T05:51:05Z
Hyundai,Solaris,Hyundai Solaris I Рестайлинг,https://auto.ru/cars/used/sale/hyundai/solaris/1133901380-9c75f3bd/,999000,Новокузнецк,2016,,5,167000,4,Не требует ремонта,Оригинал,,"бензин, 1.6 AT (123 л.с.)",автоматическая,передний,Левый,Хэтчбек 5 дв.,чёрный,https://avatars.avto.ru/get-autoru-vos/2168121/92deeb71cdc3940d2ee842d68a9a08c3/1200x900,2026-09-22T05:51:05Z
Subaru,Forester,Subaru Forester II Рестайлинг,https://auto.ru/cars/used/sale/subaru/forester/1133132775-dbd5e49f/,759000,Новосибирск,2007,,5,318000,4,Не требует ремонта,Дубликат,,"бензин, 2.0 AT (158 л.с.) 4WD",автоматическая,полный,Левый,Внедорожник 5 дв.,чёрный,https://avatars.avto.ru/get-autoru-vos/18104669/825568ff1c5ef6a15de9d8d1a66d3dca/1200x900,2026-09-22T05:51:08Z
Ford,Escape,Ford Escape IV,https://auto.ru/cars/used/sale/ford/escape/1133058237-d8215ad6/,2299000,Новосибирск,2021,,5,31000,1,Не требует ремонта,Оригинал,,"бензин, 1.5 AT (180 л.с.) 4WD",автоматическая,полный,Левый,Внедорожник 5 дв.,белый,https://avatars.avto.ru/get-autoru-vos/16743792/211ef2ee0cf06669c9dae55e9f9cd55b/1200x900,2026-09-22T05:51:08Z
Mitsubishi,Outlander,Mitsubishi Outlander II Рестайлинг,https://auto.ru/cars/used/sale/mitsubishi/outlander/1134116391-d436bb2c/,1549000,Новосибирск,2010,,5,97500,2,Не требует ремонта,Оригинал,,"бензин, 2.0 CVT (147 л.с.)",вариатор,передний,Левый,Внедорожник 5 дв.,чёрный,https://avatars.avto.ru/get-autoru-vos/18702491/edd08844dc8cd918f465f4f1cdc615dc/1200x900,2026-09-22T05:51:08Z
Mitsubishi,Outlander,Mitsubishi Outlander III,https://auto.ru/cars/used/sale/mitsubishi/outlander/1134149689-9ef28d94/,1449000,Новосибирск,2012,,5,236001,2,Не требует ремонта,Оригинал,,"бензин, 2.4 CVT (167 л.с.) 4WD",вариатор,полный,Левый,Внедорожник 5 дв.,чёрный,https://avatars.avto.ru/get-autoru-vos/17006437/cc212075c4d9e26a27b3037cfc1eaa6b/1200x900,2026-09-22T05:51:08Z
Honda,CR-V,Honda CR-V III Рестайлинг,https://auto.ru/cars/used/sale/honda/cr_v/1134180081-d990102c/,1399000,Новосибирск,2011,,5,276000,4,Не требует ремонта,Дубликат,,"бензин, 2.0 AT (150 л.с.) 4WD",автоматическая,полный,Левый,Внедорожник 5 дв.,серый,https://avatars.avto.ru/get-autoru-vos/17777984/60070f3325e7536cd73ebd56a9cd5a2d/1200x900,2026-09-22T05:51:08Z
Opel,Mokka,Opel Mokka I,https://auto.ru/cars/used/sale/opel/mokka/1132726962-2f52aea6/,1149000,Новосибирск,2015,,5,96000,2,Не требует ремонта,Оригинал,Cosmo,"бензин, 1.8 AT (140 л.с.) 4WD",автоматическая,полный,Левый,Внедорожник 5 дв.,красный,https://avatars.avto.ru/get-autoru-vos/21020531/45ab44bd03b1ec69d562f0e52b6e6737/1200x900,2026-09-22T05:51:08Z
Hyundai,ix35,Hyundai ix35 I,https://auto.ru/cars/used/sale/hyundai/ix35/1134226981-fb61a34c/,1449000,Новосибирск,2011,,5,246500,3,Не требует ремонта,Оригинал,,"бензин, 2.0 AT (150 л.с.) 4WD",автоматическая,полный,Левый,Внедорожник 5 дв.,красный,https://avatars.avto.ru/get-autoru-vos/20172247/9bb646c0ce5be8f3f66163904c89aa88/1200x900,2026-09-22T05:51:08Z
Toyota,Camry,Toyota Camry VI (XV40),https://auto.ru/cars/used/sale/toyota/camry/1133396697-c7b3c7c6/,1299000,Новосибирск,2007,,5,190000,2,Не требует ремонта,Оригинал,Комфорт Плюс,"бензин, 2.4 AT (167 л.с.)",автоматическая,передний,Левый,Седан,золотистый,https://avatars.avto.ru/get-autoru-vos/17637180/91796fff24d98aaed81851f1e918a798/1200x900,2026-09-22T05:51:08Z
Nissan,Qashqai,Nissan Qashqai I,https://auto.ru/cars/used/sale/nissan/qashqai/1134208570-e6b6edc8/,959000,Новосибирск,2008,,5,226002,3,Не требует ремонта,Дубликат,,"бензин, 2.0 CVT (141 л.с.) 4WD",вариатор,полный,Левый,Внедорожник 5 дв.,серый,https://avatars.avto.ru/get-autoru-vos/19634380/c81ef518e91faa9581bcae90ae5f69cd/1200x900,2026-09-22T05:51:08Z
Mitsubishi,Outlander,Mitsubishi Outlander II Рестайлинг,https://auto.ru/cars/used/sale/mitsubishi/outlander/1134106763-2992ed23/,1439000,Новосибирск,2011,,5,238000,3,Не требует ремонта,Дубликат,,"бензин, 2.4 CVT (170 л.с.) 4WD",вариатор,полный,Левый,Внедорожник 5 дв.,коричневый,https://avatars.avto.ru/get-autoru-vos/17699839/3024b9f326155fa0fe1f2cf9a393e1af/1200x900,2026-09-22T05:51:08Z
SsangYong,Kyron,SsangYong Kyron 6-speed I Рестайлинг,https://auto.ru/cars/used/sale/ssang_yong/kyron/1134225953-d8a0aba6/,999000,Новосибирск,2013,,5,159430,1,Не требует ремонта,Оригинал,,"бензин, 6-speed 2.3 AT (150 л.с.) 4WD",автоматическая,полный,Левый,Внедорожник 5 дв.,серебристый,https://avatars.avto.ru/get-autoru-vos/21058297/d86029d7dc03907c312a8201c793074b/1200x900,2026-09-22T05:51:08Z
Mazda,CX-5,Mazda CX-5 I,https://auto.ru/cars/used/sale/mazda/cx_5/1133119698-3d136c37/,1399000,Новосибирск,2014,,5,260000,4,Не требует ремонта,Дубликат,Active,"бензин, 2.0 AT (150 л.с.)",автоматическая,передний,Левый,Внедорожник 5 дв.,серый,https://avatars.avto.ru/get-autoru-vos/20656151/ae82f9f0f43164577002a89466c113df/1200x900,2026-09-22T05:51:08Z
Honda,CR-V,Honda CR-V III Рестайлинг,https://auto.ru/cars/used/sale/honda/cr_v/1134208571-74920390/,1349000,Новосибирск,2010,,5,260000,3,Не требует ремонта,Оригинал,,"бензин, 2.0 AT (150 л.с.) 4WD",автоматическая,полный,Левый,Внедорожник 5 дв.,белый,https://avatars.avto.ru/get-autoru-vos/13922065/ac932f92acb7c9088e9a66654682d8d9/1200x900,2026-09-22T05:51:08Z
Honda,Stepwgn,Honda Stepwgn V Рестайлинг,https://auto.ru/cars/used/sale/honda/stepwagon/1134216087-cef480cf/,1999000,Новосибирск,2017,,7,145000,1,Не требует ремонта,Оригинал,,"бензин, 1.5 CVT (150 л.с.)",вариатор,передний,Правый,Минивэн,чёрный,https://avatars.avto.ru/get-autoru-vos/18790574/2969cfe0847d70a18f889ccf137bf861/1200x900,2026-09-22T05:51:08Z
Exeed,LX,Exeed LX I Рестайлинг,https://auto.ru/cars/used/sale/exeed/lx/1133271047-33724f7b/,2099000,Новосибирск,2023,,5,30100,1,Не требует ремонта,Оригинал,Premium Plus,"бензин, 1.6 AMT (150 л.с.) 4WD",робот,полный,Левый,Внедорожник 5 дв.,серебристый,https://avatars.avto.ru/get-autoru-vos/20172247/38cfc0ab6030d288a4b5624ebfb5694d/1200x900,2026-09-22T05:51:08Z
Honda,Freed,Honda Freed I,https://auto.ru/cars/used/sale/honda/freed/1133264462-a21763a3/,909000,Новосибирск,2010,,5,195002,2,Не требует ремонта,Оригинал,,"бензин, 1.5 CVT (118 л.с.)",вариатор,передний,Правый,Компактвэн,серебристый,https://avatars.avto.ru/get-autoru-vos/21151957/66dcfde3386d63671b13213bc218bbdb/1200x900,2026-09-22T05:51:08Z
Honda,Odyssey,Honda Odyssey II,https://auto.ru/cars/used/sale/honda/odyssey/1133173203-d866d912/,479000,Новосибирск,2000,,7,340000,4,Не требует ремонта,Дубликат,,"бензин, 2.3 AT (150 л.с.)",автоматическая,передний,Правый,Компактвэн,чёрный,https://photo.auto.ru/photo/get-autoru-vos/20132077/9_hsCkXiCkWJya1AeEu6BSTmfLJIiaxWs9nveoEYHq2p28JjqeJpxj09-ECU4FxNzk_lO8EZSTce2qoK-SWcZgDfoK-xa16HbHdrfBqecyB9Yp7mLsu9FZLv782ro7ighiY1Suxe5jYLIdtD0iJ9hOkEFpKo84DgJmHCfAL0sAEJA1I/1200x900,2026-09-22T05:51:08Z
Honda,Freed,Honda Freed I Рестайлинг 2,https://auto.ru/cars/used/sale/honda/freed/1132328657-dccebbdc/,1049000,Новосибирск,2015,,6,148000,1,Не требует ремонта,Оригинал,,"бензин, 1.5 CVT (118 л.с.)",вариатор,передний,Правый,Компактвэн,серебристый,https://avatars.avto.ru/get-autoru-vos/21177414/4fd9328605cbfe3b7200a2327d44acc0/1200x900,2026-09-22T05:51:08Z
Mazda,3,Mazda 3 IV (BP),https://auto.ru/cars/used/sale/mazda/3/1134215415-81eb6976/,1899000,Новосибирск,2020,,5,40224,1,Не требует ремонта,Оригинал,,"бензин, 2.5 AT (186 л.с.)",автоматическая,передний,Левый,Седан,красный,https://avatars.avto.ru/get-autoru-vos/17783177/d254ee9368ac1ba6a2941f50f7e2c76e/1200x900,2026-09-22T05:51:08Z
Mitsubishi,Outlander,Mitsubishi Outlander II Рестайлинг,https://auto.ru/cars/used/sale/mitsubishi/outlander/1132999398-ddf00f57/,1239000,Новосибирск,2011,,5,155409,4,Не требует ремонта,Оригинал,Instyle,"бензин, 2.4 CVT (170 л.с.) 4WD",вариатор,полный,Левый,Внедорожник 5 дв.,серый,https://avatars.avto.ru/get-autoru-vos/18106725/1b3e0e8e7c75178c2f4355753020bd6d/1200x900,2026-09-22T05:51:08Z
Lexus,RX,Lexus RX 350 III Рестайлинг,https://auto.ru/cars/used/sale/lexus/rx/1132664161-ddc40f63/,2469000,Новосибирск,2014,,5,143000,3,Не требует ремонта,Оригинал,Comfort,"бензин, 350 3.5 AT (277 л.с.) 4WD",автоматическая,полный,Левый,Внедорожник 5 дв.,коричневый,https://avatars.avto.ru/get-autoru-vos/20410536/7f9966a3bb7406b6c6d033d84189e8d6/1200x900,2026-09-22T05:51:08Z
Volvo,S40,Volvo S40 II Рестайлинг,https://auto.ru/cars/used/sale/volvo/s40/1133432216-a17a17b9/,669000,Новосибирск,2012,,5,107200,1,Не требует ремонта,Оригинал,Business,"бензин, 2.0 AMT (145 л.с.)",робот,передний,Левый,Седан,красный,https://avatars.avto.ru/get-autoru-vos/16673081/e415f9fde981141f083c1013c68b8b62/1200x900,2026-09-22T05:51:08Z
Daihatsu,Mira e:S,Daihatsu Mira e:S II,https://auto.ru/cars/used/sale/daihatsu/mira_e_s/1134093313-da40fd12/,609000,Новосибирск,2021,,4,145000,1,Не требует ремонта,Оригинал,,"бензин, 0.7 CVT (49 л.с.)",вариатор,передний,Правый,Хэтчбек 5 дв.,белый,https://avatars.avto.ru/get-autoru-vos/20289822/6251f05dabd39fe3de8ca4a82ac76f73/1200x900,2026-09-22T05:51:08Z
Kia,Rio,Kia Rio IV Рестайлинг,https://auto.ru/cars/used/sale/kia/rio/1134214495-8e969cf1/,849000,Новосибирск,2020,,5,268000,4,Не требует ремонта,Оригинал,,"бензин, 1.4 AT (100 л.с.)",автоматическая,передний,Левый,Седан,белый,https://avatars.avto.ru/get-autoru-vos/17833152/dc5aae4ad3b7f529b79fa6506da0d6c0/1200x900,2026-09-22T05:51:08Z
Toyota,Allion,Toyota Allion I,https://auto.ru/cars/used/sale/toyota/allion/1134116390-f00ab33c/,419000,Новосибирск,2002,,5,400000,4,Не требует ремонта,Дубликат,,"бензин, 1.8 AT (125 л.с.) 4WD",автоматическая,полный,Правый,Седан,серый,https://avatars.avto.ru/get-autoru-vos/20315033/9e87dc97f39e9e34f17e33a56b43486b/1200x900,2026-09-22T05:51:08Z
Mazda,6,Mazda 6 I (GG) Рестайлинг,https://auto.ru/cars/used/sale/mazda/6/1133397495-a6ef93af/,289000,Новосибирск,2005,,5,322000,4,Не требует ремонта,Дубликат,,"бензин, 2.0 AT (147 л.с.)",автоматическая,передний,Левый,Седан,чёрный,https://avatars.avto.ru/get-autoru-vos/2153231/807c40f5a9d384aad4af586e6b07381d/1200x900,2026-09-22T05:51:08Z
Honda,Freed,Honda Freed I Рестайлинг,https://auto.ru/cars/used/sale/honda/freed/1134216732-8f22f62e/,1099000,Новосибирск,2013,,6,114970,1,Не требует ремонта,Оригинал,,"бензин, 1.5 CVT (118 л.с.)",вариатор,передний,Правый,Компактвэн,чёрный,https://avatars.avto.ru/get-autoru-vos/15628906/fb15a44e0f43b32c19b13add2d953c27/1200x900,2026-09-22T05:51:08Z
Honda,Freed,Honda Freed Spike I Рестайлинг,https://auto.ru/cars/used/sale/honda/freed/1134208573-28fa55f2/,1299000,Новосибирск,2014,,5,64700,1,Не требует ремонта,Оригинал,,"бензин, Spike 1.5 CVT (118 л.с.)",вариатор,передний,Правый,Компактвэн Spike,белый,https://avatars.avto.ru/get-autoru-vos/18375018/781ab3cdbf47bc05c6ca15730ff24e13/1200x900,2026-09-22T05:51:08Z
Lexus,RX,Lexus RX 350 II Рестайлинг,https://auto.ru/cars/used/sale/lexus/rx/1132992819-9883fb95/,1299000,Новосибирск,2007,,5,205000,3,Не требует ремонта,Оригинал,Comfort,"бензин, 350 3.5 AT (276 л.с.) 4WD",автоматическая,полный,Левый,Внедорожник 5 дв.,серый,https://avatars.avto.ru/get-autoru-vos/20055049/b29d37976df7be770c50285dc66c0ae8/1200x900,2026-09-22T05:51:08Z
Honda,Vezel,Honda Vezel I Рестайлинг,https://auto.ru/cars/used/sale/honda/vezel/1134208572-69feff1d/,2139000,Новосибирск,2018,,5,71000,1,Не требует ремонта,Оригинал,,"гибрид, 1.5hyb AMT (152 л.с.)",робот,передний,Правый,Внедорожник 5 дв.,синий,https://avatars.avto.ru/get-autoru-vos/18005086/01e69ac089eb0e29cd4b90b300ca68c8/1200x900,2026-09-22T05:51:08Z
Lexus,RX,Lexus RX 330 II,https://auto.ru/cars/used/sale/lexus/rx/1133252643-73bc8f35/,1399000,Новосибирск,2004,,5,261000,4,Не требует ремонта,Дубликат,,"бензин, 330 3.3 AT (230 л.с.) 4WD",автоматическая,полный,Левый,Внедорожник 5 дв.,бежевый,https://avatars.avto.ru/get-autoru-vos/15185647/8d6f8b7b78e6be418db3bbf859ab2fb4/1200x900,2026-09-22T05:51:08Z
Nissan,Dayz Roox,Nissan Dayz Roox I Рестайлинг,https://auto.ru/cars/used/sale/nissan/dayz_roox/1132754234-93ebbcb1/,779000,Новосибирск,2018,,4,110000,1,Не требует ремонта,Оригинал,,"бензин, 0.7 CVT (49 л.с.) 4WD",вариатор,полный,Правый,Хэтчбек 5 дв.,коричневый,https://avatars.avto.ru/get-autoru-vos/20829654/3f5f9f8b54a99f3600ead36f1280ed80/1200x900,2026-09-22T05:51:08Z
Hyundai,Trajet,Hyundai Trajet I Рестайлинг,https://auto.ru/cars/used/sale/hyundai/trajet/1134228298-48b9b337/,539000,Новосибирск,2005,,5,240500,4,Не требует ремонта,Дубликат,,"бензин, 2.0 AT (140 л.с.)",автоматическая,передний,Левый,Компактвэн,серый,https://avatars.avto.ru/get-autoru-vos/17973062/33f7e0e30ecedc2e7231d16c788a3140/1200x900,2026-09-22T05:51:08Z
Honda,Stepwgn,Honda Stepwgn Spada V,https://auto.ru/cars/used/sale/honda/stepwagon/1133509144-57a135b6/,1619000,Новосибирск,2015,,7,130000,1,Не требует ремонта,Оригинал,,"бензин, Spada 1.5 CVT (150 л.с.)",вариатор,передний,Правый,Минивэн Spada,серебристый,https://avatars.avto.ru/get-autoru-vos/20193191/a21b2202e6cb934ef9eb30241a11f081/1200x900,2026-09-22T05:51:08Z
Subaru,Forester,Subaru Forester III,https://auto.ru/cars/used/sale/subaru/forester/1133365453-3bc26be7/,1159000,Новосибирск,2010,,5,150000,1,Не требует ремонта,Оригинал,2.0XS (VR),"бензин, 2.0 AT (150 л.с.) 4WD",автоматическая,полный,Правый,Внедорожник 5 дв.,чёрный,https://avatars.avto.ru/get-autoru-vos/15584432/5921f73819a133ab1d35eb98af519eb9/1200x900,2026-09-22T05:51:08Z
Toyota,Passo,Toyota Passo II (C30),https://auto.ru/cars/used/sale/toyota/passo/1134107924-af84e0be/,769000,Новосибирск,2015,,5,61000,2,Не требует ремонта,Оригинал,,"бензин, 1.0 CVT (69 л.с.)",вариатор,передний,Правый,Хэтчбек 5 дв.,фиолетовый,https://avatars.avto.ru/get-autoru-vos/17723823/e530ac60640584555c773645b66b7e59/1200x900,2026-09-22T05:51:08Z
Omoda,C5,Omoda C5 I,https://auto.ru/cars/used/sale/omoda/c5/1134225015-5ec156bc/,1749000,Новосибирск,2023,,5,79000,1,Не требует ремонта,Оригинал,,"бензин, 1.5 CVT (147 л.с.)",вариатор,передний,Левый,Внедорожник 5 дв.,чёрный,https://avatars.avto.ru/get-autoru-vos/1909732/b65f7879d16fee6f908174382adc45f4/1200x900,2026-09-22T05:51:08Z
Toyota,Aqua,Toyota Aqua I Рестайлинг,https://auto.ru/cars/used/sale/toyota/aqua/1134107925-e733ce6f/,939000,Новосибирск,2016,,5,166000,1,Не требует ремонта,Оригинал,,"гибрид, 1.5hyb CVT (74 л.с.)",вариатор,передний,Правый,Хэтчбек 5 дв.,белый,https://avatars.avto.ru/get-autoru-vos/20035467/85031a5cef063add5a89b800f8437acd/1200x900,2026-09-22T05:51:11Z
Toyota,Premio,Toyota Premio I (T24),https://auto.ru/cars/used/sale/toyota/premio/1134197460-7b826ae6/,799000,Новосибирск,2003,,5,390000,2,Не требует ремонта,Дубликат,,"бензин, 1.8 AT (125 л.с.) 4WD",автоматическая,полный,Правый,Седан,серебристый,https://avatars.avto.ru/get-autoru-vos/20976236/087edd1d1e4746a0b1df9d727d38dbb0/1200x900,2026-09-22T05:51:11Z
Nissan,Juke,Nissan Juke I,https://auto.ru/cars/used/sale/nissan/juke/1132907160-ed7cbb5f/,1099000,Новосибирск,2012,,5,124600,4,Не требует ремонта,Оригинал,SV2,"бензин, 1.6 CVT (117 л.с.)",вариатор,передний,Правый,Внедорожник 5 дв.,серебристый,https://avatars.avto.ru/get-autoru-vos/20200701/e4db5fb31afc74bdfd18b2e0bf7373c7/1200x900,2026-09-22T05:51:11Z
Nissan,Qashqai,Nissan Qashqai I Рестайлинг,https://auto.ru/cars/used/sale/nissan/qashqai/1134216086-45e33cef/,1269000,Новосибирск,2011,,5,273000,4,Не требует ремонта,Дубликат,,"бензин, 2.0 CVT (141 л.с.) 4WD",вариатор,полный,Левый,Внедорожник 5 дв.,чёрный,https://avatars.avto.ru/get-autoru-vos/20138408/71e744c29f61e21643941c304a5c5931/1200x900,2026-09-22T05:51:11Z
Toyota,Corolla,"Toyota Corolla IX (E120, E130) Рестайлинг",https://auto.ru/cars/used/sale/toyota/corolla/1133398508-eb68d127/,549000,Новосибирск,2006,,5,399351,1,Не требует ремонта,Оригинал,,"бензин, 1.6 AT (110 л.с.)",автоматическая,передний,Левый,Седан,красный,https://photo.auto.ru/photo/get-autoru-vos/21221080/j2k5N3H73mWJdqqMQcUUBTFffG2SIMukJlyJ-IO8SosJJjDcw16csPl9qLsccynrX0lvyd6yNb8xEvVyoedp6uonnK8y3hCSaknZLMi_3TJyIBlFFKl2pmJGsNtZJLfhK6jjvbdB7Vp6KKf3Xi-hZVFvpF6l32YQ6Fpz7-e8DQDh3A/1200x900,2026-09-22T05:51:11Z
Nissan,Note,Nissan Note II Рестайлинг,https://auto.ru/cars/used/sale/nissan/note/1133354987-3b4c7d7f/,989000,Новосибирск,2018,,5,135000,1,Не требует ремонта,Оригинал,,"бензин, 1.2 CVT (79 л.с.)",вариатор,передний,Правый,Хэтчбек 5 дв.,чёрный,https://avatars.avto.ru/get-autoru-vos/18068962/ebc63cfca0dc0c1852d7ac50968bd057/1200x900,2026-09-22T05:51:11Z
Toyota,Roomy,Toyota Roomy I,https://auto.ru/cars/used/sale/toyota/roomy/1134197461-d107288b/,1499000,Новосибирск,2020,,5,27800,1,Не требует ремонта,Оригинал,,"бензин, 1.0 CVT (98 л.с.)",вариатор,передний,Правый,Микровэн,белый,https://avatars.avto.ru/get-autoru-vos/16273341/20bdc65bb350cb9cbd818bb1342383b1/1200x900,2026-09-22T05:51:11Z
Toyota,Camry,Toyota Camry VII (XV50) Рестайлинг,https://auto.ru/cars/used/sale/toyota/camry/1132633451-1c6af3f0/,1859000,Новосибирск,2016,,5,220000,4,Не требует ремонта,Дубликат,Exclusive,"бензин, 2.5 AT (181 л.с.)",автоматическая,передний,Левый,Седан,белый,https://avatars.avto.ru/get-autoru-vos/21020305/91c4bcb1fd027bfb06df048d0b14b83a/1200x900,2026-09-22T05:51:11Z
Nissan,Note,Nissan Note II Рестайлинг,https://auto.ru/cars/used/sale/nissan/note/1134106764-39800ec2/,999000,Новосибирск,2018,,5,114000,1,Не требует ремонта,Оригинал,,"бензин, 1.2 CVT (79 л.с.)",вариатор,передний,Правый,Хэтчбек 5 дв.,серебристый,https://avatars.avto.ru/get-autoru-vos/20444157/6b4e2f3e0dff615dbb2e3ea7dd23ce9f/1200x900,2026-09-22T05:51:11Z
Mazda,Demio,Mazda Demio I (DW),https://auto.ru/cars/used/sale/mazda/demio/1133385203-661e434e/,279000,Новосибирск,2000,,5,243200,4,Не требует ремонта,Оригинал,,"бензин, 1.3 AT (83 л.с.)",автоматическая,передний,Правый,Хэтчбек 5 дв.,белый,https://photo.auto.ru/photo/get-autoru-vos/21167286/HEkAUfoc7rrYseU2sn6aSGzdUz4IqAAj0t5_IZNJl8bmVGA-_9UuH-XFAeWxefwRLFGenaUHBQ4BbRWELEccQwZdiHGJ8seEVV4SjJnfSIoQymuv5B9OiI92My2PPBFM8sv0A3MmthSsc4gHWsO6l1SD8VSixWSp5K9L1zdB-UvUwQ/1200x900,2026-09-22T05:51:11Z
Toyota,Corolla,"Toyota Corolla Fielder XI (E160, E170, E180) Рестайлинг 1",https://auto.ru/cars/used/sale/toyota/corolla/1134197459-45cdc13c/,1279000,Новосибирск,2015,,5,174000,2,Не требует ремонта,Оригинал,,"бензин, Fielder 1.5 MT (109 л.с.)",механическая,передний,Правый,Универсал 5 дв. Fielder,чёрный,https://avatars.avto.ru/get-autoru-vos/20180167/c01b6db836494bfd277a045dc4a50c1d/1200x900,2026-09-22T05:51:11Z
Skoda,Fabia,Skoda Fabia II Рестайлинг,https://auto.ru/cars/used/sale/skoda/fabia/1134166940-6a545e15/,449000,Новосибирск,2011,,5,83500,4,Не требует ремонта,Дубликат,,"бензин, 1.2 MT (70 л.с.)",механическая,передний,Левый,Хэтчбек 5 дв.,синий,https://avatars.avto.ru/get-autoru-vos/17686578/226a327bf340f13415d44e1376b9fe7e/1200x900,2026-09-22T05:51:11Z
Kia,Ceed,Kia Ceed II,https://auto.ru/cars/used/sale/kia/ceed/1134214846-e70ad54d/,899000,Новосибирск,2013,,5,271000,2,Не требует ремонта,Оригинал,,"бензин, 1.6 AT (129 л.с.)",автоматическая,передний,Левый,Хэтчбек 5 дв.,чёрный,https://avatars.avto.ru/get-autoru-vos/16277572/677b333664dbb8b5aa0ff219aa0a7e9d/1200x900,2026-09-22T05:51:11Z
Toyota,Starlet,Toyota Starlet V (P90),https://auto.ru/cars/used/sale/toyota/starlet/1133411793-ca02e25f/,149000,Новосибирск,1996,,5,411000,4,Не требует ремонта,Оригинал,,"бензин, 1.3 MT (85 л.с.)",механическая,передний,Правый,Хэтчбек 3 дв.,серебристый,https://avatars.avto.ru/get-autoru-vos/20331633/c35c648e796fce0e1ae520d5f513689b/1200x900,2026-09-22T05:51:11Z
Honda,Stream,Honda Stream I,https://auto.ru/cars/used/sale/honda/stream/1134081103-16ccab04/,339000,Новосибирск,2001,,7,412000,4,Не требует ремонта,Оригинал,,"бензин, 1.7 AT (130 л.с.)",автоматическая,передний,Правый,Компактвэн,чёрный,https://photo.auto.ru/photo/get-autoru-vos/18536126/tfVK_9SzCsrjSp4paQeV6oDteTEdjucMhpzT8ZjBKKfLp3HaCLS6ez7wzNM4z5y_NTDIAQZ-NyJqXlWTCglsvIQ5CrJcV2l8JDMzQW8evL1-xGlcdrgNBWMJY5_2vKFzsHopOTvrh0hJHNnOKCT_iGwGoHM_qP0AeR5QDFcCbcNefw/1200x900,2026-09-22T05:51:11Z
Skoda,Octavia,Skoda Octavia II (A5) Рестайлинг,https://auto.ru/cars/used/sale/skoda/octavia/1134229343-d7facc94/,799000,Новосибирск,2010,,5,293000,2,Не требует ремонта,Дубликат,,"бензин, 1.6 MT (102 л.с.)",механическая,передний,Левый,Лифтбек,серый,https://avatars.avto.ru/get-autoru-vos/20289822/332740b3d22abac7abecd0dd9b714de8/1200x900,2026-09-22T05:51:11Z
Toyota,Corolla,"Toyota Corolla IX (E120, E130) Рестайлинг",https://auto.ru/cars/used/sale/toyota/corolla/1133014774-5b2a292d/,599000,Новосибирск,2006,,5,189000,4,Не требует ремонта,Дубликат,,"бензин, 1.6 AT (110 л.с.)",автоматическая,передний,Левый,Хэтчбек 5 дв.,серый,https://avatars.avto.ru/get-autoru-vos/13922065/74349c81a9479f51b38c42d74e274c62/1200x900,2026-09-22T05:51:11Z
Hyundai,Solaris,Hyundai Solaris I Рестайлинг,https://auto.ru/cars/used/sale/hyundai/solaris/1134183373-3e6d4c6a/,899000,Новосибирск,2015,,5,200000,3,Не требует ремонта,Оригинал,,"бензин, 1.6 AT (123 л.с.)",автоматическая,передний,Левый,Седан,белый,https://avatars.avto.ru/get-autoru-vos/16793145/b8dc058d4eb30755ae18ba28b0b73334/1200x900,2026-09-22T05:51:11Z
Suzuki,Alto,Suzuki Alto VIII (HA36),https://auto.ru/cars/used/sale/suzuki/alto/1133160932-5d334358/,619000,Новосибирск,2018,,4,117000,1,Не требует ремонта,Оригинал,,"бензин, 0.7 CVT (52 л.с.)",вариатор,передний,Правый,Хэтчбек 5 дв.,голубой,https://avatars.avto.ru/get-autoru-vos/18129838/da939c1a2d8ab0fe7070197e1aa34971/1200x900,2026-09-22T05:51:11Z
Toyota,Corolla,"Toyota Corolla IX (E120, E130) Рестайлинг",https://auto.ru/cars/used/sale/toyota/corolla/1134197458-a61bf931/,639000,Новосибирск,2005,,5,161000,2,Не требует ремонта,Оригинал,,"бензин, 1.4 MT (97 л.с.)",механическая,передний,Левый,Седан,голубой,https://avatars.avto.ru/get-autoru-vos/17674678/5088bf2bb0e6bf0107015d7ea2bd9843/1200x900,2026-09-22T05:51:11Z
Toyota,Corolla,Toyota Corolla VIII (E110) Рестайлинг,https://auto.ru/cars/used/sale/toyota/corolla/1133072905-7ebd79cf/,329000,Новосибирск,2002,,5,347000,4,Не требует ремонта,Оригинал,,"бензин, 1.3 MT (85 л.с.)",механическая,передний,Правый,Седан,белый,https://photo.auto.ru/photo/get-autoru-vos/16277572/i3mY1cQazW_nKcoFk9-NIaCFL9n92xkTlKje4DzrwlYo2p4KO3SgGQgYIJEFwbuzJqbDORaP7JGfY41rSQdCqdJu0TyShRYRLoU982UOtPc4ZboMwfMs2Akrq5zP3k82mGNrj7jj3l41LzI4w1y4jPGLq0tyd9QOLwnDvMUG9ALUJw/1200x900,2026-09-22T05:51:11Z
Hyundai,Solaris,Hyundai Solaris I,https://auto.ru/cars/used/sale/hyundai/solaris/1134226982-ddf18ad3/,949000,Новосибирск,2011,,5,197000,2,Не требует ремонта,Оригинал,,"бензин, 1.4 MT (107 л.с.)",механическая,передний,Левый,Седан,белый,https://avatars.avto.ru/get-autoru-vos/18170382/d8ce62920668fcd0769322ea79ad4449/1200x900,2026-09-22T05:51:11Z
Mazda,6,Mazda 6 II (GH),https://auto.ru/cars/used/sale/mazda/6/1134093314-17e5dd5a/,899000,Новосибирск,2008,,5,298000,4,Не требует ремонта,Дубликат,,"бензин, 2.0 AT (147 л.с.)",автоматическая,передний,Левый,Седан,серебристый,https://avatars.avto.ru/get-autoru-vos/17841911/b6ad2d6cd58bceb69ea109e8c6387d1c/1200x900,2026-09-22T05:51:11Z
Nissan,March,Nissan March IV (K13) Рестайлинг,https://auto.ru/cars/used/sale/nissan/march/1132034832-c70e47fb/,649000,Новосибирск,2015,,5,137545,3,Не требует ремонта,Оригинал,,"бензин, 1.2 CVT (79 л.с.) 4WD",вариатор,полный,Правый,Хэтчбек 5 дв.,красный,https://avatars.avto.ru/get-autoru-vos/17833075/e98203b3fe76e6d33cfbd379f8a80e3f/1200x900,2026-09-22T05:51:11Z
Renault,Sandero,Renault Sandero II,https://auto.ru/cars/used/sale/renault/sandero/1133057261-fcbe6552/,769000,Новосибирск,2016,,5,95000,4,Не требует ремонта,Оригинал,Access,"бензин, 1.6 MT (82 л.с.)",механическая,передний,Левый,Хэтчбек 5 дв.,белый,https://avatars.avto.ru/get-autoru-vos/20951031/6e331f698c42f816e8dff6be5751eca0/1200x900,2026-09-22T05:51:11Z
Suzuki,SX4,Suzuki SX4 I (Classic) Рестайлинг,https://auto.ru/cars/used/sale/suzuki/sx4/1134166035-fde31e75/,749000,Новосибирск,2010,,5,253000,2,Не требует ремонта,Дубликат,,"бензин, 1.6 MT (112 л.с.)",механическая,передний,Левый,Хэтчбек 5 дв.,серебристый,https://avatars.avto.ru/get-autoru-vos/21167286/85c5099c8a145aded26bd190756144cb/1200x900,2026-09-22T05:51:11Z
Nissan,Primera,Nissan Primera III (P12),https://auto.ru/cars/used/sale/nissan/primera/1134094231-6d7a8ae8/,439000,Новосибирск,2005,,5,230000,4,Не требует ремонта,Дубликат,,"бензин, 1.8 AT (116 л.с.)",автоматическая,передний,Левый,Лифтбек,голубой,https://avatars.avto.ru/get-autoru-vos/18068962/4ad397306895cf0cbf8fa2d80f80e089/1200x900,2026-09-22T05:51:11Z
Toyota,Vitz,Toyota Vitz III (XP130) Рестайлинг 2,https://auto.ru/cars/used/sale/toyota/vitz/1134198318-b72c5fb1/,1199000,Новосибирск,2018,,5,71000,1,Не требует ремонта,Оригинал,,"бензин, 1.0 CVT (69 л.с.)",вариатор,передний,Правый,Хэтчбек 5 дв.,серебристый,https://avatars.avto.ru/get-autoru-vos/20981853/906078dc36b249a8435b1c1f709e2a4a/1200x900,2026-09-22T05:51:11Z
Nissan,Note,Nissan Note II,https://auto.ru/cars/used/sale/nissan/note/1134166034-3a14dc87/,799000,Новосибирск,2013,,5,131000,1,Не требует ремонта,Оригинал,,"бензин, 1.2 CVT (98 л.с.)",вариатор,передний,Правый,Хэтчбек 5 дв.,красный,https://avatars.avto.ru/get-autoru-vos/20997557/37a4445d1cce2fc87517c2149b8c3044/1200x900,2026-09-22T05:51:11Z
Lada (ВАЗ),Vesta,Lada (ВАЗ) Vesta I Рестайлинг (NG),https://auto.ru/cars/used/sale/vaz/vesta/1134214845-fd5a8557/,1249000,Новосибирск,2024,,5,26100,1,Не требует ремонта,Оригинал,,"бензин, 1.6 MT (106 л.с.)",механическая,передний,Левый,Седан,белый,https://avatars.avto.ru/get-autoru-vos/20740510/d557354d95c7604ed80ba8fb81b12776/1200x900,2026-09-22T05:51:11Z
Lada (ВАЗ),Granta,Lada (ВАЗ) Granta I Рестайлинг,https://auto.ru/cars/used/sale/vaz/granta/1134105458-725e461f/,769000,Новосибирск,2023,,5,50500,2,Не требует ремонта,Оригинал,,"бензин, 1.6 MT (90 л.с.)",механическая,передний,Левый,Лифтбек,белый,https://avatars.avto.ru/get-autoru-vos/18170382/897b000e8cd6eabbe18782faccc6be18/1200x900,2026-09-22T05:51:11Z
Hyundai,Solaris,Hyundai Solaris II,https://auto.ru/cars/used/sale/hyundai/solaris/1134110293-fc6507eb/,1049000,Новосибирск,2019,,5,259000,2,Не требует ремонта,Оригинал,,"бензин, 1.6 AT (123 л.с.)",автоматическая,передний,Левый,Седан,чёрный,https://avatars.avto.ru/get-autoru-vos/20272960/84d85d9911e8965753598a7721cb9faa/1200x900,2026-09-22T05:51:11Z
Hyundai,Solaris,Hyundai Solaris II Рестайлинг,https://auto.ru/cars/used/sale/hyundai/solaris/1134116389-f4949085/,1379000,Новосибирск,2021,,5,161000,1,Не требует ремонта,Оригинал,,"бензин, 1.6 AT (123 л.с.)",автоматическая,передний,Левый,Седан,серебристый,https://avatars.avto.ru/get-autoru-vos/15051405/9dbc600e4d55f74a12b5dcee9263efbb/1200x900,2026-09-22T05:51:11Z
Toyota,Harrier,Toyota Harrier II (XU30),https://auto.ru/cars/used/sale/toyota/harrier/1134079290-55ece625/,1449000,Омск,2006,,5,203100,2,Не требует ремонта,Оригинал,,"бензин, 3.5 AT (276 л.с.) 4WD",автоматическая,полный,Правый,Внедорожник 5 дв.,белый,https://avatars.avto.ru/get-autoru-vos/2173660/1be11cf803a770b85af7013146141566/1200x900,2026-09-22T05:51:14Z
Kia,KX3,Kia KX3,https://auto.ru/cars/used/sale/kia/kx3/1133960352-ef5f814b/,2219000,Омск,2021,,5,46400,1,Не требует ремонта,Оригинал,,"бензин, 1.5 CVT (115 л.с.)",вариатор,передний,Левый,Внедорожник 5 дв.,белый,https://avatars.avto.ru/get-autoru-vos/17750173/56d29201ae7439bb0cb3132e3baf69d2/1200x900,2026-09-22T05:51:14Z
Honda,CR-Z,Honda CR-Z Hybrid I,https://auto.ru/cars/used/sale/honda/cr_z/1131325747-e63856f2/,929000,Омск,2011,,4,203600,1,Не требует ремонта,Оригинал,,"гибрид, Hybrid 1.5hyb CVT (112 л.с.)",вариатор,передний,Правый,Хэтчбек 3 дв.,красный,https://avatars.avto.ru/get-autoru-vos/16149001/a55d0885e8d881397efbc40f4a27b266/1200x900,2026-09-22T05:51:14Z
Toyota,Wish,Toyota Wish II,https://auto.ru/cars/used/sale/toyota/wish/1132328547-dd15b90b/,1149000,Омск,2011,,6,200900,1,Не требует ремонта,Оригинал,,"бензин, 1.8 CVT (144 л.с.)",вариатор,передний,Правый,Минивэн,серебристый,https://avatars.avto.ru/get-autoru-vos/15548469/f011a9450f61610f298c5eb52ac5d329/1200x900,2026-09-22T05:51:14Z
Nissan,Murano,Nissan Murano II (Z51) Рестайлинг,https://auto.ru/cars/used/sale/nissan/murano/1134104599-3e443535/,1449000,Омск,2011,,5,147000,2,Не требует ремонта,Дубликат,,"бензин, 3.5 CVT (249 л.с.) 4WD",вариатор,полный,Левый,Внедорожник 5 дв.,чёрный,https://avatars.avto.ru/get-autoru-vos/17783177/fb44c2eca336d018bb24bf35e1a00856/1200x900,2026-09-22T05:51:14Z
Hyundai,Creta,Hyundai Creta II,https://auto.ru/cars/used/sale/hyundai/creta/1130808439-daec733f/,2359000,Омск,2021,,5,62000,1,Не требует ремонта,Оригинал,Lifestyle,"бензин, 2.0 AT (150 л.с.) 4WD",автоматическая,полный,Левый,Внедорожник 5 дв.,серебристый,https://avatars.avto.ru/get-autoru-vos/17786981/2f6ccd0577ab1af5a8087c2fce883b6e/1200x900,2026-09-22T05:51:14Z
Haval,F7,Haval F7 I Рестайлинг,https://auto.ru/cars/used/sale/haval/f7/1132879981-49fc77b8/,2199000,Омск,2023,,5,79239,1,Не требует ремонта,Оригинал,Elite,"бензин, 2.0 AMT (190 л.с.) 4WD",робот,полный,Левый,Внедорожник 5 дв.,белый,https://avatars.avto.ru/get-autoru-vos/16383606/cd87081e3c7f86a8a48c50c9235549f4/1200x900,2026-09-22T05:51:14Z
Toyota,Roomy,Toyota Roomy I Рестайлинг,https://auto.ru/cars/used/sale/toyota/roomy/1133931529-ddfb124e/,1099000,Омск,2021,,5,67000,1,Не требует ремонта,Оригинал,,"бензин, 1.0 CVT (69 л.с.)",вариатор,передний,Правый,Микровэн,чёрный,https://avatars.avto.ru/get-autoru-vos/5494317/205e179bdc8e4c21b392e7924337b32d/1200x900,2026-09-22T05:51:14Z
Chevrolet,Cruze,Chevrolet Cruze I Рестайлинг,https://auto.ru/cars/used/sale/chevrolet/cruze/1131734910-81bcb7f0/,679000,Омск,2013,,5,173000,4,Не требует ремонта,Оригинал,LS,"бензин, 1.6 AT (109 л.с.)",автоматическая,передний,Левый,Седан,красный,https://photo.auto.ru/photo/get-autoru-vos/15580208/oypfH0RuLafoCfFmnvGlKCfmD0n7MHoDwv_Cx1E5w7Ioj9KoHq8QK6beaqeVv1C-4R_51d1QMnaDsED0kCxjaPg_48xpkF-9DjjKfWqfYDbOD7XDiRisOXt11_HThHsnhV-qEnBALgbHKdLCZAPMPAshIAJrNS9b3LGrseFYt_kY1A/1200x900,2026-09-22T05:51:14Z
Hyundai,Tucson,Hyundai Tucson I,https://auto.ru/cars/used/sale/hyundai/tucson/1134125565-83fe7b7c/,759000,Омск,2007,,5,204500,2,Не требует ремонта,Оригинал,,"бензин, 2.0 MT (141 л.с.)",механическая,передний,Левый,Внедорожник 5 дв.,голубой,https://avatars.avto.ru/get-autoru-vos/17768325/2c941986ec34784effb6cfb5dbc9a16d/1200x900,2026-09-22T05:51:14Z
Nissan,Murano,Nissan Murano I (Z50),https://auto.ru/cars/used/sale/nissan/murano/1133993361-7d8acd40/,899000,Омск,2007,,5,219000,4,Не требует ремонта,Дубликат,,"бензин, 3.5 CVT (234 л.с.) 4WD",вариатор,полный,Левый,Внедорожник 5 дв.,серебристый,https://avatars.avto.ru/get-autoru-vos/19700919/ab1a3c3c1c4c16e1e005e52b013d7326/1200x900,2026-09-22T05:51:14Z
Hyundai,Tucson,Hyundai Tucson I,https://auto.ru/cars/used/sale/hyundai/tucson/1134217264-17b4f029/,859000,Омск,2006,,5,310000,4,Не требует ремонта,Дубликат,,"бензин, 2.7 AT (173 л.с.) 4WD",автоматическая,полный,Левый,Внедорожник 5 дв.,зелёный,https://avatars.avto.ru/get-autoru-vos/17665660/eedcfc03b534cdbdec976a16cb5bb8ff/1200x900,2026-09-22T05:51:14Z
Mercedes-Benz,G-Класс,Mercedes-Benz G-Класс 400 II (W463),https://auto.ru/cars/used/sale/mercedes/g_klasse/1133426363-ce89e0dd/,2699000,Омск,2004,,5,102100,4,Не требует ремонта,Дубликат,,"дизель, 400 4.0d AT (250 л.с.) 4WD",автоматическая,полный,Левый,Внедорожник 5 дв.,чёрный,https://avatars.avto.ru/get-autoru-vos/20410536/4f8348929d9b8fe40aea073c87eedc7d/1200x900,2026-09-22T05:51:14Z
Mitsubishi,Pajero,Mitsubishi Pajero IV Рестайлинг 2,https://auto.ru/cars/used/sale/mitsubishi/pajero/1131801117-323f4f38/,2899000,Омск,2017,,5,101200,2,Не требует ремонта,Оригинал,GLS,"бензин, 3.8 AT (250 л.с.) 4WD",автоматическая,полный,Левый,Внедорожник 5 дв.,серебристый,https://avatars.avto.ru/get-autoru-vos/16908002/7d8c5ef1a7e7c556649a800302d3c9c2/1200x900,2026-09-22T05:51:14Z
Honda,Freed,Honda Freed Spike I Рестайлинг,https://auto.ru/cars/used/sale/honda/freed/1134079288-44be6cec/,1259000,Омск,2012,,5,189900,1,Не требует ремонта,Оригинал,,"гибрид, Spike 1.5hyb CVT (88 л.с.)",вариатор,передний,Правый,Компактвэн Spike,чёрный,https://avatars.avto.ru/get-autoru-vos/2177499/b1ca90b0e9c35c2b491f65a04dfafab1/1200x900,2026-09-22T05:51:14Z
Nissan,Serena,Nissan Serena V (C27),https://auto.ru/cars/used/sale/nissan/serena/1133951018-32e3ce65/,1919000,Омск,2018,,8,186000,1,Не требует ремонта,Оригинал,,"гибрид, 1.2hyb AT (136 л.с.)",автоматическая,передний,Правый,Минивэн,чёрный,https://avatars.avto.ru/get-autoru-vos/4077479/813a2da0789b44c1233b0b8aef191cf8/1200x900,2026-09-22T05:51:14Z
Nissan,Serena,Nissan Serena II (C24),https://auto.ru/cars/used/sale/nissan/serena/1132097314-f8408d4f/,629000,Омск,2002,,8,250000,4,Не требует ремонта,Дубликат,,"бензин, 2.0 CVT (145 л.с.)",вариатор,передний,Правый,Минивэн,белый,https://avatars.avto.ru/get-autoru-vos/17786981/b9071014146a1b227545e94db256ccbf/1200x900,2026-09-22T05:51:14Z
Toyota,Kluger,Toyota Kluger I (XU20),https://auto.ru/cars/used/sale/toyota/kluger/1133941622-51df34c0/,889000,Омск,2001,,5,328300,4,Не требует ремонта,Дубликат,,"бензин, 2.4 AT (160 л.с.) 4WD",автоматическая,полный,Правый,Внедорожник 5 дв.,серебристый,https://avatars.avto.ru/get-autoru-vos/17660749/61daee021bfab49a8fdb726ff1ce3d10/1200x900,2026-09-22T05:51:14Z
Toyota,RAV4,Toyota RAV4 III (XA30) Рестайлинг,https://auto.ru/cars/used/sale/toyota/rav_4/1133330056-493be9e1/,1379000,Омск,2010,,5,92000,3,Не требует ремонта,Оригинал,,"бензин, 2.4 AT (170 л.с.) 4WD",автоматическая,полный,Левый,Внедорожник 5 дв.,красный,https://avatars.avto.ru/get-autoru-vos/17899564/b60e614805387edc6a9882e0b1b1ff1e/1200x900,2026-09-22T05:51:14Z
Skoda,Kodiaq,Skoda Kodiaq I,https://auto.ru/cars/used/sale/skoda/kodiaq/1133484890-3d240e6d/,1999000,Омск,2019,,5,78800,1,Не требует ремонта,Оригинал,SportLine,"бензин, 1.4 AMT (150 л.с.) 4WD",робот,полный,Левый,Внедорожник 5 дв.,коричневый,https://avatars.avto.ru/get-autoru-vos/20289822/be8183e73fa85103976dc3188f0030e9/1200x900,2026-09-22T05:51:14Z
Toyota,Camry,Toyota Camry VIII (XV70),https://auto.ru/cars/used/sale/toyota/camry/1132914728-9cf06e78/,1999000,Омск,2019,,5,135500,2,Не требует ремонта,Оригинал,Стандарт Плюс,"бензин, 2.5 AT (181 л.с.)",автоматическая,передний,Левый,Седан,белый,https://avatars.avto.ru/get-autoru-vos/18986119/1cae082afa249bc69ce5a9a8fe796080/1200x900,2026-09-22T05:51:14Z
Hyundai,Tucson,Hyundai Tucson III,https://auto.ru/cars/used/sale/hyundai/tucson/1133906390-d20b1ab9/,1699000,Омск,2018,,5,163000,2,Не требует ремонта,Оригинал,,"бензин, 2.0 AT (150 л.с.)",автоматическая,передний,Левый,Внедорожник 5 дв.,белый,https://avatars.avto.ru/get-autoru-vos/18105905/49650ecfbf906b7a65592eb5396277fe/1200x900,2026-09-22T05:51:14Z
Kia,Rio,Kia Rio 5-speed III,https://auto.ru/cars/used/sale/kia/rio/1133783119-c8fe2569/,539000,Омск,2013,,5,230000,3,Не требует ремонта,Дубликат,,"бензин, 5-speed 1.6 MT (123 л.с.)",механическая,передний,Левый,Седан,чёрный,https://avatars.avto.ru/get-autoru-vos/20306952/4517d7e27bee156c0d2d9ff192445046/1200x900,2026-09-22T05:51:14Z
Mercedes-Benz,GLA,Mercedes-Benz GLA 200 II (H247),https://auto.ru/cars/used/sale/mercedes/gla_class/1132961846-f3b0546d/,3899000,Омск,2020,,5,79900,2,Не требует ремонта,Оригинал,GLA 200 Progressive,"бензин, 200 1.3 AMT (150 л.с.)",робот,передний,Левый,Внедорожник 5 дв.,красный,https://avatars.avto.ru/get-autoru-vos/17489926/8aa3848ddd0bc51334b173722d5551db/1200x900,2026-09-22T05:51:14Z
Hyundai,ix55,Hyundai ix55,https://auto.ru/cars/used/sale/hyundai/ix55/1133519755-b0d4445a/,1509000,Омск,2011,,7,350000,1,Не требует ремонта,Оригинал,Family,"дизель, 3.0d AT (239 л.с.) 4WD",автоматическая,полный,Левый,Внедорожник 5 дв.,серый,https://avatars.avto.ru/get-autoru-vos/18154113/857c49f2c722aa43c6f2cb787dc12be9/1200x900,2026-09-22T05:51:14Z
Exeed,LX,Exeed LX I Рестайлинг 2,https://auto.ru/cars/used/sale/exeed/lx/1134017752-57f0e439/,2009000,Омск,2024,,5,68000,1,Не требует ремонта,Оригинал,,"бензин, 1.5 CVT (147 л.с.)",вариатор,передний,Левый,Внедорожник 5 дв.,белый,https://avatars.avto.ru/get-autoru-vos/2155199/9b96312ace9a8c45afda0470d24aaded/1200x900,2026-09-22T05:51:14Z
Toyota,Fortuner,Toyota Fortuner II,https://auto.ru/cars/used/sale/toyota/fortuner/1129244936-28637041/,4229000,Омск,2019,,7,80000,1,Не требует ремонта,Дубликат,Элеганс,"дизель, 2.8d AT (177 л.с.) 4WD",автоматическая,полный,Левый,Внедорожник 5 дв.,белый,https://avatars.avto.ru/get-autoru-vos/17637180/084a5bd8790f7cd519bdae7e30b490f8/1200x900,2026-09-22T05:51:14Z
Omoda,C5,Omoda C5 I Рестайлинг,https://auto.ru/cars/used/sale/omoda/c5/1134118314-51b666fb/,1999000,Омск,2024,,5,13300,1,Не требует ремонта,Оригинал,,"бензин, 1.5 CVT (147 л.с.)",вариатор,передний,Левый,Внедорожник 5 дв.,серебристый,https://avatars.avto.ru/get-autoru-vos/20200701/69691a40fe8de7aae77f5469aa370902/1200x900,2026-09-22T05:51:14Z
Chevrolet,Spark,Chevrolet Spark III,https://auto.ru/cars/used/sale/chevrolet/spark/1133783123-36164d17/,449000,Омск,2011,,5,126000,4,Не требует ремонта,Оригинал,,"бензин, 1.0 AT (67 л.с.)",автоматическая,передний,Левый,Хэтчбек 5 дв.,синий,https://avatars.avto.ru/get-autoru-vos/1781292/4fc8d8781c3019a71b2faa527356f5a0/1200x900,2026-09-22T05:51:14Z
Toyota,Voxy,Toyota Voxy II (R70),https://auto.ru/cars/used/sale/toyota/voxy/1128260601-d8758b5c/,1099000,Омск,2008,,7,430000,2,Не требует ремонта,Оригинал,,"бензин, 2.0 CVT (140 л.с.) 4WD",вариатор,полный,Правый,Минивэн,фиолетовый,https://photo.auto.ru/photo/get-autoru-vos/11557313/HalPAjPfMgkg4tQYavantfi_cMYYn-pjptLSXrSEBDBticNezron7Zy1eoGl-S_uomyRI3H7tuDow2G8aXjx4uo3eK677JsuH3hCEKzecBPTcPkkXhjJK3WiX59PEUJ4iavsoKyFDdjUxNCfIldiPAxToQOOGoAeF6nYe2h7ivfbmw/1200x900,2026-09-22T05:51:14Z
Honda,Vezel,Honda Vezel I Рестайлинг,https://auto.ru/cars/used/sale/honda/vezel/1132582399-c79d82a2/,2599000,Омск,2019,,5,32750,1,Не требует ремонта,Оригинал,,"бензин, 1.5 CVT (172 л.с.)",вариатор,передний,Правый,Внедорожник 5 дв.,белый,https://avatars.avto.ru/get-autoru-vos/20358835/b32d740620e70251dcda8ebdcf6bdb56/1200x900,2026-09-22T05:51:14Z
Toyota,Allion,Toyota Allion I Рестайлинг,https://auto.ru/cars/used/sale/toyota/allion/1134167098-2ab6a94f/,849000,Омск,2005,,5,239000,4,Не требует ремонта,Оригинал,,"бензин, 1.8 AT (125 л.с.) 4WD",автоматическая,полный,Правый,Седан,серебристый,https://avatars.avto.ru/get-autoru-vos/15051405/e1e6cb994bf6ae9d183d9a068df909b3/1200x900,2026-09-22T05:51:14Z
Honda,Vezel,Honda Vezel I Рестайлинг,https://auto.ru/cars/used/sale/honda/vezel/1134216747-137dbaae/,2109000,Омск,2020,,5,44000,1,Не требует ремонта,Оригинал,,"бензин, 1.5 CVT (131 л.с.)",вариатор,передний,Правый,Внедорожник 5 дв.,синий,https://avatars.avto.ru/get-autoru-vos/16405070/0722e85b20bea52afa3d769b3f9c8282/1200x900,2026-09-22T05:51:14Z
Toyota,iQ,Toyota iQ,https://auto.ru/cars/used/sale/toyota/iq/1131237600-e6bcc8e8/,799000,Омск,2009,,4,125000,2,Не требует ремонта,Оригинал,,"бензин, 1.0 MT (68 л.с.)",механическая,передний,Левый,Хэтчбек 3 дв.,фиолетовый,https://photo.auto.ru/photo/get-autoru-vos/15453628/h2y6EnWeaC848udY-Su3wcmf_w7Y2CrwyJoa2Qhlwds_AU8DRf29gwtMskFds1UVqueld039wRDOtvHzfjJ-qfiZypgnI1aAMEZGsxXzFK-e6jKJuR1_f9605NZke2KUwzv3hVehoaeksdl1nGjxZZBU4jGkhLat4Hj10b1AZ8FS6Q/1200x900,2026-09-22T05:51:14Z
Nissan,X-Trail,Nissan X-Trail II Рестайлинг,https://auto.ru/cars/used/sale/nissan/x_trail/1133909171-4c0d5e65/,1279000,Омск,2012,,5,243000,2,Не требует ремонта,Оригинал,,"бензин, 2.0 CVT (141 л.с.) 4WD",вариатор,полный,Левый,Внедорожник 5 дв.,серебристый,https://avatars.avto.ru/get-autoru-vos/4249454/18332746f481d937512f33697f609ffc/1200x900,2026-09-22T05:51:14Z
Nissan,Qashqai+2,Nissan Qashqai+2 I Рестайлинг,https://auto.ru/cars/used/sale/nissan/qashqai_plus_2/1133602320-e72e75c6/,989000,Омск,2011,,7,198000,3,Не требует ремонта,Оригинал,,"бензин, 1.6 MT (114 л.с.)",механическая,передний,Левый,Внедорожник 5 дв.,серый,https://avatars.avto.ru/get-autoru-vos/16976316/00664762778db0b5befce22029a4eb2d/1200x900,2026-09-22T05:51:14Z
Honda,Freed,Honda Freed I Рестайлинг,https://auto.ru/cars/used/sale/honda/freed/1134154547-edd6febf/,1249000,Омск,2011,,6,183000,1,Не требует ремонта,Оригинал,,"бензин, 1.5 AT (118 л.с.) 4WD",автоматическая,полный,Правый,Компактвэн,белый,https://avatars.avto.ru/get-autoru-vos/16383606/3bcdf0ebee5637363dfb0e696d13804d/1200x900,2026-09-22T05:51:14Z
Hyundai,ix55,Hyundai ix55,https://auto.ru/cars/used/sale/hyundai/ix55/1133977463-533f3f29/,1449000,Омск,2010,,7,252390,4,Не требует ремонта,Дубликат,,"бензин, 3.8 AT (264 л.с.) 4WD",автоматическая,полный,Левый,Внедорожник 5 дв.,коричневый,https://avatars.avto.ru/get-autoru-vos/18129838/6ca8215886ffb8175ce1de4ef2e818d5/1200x900,2026-09-22T05:51:16Z
Toyota,RAV4,Toyota RAV4 IV (XA40) Рестайлинг,https://auto.ru/cars/used/sale/toyota/rav_4/1132862145-d373f52f/,2559000,Омск,2018,,5,51000,2,Не требует ремонта,Оригинал,Комфорт Плюс,"бензин, 2.0 CVT (146 л.с.) 4WD",вариатор,полный,Левый,Внедорожник 5 дв.,красный,https://avatars.avto.ru/get-autoru-vos/1960645/7b4da6f4839eeb1fbb6faf20980ea83c/1200x900,2026-09-22T05:51:16Z
Toyota,Land Cruiser Prado,Toyota Land Cruiser Prado 4-speed 120 Series,https://auto.ru/cars/used/sale/toyota/land_cruiser_prado/1132863428-67bebd1e/,1799000,Омск,2007,,5,286000,4,Не требует ремонта,Дубликат,,"бензин, 4-speed 4.0 AT (249 л.с.) 4WD",автоматическая,полный,Левый,Внедорожник 5 дв.,золотистый,https://avatars.avto.ru/get-autoru-vos/16417992/dfaf5ed7be8bc53963d8922bad749d75/1200x900,2026-09-22T05:51:16Z
Toyota,RAV4,Toyota RAV4 III (XA30) Рестайлинг,https://auto.ru/cars/used/sale/toyota/rav_4/1134206891-5eb43eae/,1439000,Омск,2011,,5,281850,3,Не требует ремонта,Оригинал,,"бензин, 2.0 CVT (158 л.с.) 4WD",вариатор,полный,Левый,Внедорожник 5 дв.,чёрный,https://avatars.avto.ru/get-autoru-vos/19298886/a20edb1b446a42b795deca281a09ffda/1200x900,2026-09-22T05:51:16Z
Renault,Duster,Renault Duster I Рестайлинг,https://auto.ru/cars/used/sale/renault/duster/1134209766-99719406/,1319000,Омск,2015,,5,99200,2,Не требует ремонта,Оригинал,,"бензин, 2.0 MT (143 л.с.) 4WD",механическая,полный,Левый,Внедорожник 5 дв.,коричневый,https://avatars.avto.ru/get-autoru-vos/18006848/4e91ccb1303bea21acb9478230b6296d/1200x900,2026-09-22T05:51:16Z
Honda,Stepwgn,Honda Stepwgn Spada V Рестайлинг,https://auto.ru/cars/used/sale/honda/stepwagon/1133977461-7166e984/,2299000,Омск,2018,,7,110000,2,Не требует ремонта,Оригинал,,"бензин, Spada 1.5 CVT (150 л.с.)",вариатор,передний,Правый,Минивэн Spada,белый,https://avatars.avto.ru/get-autoru-vos/4012354/35c0632553d23a1cca037f78d52114da/1200x900,2026-09-22T05:51:16Z
Haima,7,Haima 7,https://auto.ru/cars/used/sale/haima/7/1131862468-4c22584c/,759000,Омск,2014,,5,148000,3,Не требует ремонта,Дубликат,,"бензин, 2.0 MT (136 л.с.)",механическая,передний,Левый,Внедорожник 5 дв.,коричневый,https://avatars.avto.ru/get-autoru-vos/18005086/46a2b098fa68b9fe8d37752fe1405215/1200x900,2026-09-22T05:51:16Z
Mitsubishi,Outlander,Mitsubishi Outlander I,https://auto.ru/cars/used/sale/mitsubishi/outlander/1129400214-c3385cdd/,799000,Омск,2005,,5,230000,2,Не требует ремонта,Оригинал,Intense,"бензин, 2.4 AT (160 л.с.) 4WD",автоматическая,полный,Левый,Внедорожник 5 дв.,серебристый,https://avatars.avto.ru/get-autoru-vos/16202224/1fffd4623c4502d6e874b2f9cdeb1e6c/1200x900,2026-09-22T05:51:16Z
Toyota,RAV4,Toyota RAV4 IV (XA40),https://auto.ru/cars/used/sale/toyota/rav_4/1132931698-1a60c3c3/,1799000,Омск,2014,,5,176000,2,Не требует ремонта,Оригинал,Комфорт Плюс,"бензин, 2.0 CVT (146 л.с.) 4WD",вариатор,полный,Левый,Внедорожник 5 дв.,белый,https://avatars.avto.ru/get-autoru-vos/13922065/2292bd0e1dbc23c3a840fd5b3afb1bd7/1200x900,2026-09-22T05:51:16Z
Honda,CR-V,Honda CR-V III,https://auto.ru/cars/used/sale/honda/cr_v/1132226950-bf86d794/,1319000,Омск,2008,,5,345000,4,Не требует ремонта,Дубликат,Executive,"бензин, 2.4 AT (166 л.с.) 4WD",автоматическая,полный,Левый,Внедорожник 5 дв.,чёрный,https://avatars.avto.ru/get-autoru-vos/18536126/d09073340506482da2d90b20cbbf9b5f/1200x900,2026-09-22T05:51:16Z
Nissan,Qashqai,Nissan Qashqai I,https://auto.ru/cars/used/sale/nissan/qashqai/1133861839-ee8ad8c6/,989000,Омск,2008,,5,184000,3,Не требует ремонта,Оригинал,,"бензин, 2.0 MT (141 л.с.) 4WD",механическая,полный,Левый,Внедорожник 5 дв.,синий,https://avatars.avto.ru/get-autoru-vos/21068092/ca6a7367335138d25061487def81c52a/1200x900,2026-09-22T05:51:16Z
Nissan,X-Trail,Nissan X-Trail I Рестайлинг,https://auto.ru/cars/used/sale/nissan/x_trail/1132879977-7be6a94e/,949000,Омск,2006,,5,252500,4,Не требует ремонта,Оригинал,,"бензин, 2.0 AT (140 л.с.) 4WD",автоматическая,полный,Левый,Внедорожник 5 дв.,серебристый,https://avatars.avto.ru/get-autoru-vos/14637477/b61a7679bc9b63efb8d407594a2ad7a4/1200x900,2026-09-22T05:51:16Z
Daihatsu,Terios,Daihatsu Terios Kid I,https://auto.ru/cars/used/sale/daihatsu/terios/1134216743-3da8f51a/,1059000,Омск,2009,,4,42000,1,Не требует ремонта,Оригинал,,"бензин, Kid 0.7 AT (64 л.с.)",автоматическая,задний,Правый,Внедорожник 5 дв. Kid,серебристый,https://avatars.avto.ru/get-autoru-vos/16409627/78ed9b3c3aa41741f55367b05c32eaea/1200x900,2026-09-22T05:51:16Z
Nissan,X-Trail,Nissan X-Trail II Рестайлинг,https://auto.ru/cars/used/sale/nissan/x_trail/1130356248-ebaabf84/,1539000,Омск,2014,,5,224000,4,Не требует ремонта,Оригинал,LE Base,"бензин, 2.5 CVT (169 л.с.) 4WD",вариатор,полный,Левый,Внедорожник 5 дв.,белый,https://avatars.avto.ru/get-autoru-vos/18006848/828549259d3d5341053bab6d5ffc37d9/1200x900,2026-09-22T05:51:16Z
Subaru,Forester,Subaru Forester III Рестайлинг,https://auto.ru/cars/used/sale/subaru/forester/1134005106-0f47f2c0/,1169000,Омск,2012,,5,220820,3,Не требует ремонта,Оригинал,,"бензин, 2.0 AT (150 л.с.) 4WD",автоматическая,полный,Левый,Внедорожник 5 дв.,чёрный,https://photo.auto.ru/photo/get-autoru-vos/17660749/f2DkbjKyAz2Qz_Xc8ReSbbpxfGDh_hvVUG790KsMkFt3a55lxELM_GTo0NVOWg86bvuIUOnJsnsQifk0Zxt-5FQ6B1asTU-mbiUFqmu9P8YwxEsHFT8Phoy1QiBV4z98h1wsVuAyIEAVg1Q7jQq5jRMTvus_9UPWetIAFjJB-flGGwQ/1200x900,2026-09-22T05:51:16Z
Toyota,RAV4,Toyota RAV4 III (XA30) Рестайлинг,https://auto.ru/cars/used/sale/toyota/rav_4/1133977460-3a03eead/,1499000,Омск,2011,,5,278550,2,Не требует ремонта,Оригинал,,"бензин, 2.0 CVT (158 л.с.) 4WD",вариатор,полный,Левый,Внедорожник 5 дв.,серый,https://avatars.avto.ru/get-autoru-vos/2079694/316e3b01c97017cd78f9b92cdfb3ab07/1200x900,2026-09-22T05:51:16Z
Nissan,X-Trail,Nissan X-Trail II,https://auto.ru/cars/used/sale/nissan/x_trail/1133765352-a616d01a/,1099000,Омск,2010,,5,261202,3,Не требует ремонта,Дубликат,,"бензин, 2.0 MT (141 л.с.) 4WD",механическая,полный,Левый,Внедорожник 5 дв.,чёрный,https://avatars.avto.ru/get-autoru-vos/17640555/ead0c3b10b070afc775d61307ee91fc5/1200x900,2026-09-22T05:51:16Z
Honda,CR-Z,Honda CR-Z Hybrid I,https://auto.ru/cars/used/sale/honda/cr_z/1134118837-1fb8bf62/,899000,Омск,2010,,4,216000,2,Не требует ремонта,Оригинал,,"гибрид, Hybrid 1.5hyb CVT (112 л.с.)",вариатор,передний,Правый,Хэтчбек 3 дв.,серебристый,https://avatars.avto.ru/get-autoru-vos/18017415/56dbac0c04ca3987a3b374aedec81c11/1200x900,2026-09-22T05:51:16Z
Toyota,WiLL,Toyota WiLL II (VS),https://auto.ru/cars/used/sale/toyota/will/1133270492-22302048/,589000,Омск,2001,,5,368042,4,Не требует ремонта,Дубликат,,"бензин, 1.8 AT (136 л.с.)",автоматическая,передний,Правый,Хэтчбек 5 дв.,синий,https://avatars.avto.ru/get-autoru-vos/19873021/cd459e6d5f41869d9dc346cf58fe4239/1200x900,2026-09-22T05:51:16Z
Suzuki,Grand Vitara,Suzuki Grand Vitara II Рестайлинг 2,https://auto.ru/cars/used/sale/suzuki/grand_vitara/1134038496-cd2428bb/,1249000,Омск,2012,,5,255000,2,Не требует ремонта,Оригинал,,"бензин, 2.0 MT (140 л.с.) 4WD",механическая,полный,Левый,Внедорожник 5 дв.,синий,https://avatars.avto.ru/get-autoru-vos/18536126/44ca5cdc16da716ea2cd296ed80076da/1200x900,2026-09-22T05:51:16Z
Honda,Stepwgn,Honda Stepwgn Spada V,https://auto.ru/cars/used/sale/honda/stepwagon/1134005101-f93e9e23/,1899000,Омск,2015,,7,102000,1,Не требует ремонта,Оригинал,,"бензин, Spada 1.5 CVT (150 л.с.)",вариатор,передний,Правый,Минивэн Spada,белый,https://photo.auto.ru/photo/get-autoru-vos/20444157/i26H5zd4OXjw9I_OLR0im-y-a0lpmx3ULf0hi7BJfPixGxd-RwfHcnB0d1SY3vhmTW_02fbJo-djcEBWuVYvNw3AHLJcsFfgt9J72BzeZ6z-ziZTP50zL_p6SIkrOW-OpCiv-p2I6-kzjvopLlooJNGvuCVbilrgs2WrOL7AOpKGyYY/1200x900,2026-09-22T05:51:16Z
Honda,Freed,Honda Freed I Рестайлинг,https://auto.ru/cars/used/sale/honda/freed/1134216739-e8e2d7a7/,1159000,Омск,2012,,6,152000,1,Не требует ремонта,Оригинал,,"бензин, 1.5 CVT (118 л.с.)",вариатор,передний,Правый,Компактвэн,белый,https://avatars.avto.ru/get-autoru-vos/19682479/9aa94d864ad3149f28e4310bc899acff/1200x900,2026-09-22T05:51:16Z
Porsche,Cayenne,Porsche Cayenne I Рестайлинг (957),https://auto.ru/cars/used/sale/porsche/cayenne/1133484895-f679f500/,1229000,Омск,2008,,5,285000,4,Не требует ремонта,Дубликат,V6,"бензин, 3.6 AT (290 л.с.) 4WD",автоматическая,полный,Левый,Внедорожник 5 дв.,синий,https://avatars.avto.ru/get-autoru-vos/18106725/164527cc8f8d3973bc23e390613adda8/1200x900,2026-09-22T05:51:16Z
Nissan,Juke,Nissan Juke I,https://auto.ru/cars/used/sale/nissan/juke/1134216738-ff191e82/,1289000,Омск,2011,,5,159175,4,Не требует ремонта,Дубликат,,"бензин, 1.6 CVT (190 л.с.) 4WD",вариатор,полный,Левый,Внедорожник 5 дв.,красный,https://avatars.avto.ru/get-autoru-vos/15587868/8769691d389b661cdd86ab78e7e4ee0d/1200x900,2026-09-22T05:51:16Z
Toyota,Estima,Toyota Estima III Рестайлинг,https://auto.ru/cars/used/sale/toyota/estima/1133399491-4ecef50f/,1509000,Омск,2010,,7,120000,4,Не требует ремонта,Оригинал,,"бензин, 2.4 CVT (170 л.с.)",вариатор,передний,Правый,Минивэн,чёрный,https://avatars.avto.ru/get-autoru-vos/18861955/2edfb6bd077f18ba6c5faacd01de21de/1200x900,2026-09-22T05:51:16Z
Hyundai,Terracan,Hyundai Terracan I,https://auto.ru/cars/used/sale/hyundai/terracan/1125007326-d887f0d5/,629000,Омск,2002,,5,242000,4,Не требует ремонта,Оригинал,,"дизель, 2.5d AT (101 л.с.) 4WD",автоматическая,полный,Левый,Внедорожник 5 дв.,серебристый,https://avatars.avto.ru/get-autoru-vos/20022717/8e16d0907045ee33c5b61d62d71d6c9f/1200x900,2026-09-22T05:51:16Z
Mitsubishi,Outlander,Mitsubishi Outlander III Рестайлинг 2,https://auto.ru/cars/used/sale/mitsubishi/outlander/1128327564-fd5ac11c/,1949000,Омск,2017,,5,112000,2,Не требует ремонта,Дубликат,Instyle,"бензин, 2.0 CVT (146 л.с.) 4WD",вариатор,полный,Левый,Внедорожник 5 дв.,коричневый,https://avatars.avto.ru/get-autoru-vos/18536126/b6458843ea86e1475ec880b2e423c0fa/1200x900,2026-09-22T05:51:16Z
Toyota,Wish,Toyota Wish II Рестайлинг,https://auto.ru/cars/used/sale/toyota/wish/1133044962-44963890/,1249000,Омск,2012,,6,152000,3,Не требует ремонта,Оригинал,,"бензин, 1.8 CVT (130 л.с.) 4WD",вариатор,полный,Правый,Минивэн,чёрный,https://avatars.avto.ru/get-autoru-vos/18536126/d0997e139ba235460f12bfc3fc31b3fa/1200x900,2026-09-22T05:51:16Z
Nissan,Terrano,Nissan Terrano III (D10),https://auto.ru/cars/used/sale/nissan/terrano/1132484986-a6ab691e/,1499000,Омск,2018,,5,89000,1,Не требует ремонта,Оригинал,Elegance,"бензин, 2.0 AT (143 л.с.) 4WD",автоматическая,полный,Левый,Внедорожник 5 дв.,серебристый,https://avatars.avto.ru/get-autoru-vos/17637180/8aa96bb839c52646c95eb40f3c27c35e/1200x900,2026-09-22T05:51:16Z
Honda,CR-V,Honda CR-V II,https://auto.ru/cars/used/sale/honda/cr_v/1131948257-dedcf48c/,799000,Омск,2004,,5,404000,3,Не требует ремонта,Оригинал,,"бензин, 2.0 AT (150 л.с.) 4WD",автоматическая,полный,Левый,Внедорожник 5 дв.,коричневый,https://avatars.avto.ru/get-autoru-vos/17909659/b6950f4ccbd93b1953ee5357c6578e53/1200x900,2026-09-22T05:51:16Z
Honda,Freed,Honda Freed Spike I Рестайлинг,https://auto.ru/cars/used/sale/honda/freed/1134030831-3f33ed9b/,1069000,Омск,2012,,5,218000,1,Не требует ремонта,Оригинал,,"бензин, Spike 1.5 CVT (118 л.с.)",вариатор,передний,Правый,Компактвэн Spike,серебристый,https://avatars.avto.ru/get-autoru-vos/2154899/dd92c2cbc6e33628a88c4e5eacc28aaf/1200x900,2026-09-22T05:51:16Z
Toyota,Ractis,Toyota Ractis II,https://auto.ru/cars/used/sale/toyota/ractis/1133951022-cb37de58/,999000,Омск,2015,,5,87870,1,Не требует ремонта,Оригинал,,"бензин, 1.5 CVT (109 л.с.)",вариатор,передний,Правый,Хэтчбек 5 дв.,белый,https://avatars.avto.ru/get-autoru-vos/20132077/4cf558684724931093a1ab17022b8dc7/1200x900,2026-09-22T05:51:16Z
Ford,Galaxy,Ford Galaxy II,https://auto.ru/cars/used/sale/ford/galaxy/1133697301-45b01e91/,1009000,Омск,2007,,7,223000,2,Не требует ремонта,Оригинал,,"бензин, 2.0 MT (145 л.с.)",механическая,передний,Левый,Минивэн,серебристый,https://photo.auto.ru/photo/get-autoru-vos/17394937/1vLgTkMG76wFODURHCXO8FajyUiTsydW1lrK4KhlRaV1udmD35XTJTWYwxdrIhBkOHrEQC3idlKqlY--n7GzcJ9KHr-_GufHP_D_KlF1_HPwySv5GtgE4VGLm1sawxAqiXquME2zBZKkFlezdGPbhTnNSvggoJExHzX_b16hk3IkvR8/1200x900,2026-09-22T05:51:16Z
Hyundai,Santa Fe,Hyundai Santa Fe II,https://auto.ru/cars/used/sale/hyundai/santa_fe/1134116791-3a89cf06/,1099000,Омск,2008,,5,103000,4,Не требует ремонта,Дубликат,,"бензин, 2.7 AT (189 л.с.) 4WD",автоматическая,полный,Левый,Внедорожник 5 дв.,чёрный,https://avatars.avto.ru/get-autoru-vos/20263483/c0789c87e88a9ebffbd5010239e7bf25/1200x900,2026-09-22T05:51:16Z
Audi,Q3,Audi Q3 I (8U),https://auto.ru/cars/used/sale/audi/q3/1134231642-bd77c878/,1449000,Омск,2013,,5,273000,3,Не требует ремонта,Дубликат,,"бензин, 2.0 AMT (170 л.с.) 4WD",робот,полный,Левый,Внедорожник 5 дв.,коричневый,https://avatars.avto.ru/get-autoru-vos/17833152/1b06a4a5b987969ec182def9d7c7f883/1200x900,2026-09-22T05:51:16Z
Lada (ВАЗ),Largus,Lada (ВАЗ) Largus I Рестайлинг,https://auto.ru/cars/used/sale/vaz/largus/1132146977-2d45beac/,1549000,Омск,2024,,5,100,1,Не требует ремонта,Оригинал,Comfort 5 мест (2021-2022),"бензин, 1.6 MT (106 л.с.)",механическая,передний,Левый,Универсал 5 дв.,белый,https://avatars.avto.ru/get-autoru-vos/15041766/37cfb0b1683c304fb4b44d56598be206/1200x900,2026-09-22T05:51:16Z
Hyundai,Tucson,Hyundai Tucson I,https://auto.ru/cars/used/sale/hyundai/tucson/1125610895-7fd673a0/,849000,Омск,2005,,5,195000,3,Не требует ремонта,Дубликат,,"бензин, 2.7 AT (173 л.с.) 4WD",автоматическая,полный,Левый,Внедорожник 5 дв.,голубой,https://avatars.avto.ru/get-autoru-vos/15548469/d434e9210f2dddd4ef07bcd6750dc4cd/1200x900,2026-09-22T05:51:16Z
Nissan,X-Trail,Nissan X-Trail II Рестайлинг,https://auto.ru/cars/used/sale/nissan/x_trail/1134094276-c1df98fc/,1499000,Омск,2012,,5,263304,3,Не требует ремонта,Оригинал,,"бензин, 2.0 CVT (141 л.с.) 4WD",вариатор,полный,Левый,Внедорожник 5 дв.,серый,https://avatars.avto.ru/get-autoru-vos/20104625/7ca7ceced786e3b375177936f1f9abeb/1200x900,2026-09-22T05:51:19Z
Hyundai,Tucson,Hyundai Tucson I,https://auto.ru/cars/used/sale/hyundai/tucson/1134154545-28f1aa09/,899000,Омск,2008,,5,212700,4,Не требует ремонта,Дубликат,,"бензин, 2.0 MT (141 л.с.)",механическая,передний,Левый,Внедорожник 5 дв.,серый,https://avatars.avto.ru/get-autoru-vos/19297093/7eddbd7e3d823d3b9fbb473b54423546/1200x900,2026-09-22T05:51:19Z
Mitsubishi,Outlander,Mitsubishi Outlander II,https://auto.ru/cars/used/sale/mitsubishi/outlander/1134154546-bf821651/,1099000,Омск,2007,,5,223500,4,Не требует ремонта,Дубликат,,"бензин, 3.0 AT (220 л.с.) 4WD",автоматическая,полный,Левый,Внедорожник 5 дв.,чёрный,https://avatars.avto.ru/get-autoru-vos/20341802/0781c3d032535e3aa4dbd2e3ae6bfd88/1200x900,2026-09-22T05:51:19Z
BMW,X1,BMW X1 18i I (E84),https://auto.ru/cars/used/sale/bmw/x1/1134126726-3e4b7877/,1099000,Омск,2012,,5,200000,4,Не требует ремонта,Дубликат,,"бензин, 18i 2.0 AT (150 л.с.)",автоматическая,задний,Левый,Внедорожник 5 дв.,белый,https://avatars.avto.ru/get-autoru-vos/20315033/b0c0c9376aac5bbfaa9805f823499466/1200x900,2026-09-22T05:51:19Z
Lexus,RX,Lexus RX 350 III,https://auto.ru/cars/used/sale/lexus/rx/1133484889-9b5611a6/,2099000,Омск,2010,,5,194000,4,Не требует ремонта,Дубликат,Executive,"бензин, 350 3.5 AT (277 л.с.) 4WD",автоматическая,полный,Левый,Внедорожник 5 дв.,белый,https://avatars.avto.ru/get-autoru-vos/16308788/2e8ab150de9284f9c637dff8fdfc896d/1200x900,2026-09-22T05:51:19Z
Chevrolet,Niva,Chevrolet Niva I Рестайлинг,https://auto.ru/cars/used/sale/chevrolet/niva/1134138618-79914fdd/,599000,Омск,2016,,5,220000,2,Не требует ремонта,Оригинал,,"бензин, 1.7 MT (80 л.с.) 4WD",механическая,полный,Левый,Внедорожник 5 дв.,серый,https://avatars.avto.ru/get-autoru-vos/17712067/daf7c42736a01499bd1b302cc28f87a7/1200x900,2026-09-22T05:51:19Z
Toyota,Passo,Toyota Passo III Рестайлинг,https://auto.ru/cars/used/sale/toyota/passo/1134030835-dc8281a5/,1029000,Омск,2019,,5,74000,1,Не требует ремонта,Оригинал,,"бензин, 1.0 CVT (69 л.с.)",вариатор,передний,Правый,Хэтчбек 5 дв.,красный,https://avatars.avto.ru/get-autoru-vos/15041766/938b93019cd8a11b5675558cf3293739/1200x900,2026-09-22T05:51:19Z
Nissan,Qashqai,Nissan Qashqai I Рестайлинг,https://auto.ru/cars/used/sale/nissan/qashqai/1133496278-09367336/,999000,Омск,2011,,5,225000,2,Не требует ремонта,Оригинал,XE,"бензин, 1.6 MT (114 л.с.)",механическая,передний,Левый,Внедорожник 5 дв.,синий,https://avatars.avto.ru/get-autoru-vos/20740510/d9859062312960d6729f9d913dfb17f1/1200x900,2026-09-22T05:51:19Z
Hyundai,i40,Hyundai i40 I,https://auto.ru/cars/used/sale/hyundai/i40/1134222560-4ba29506/,1199000,Омск,2013,,5,165300,3,Не требует ремонта,Дубликат,,"бензин, 2.0 AT (150 л.с.)",автоматическая,передний,Левый,Седан,серебристый,https://avatars.avto.ru/get-autoru-vos/20331633/a12ba0a0dc56778cce090046f5f3ab55/1200x900,2026-09-22T05:51:19Z
Kia,K5,Kia K5 III,https://auto.ru/cars/used/sale/kia/k5/1133865977-d34646a9/,2999000,Омск,2022,,5,17300,1,Не требует ремонта,Оригинал,,"бензин, 2.0 AT (150 л.с.)",автоматическая,передний,Левый,Седан,чёрный,https://avatars.avto.ru/get-autoru-vos/13922065/771a7e7190e640c50c285a0238e7e29b/1200x900,2026-09-22T05:51:19Z
Chevrolet,Niva,Chevrolet Niva I Рестайлинг,https://auto.ru/cars/used/sale/chevrolet/niva/1132258715-30dc57c1/,499000,Омск,2012,,5,125000,2,Не требует ремонта,Оригинал,GL,"бензин, 1.7 MT (80 л.с.) 4WD",механическая,полный,Левый,Внедорожник 5 дв.,серебристый,https://avatars.avto.ru/get-autoru-vos/17926310/a2ff8f6a39ff1c9a359bc99fa8450fd5/1200x900,2026-09-22T05:51:19Z
Mazda,6,Mazda 6 I (GG) Рестайлинг,https://auto.ru/cars/used/sale/mazda/6/1133839910-1cf70392/,569000,Омск,2007,,5,300000,4,Не требует ремонта,Дубликат,,"бензин, 2.0 AT (147 л.с.)",автоматическая,передний,Левый,Седан,зелёный,https://photo.auto.ru/photo/get-autoru-vos/20845579/h7m41yQmI7EAm9EV97KFN3AHaEa_DhtPDA4ObToVsCWOiWBzErHbysnlQR9h_meoTrpx3hE-SpInp6cd1i1MgiBvyZudWbUzApx2ue5Nsx8AW_YjffTsDO0OgU1nAAxmemp709gDrY46dJifDiCOCW86Yc_vR2KllpOBGX7GjYhoN6M/1200x900,2026-09-22T05:51:19Z
SsangYong,Actyon Sports,SsangYong Actyon Sports I,https://auto.ru/cars/used/sale/ssang_yong/actyon_sport/1134209769-1d995ea0/,689000,Омск,2010,,5,261900,4,Не требует ремонта,Оригинал,,"дизель, 2.0d AT (141 л.с.) 4WD",автоматическая,полный,Левый,Пикап Двойная кабина,чёрный,https://avatars.avto.ru/get-autoru-vos/20272960/8e27c56eb5a2028985a5b958b65d76b6/1200x900,2026-09-22T05:51:19Z
Chevrolet,Niva,Chevrolet Niva I Рестайлинг,https://auto.ru/cars/used/sale/chevrolet/niva/1132328539-314efefb/,489000,Омск,2013,,5,155500,2,Не требует ремонта,Оригинал,GL,"бензин, 1.7 MT (80 л.с.) 4WD",механическая,полный,Левый,Внедорожник 5 дв.,зелёный,https://avatars.avto.ru/get-autoru-vos/16277572/8619357e749915bb7d388ee4c00d5ae8/1200x900,2026-09-22T05:51:19Z
Infiniti,FX,Infiniti FX35 I (S50) Рестайлинг,https://auto.ru/cars/used/sale/infiniti/fx/1134050794-75ad9032/,1199000,Омск,2008,,5,281000,4,Не требует ремонта,Дубликат,,"бензин, FX35 3.5 AT (280 л.с.) 4WD",автоматическая,полный,Левый,Внедорожник 5 дв.,чёрный,https://avatars.avto.ru/get-autoru-vos/17394937/9c3d543722d308105a77e6c720cf0a0c/1200x900,2026-09-22T05:51:19Z
Renault,Logan,Renault Logan I,https://auto.ru/cars/used/sale/renault/logan/1133795266-f7f68af1/,169000,Омск,2006,,5,307000,4,Не требует ремонта,Дубликат,,"бензин, 1.6 MT (87 л.с.)",механическая,передний,Левый,Седан,синий,https://avatars.avto.ru/get-autoru-vos/15496515/22044da01f57bad84680aae756a5fd03/1200x900,2026-09-22T05:51:19Z
Subaru,Impreza,Subaru Impreza II Рестайлинг 2,https://auto.ru/cars/used/sale/subaru/impreza/1134222561-c5a7f5ed/,629000,Омск,2006,,5,250000,3,Не требует ремонта,Оригинал,,"бензин, 1.5 AT (100 л.с.) 4WD",автоматическая,полный,Правый,Седан,серебристый,https://avatars.avto.ru/get-autoru-vos/19793268/b9dbfcea25e957549b2b145742fd34a8/1200x900,2026-09-22T05:51:19Z
Chevrolet,Niva,Chevrolet Niva I Рестайлинг,https://auto.ru/cars/used/sale/chevrolet/niva/1133709163-3f91c713/,539000,Омск,2011,,5,160500,4,Не требует ремонта,Оригинал,,"бензин, 1.7 MT (80 л.с.) 4WD",механическая,полный,Левый,Внедорожник 5 дв.,чёрный,https://avatars.avto.ru/get-autoru-vos/2166991/cb991ac28cc0f8406eed2c9230cc1f8b/1200x900,2026-09-22T05:51:19Z
Toyota,RAV4,Toyota RAV4 IV (XA40) Рестайлинг,https://auto.ru/cars/used/sale/toyota/rav_4/1131112239-4b0487b2/,2259000,Омск,2018,,5,240000,2,Не требует ремонта,Оригинал,Комфорт,"бензин, 2.0 CVT (146 л.с.)",вариатор,передний,Левый,Внедорожник 5 дв.,коричневый,https://avatars.avto.ru/get-autoru-vos/20341802/7300c8ba2180211373b1bdb94deb40bb/1200x900,2026-09-22T05:51:19Z
Chevrolet,Niva,Chevrolet Niva I,https://auto.ru/cars/used/sale/chevrolet/niva/1131719823-5c859f3c/,269000,Омск,2008,,5,160000,4,Не требует ремонта,Дубликат,GLC,"бензин, 1.7 MT (80 л.с.) 4WD",механическая,полный,Левый,Внедорожник 5 дв.,зелёный,https://avatars.avto.ru/get-autoru-vos/2165826/302f9d2718362b903fea28984dc8b25c/1200x900,2026-09-22T05:51:19Z
Toyota,Esquire,Toyota Esquire I Рестайлинг,https://auto.ru/cars/used/sale/toyota/esquire/1133865978-e32807b6/,2509000,Омск,2019,,8,122000,1,Не требует ремонта,Оригинал,,"гибрид, 1.8hyb CVT (99 л.с.)",вариатор,передний,Правый,Минивэн,белый,https://avatars.avto.ru/get-autoru-vos/16673081/2c88e480636325ededfc6805f7cddf26/1200x900,2026-09-22T05:51:19Z
Honda,CR-V,Honda CR-V III Рестайлинг,https://auto.ru/cars/used/sale/honda/cr_v/1132337912-8a04f703/,1699000,Омск,2011,,5,132200,2,Не требует ремонта,Оригинал,Elegance,"бензин, 2.0 AT (150 л.с.) 4WD",автоматическая,полный,Левый,Внедорожник 5 дв.,чёрный,https://avatars.avto.ru/get-autoru-vos/18141476/cafba422e0bc44c12a09c22ee2d2d062/1200x900,2026-09-22T05:51:19Z
Honda,Freed,Honda Freed I Рестайлинг,https://auto.ru/cars/used/sale/honda/freed/1133609499-cdd89bf4/,1299000,Омск,2014,,6,102000,1,Не требует ремонта,Оригинал,,"бензин, 1.5 CVT (118 л.с.)",вариатор,передний,Правый,Компактвэн,белый,https://avatars.avto.ru/get-autoru-vos/17945344/712ef855d742ef8a57c279f908dfed4a/1200x900,2026-09-22T05:51:19Z
Toyota,Raize,Toyota Raize I,https://auto.ru/cars/used/sale/toyota/raize/1133977465-dcc0aec8/,1859000,Омск,2020,,5,50000,2,Не требует ремонта,Оригинал,,"бензин, 1.0 CVT (98 л.с.)",вариатор,передний,Правый,Внедорожник 5 дв.,белый,https://avatars.avto.ru/get-autoru-vos/19873021/4a070ee24a84bed46b64218acbd598e2/1200x900,2026-09-22T05:51:19Z
Kia,Sportage,Kia Sportage III,https://auto.ru/cars/used/sale/kia/sportage/1134209768-6da88936/,1309000,Омск,2013,,5,183000,3,Не требует ремонта,Дубликат,,"бензин, 2.0 AT (150 л.с.) 4WD",автоматическая,полный,Левый,Внедорожник 5 дв.,оранжевый,https://avatars.avto.ru/get-autoru-vos/17969032/d2ee4010164d10672e50146dcf65ef27/1200x900,2026-09-22T05:51:19Z
Mitsubishi,Outlander,Mitsubishi Outlander II,https://auto.ru/cars/used/sale/mitsubishi/outlander/1133567648-ab2e708f/,1199000,Омск,2007,,5,191000,4,Не требует ремонта,Дубликат,Intense,"бензин, 2.4 CVT (170 л.с.) 4WD",вариатор,полный,Левый,Внедорожник 5 дв.,чёрный,https://avatars.avto.ru/get-autoru-vos/15041766/0dae394b4baa6503c21ffcfa893fa1f0/1200x900,2026-09-22T05:51:19Z
Nissan,Qashqai,Nissan Qashqai I Рестайлинг,https://auto.ru/cars/used/sale/nissan/qashqai/1134136764-7561224c/,1159000,Омск,2012,,5,170200,4,Не требует ремонта,Дубликат,,"бензин, 1.6 CVT (117 л.с.)",вариатор,передний,Левый,Внедорожник 5 дв.,фиолетовый,https://avatars.avto.ru/get-autoru-vos/20358835/57c95389d08c9db3f94fcc0ffc855a98/1200x900,2026-09-22T05:51:19Z
Toyota,RAV4,Toyota RAV4 III (XA30),https://auto.ru/cars/used/sale/toyota/rav_4/1133234692-e4df2c6d/,1359000,Омск,2009,,5,233000,2,Не требует ремонта,Оригинал,Луна+,"бензин, 2.0 AT (152 л.с.) 4WD",автоматическая,полный,Левый,Внедорожник 5 дв.,золотистый,https://avatars.avto.ru/get-autoru-vos/18986119/4f899fb5e6fa4b4bdd3d8751fe3732a4/1200x900,2026-09-22T05:51:19Z
Haval,M6,Haval M6 II,https://auto.ru/cars/used/sale/haval/m6/1134126728-5b080920/,1999000,Омск,2024,,5,43453,2,Не требует ремонта,Оригинал,,"бензин, 1.5 AMT (143 л.с.)",робот,передний,Левый,Внедорожник 5 дв.,серебристый,https://avatars.avto.ru/get-autoru-vos/20009446/8621b3f8cc368f243d6de76d5bf5df2a/1200x900,2026-09-22T05:51:19Z
Nissan,Qashqai,Nissan Qashqai I,https://auto.ru/cars/used/sale/nissan/qashqai/1133839908-9876ba2e/,799000,Омск,2007,,5,250000,3,Не требует ремонта,Дубликат,,"бензин, 2.0 CVT (141 л.с.)",вариатор,передний,Левый,Внедорожник 5 дв.,красный,https://photo.auto.ru/photo/get-autoru-vos/6376310/qPOXRMGyCF_mpY0c8EyJNJuPwyonjQpwTFXiugcSjswXBuRPKEgt4fDFd686GAwp9K8H4pFEDBxPDpfKT7jzuYgU7Sk-6-kdP7CSJ6e0u_G-p_HCghYFl48_V8SftSLmDoG3AL7r1LwCIOTjavphvpOlsbpSmuMPPcgfv9zz6eCcOJc/1200x900,2026-09-22T05:51:19Z
Hyundai,Creta,Hyundai Creta I,https://auto.ru/cars/used/sale/hyundai/creta/1133852453-ff7f6c96/,1789000,Омск,2019,,5,38242,2,Не требует ремонта,Оригинал,,"бензин, 1.6 MT (123 л.с.)",механическая,передний,Левый,Внедорожник 5 дв.,серебристый,https://avatars.avto.ru/get-autoru-vos/15049662/ae02a5b3bbdf555cbd54d00f5cc3e322/1200x900,2026-09-22T05:51:19Z
Subaru,Outback,Subaru Outback IV Рестайлинг,https://auto.ru/cars/used/sale/subaru/outback/1132549363-1f6b000e/,1999000,Омск,2014,,5,79000,2,Не требует ремонта,Оригинал,Deep Chery Edition,"бензин, 2.5 CVT (167 л.с.) 4WD",вариатор,полный,Левый,Универсал 5 дв.,синий,https://avatars.avto.ru/get-autoru-vos/17993102/01bcab5f608b1802a1855f04cd270de0/1200x900,2026-09-22T05:51:19Z
Kia,Carnival,Kia Carnival IV,https://auto.ru/cars/used/sale/kia/carnival/1134050792-47da7394/,4369000,Омск,2021,,7,67000,1,Не требует ремонта,Оригинал,,"дизель, 2.2d AT (202 л.с.)",автоматическая,передний,Левый,Минивэн,белый,https://avatars.avto.ru/get-autoru-vos/17636325/2efca640c24c70362ae354d6891dad02/1200x900,2026-09-22T05:51:19Z
Kia,Soul,Kia Soul II Рестайлинг,https://auto.ru/cars/used/sale/kia/soul/1133992247-73a68728/,1599000,Омск,2018,,5,151000,2,Не требует ремонта,Оригинал,,"бензин, 2.0 AT (150 л.с.)",автоматическая,передний,Левый,Хэтчбек 5 дв.,белый,https://avatars.avto.ru/get-autoru-vos/20444157/793bb8471e312814e0b04dd515fe505a/1200x900,2026-09-22T05:51:19Z
Mitsubishi,Outlander,Mitsubishi Outlander II Рестайлинг,https://auto.ru/cars/used/sale/mitsubishi/outlander/1132986888-9f0143a7/,1249000,Омск,2011,,5,177000,4,Не требует ремонта,Дубликат,Instyle,"бензин, 2.4 CVT (170 л.с.) 4WD",вариатор,полный,Левый,Внедорожник 5 дв.,синий,https://avatars.avto.ru/get-autoru-vos/17720009/550bfb4b08cc22a517a129c79fb0d369/1200x900,2026-09-22T05:51:19Z
Toyota,RAV4,Toyota RAV4 III (XA30),https://auto.ru/cars/used/sale/toyota/rav_4/1133495430-c3b5737f/,999000,Омск,2006,,5,309000,4,Не требует ремонта,Дубликат,Луна+,"бензин, 2.0 AT (152 л.с.) 4WD",автоматическая,полный,Левый,Внедорожник 5 дв.,чёрный,https://avatars.avto.ru/get-autoru-vos/17636325/f1ee8f9cbdd1703f1fbf641ca3c83da9/1200x900,2026-09-22T05:51:19Z
Nissan,Juke,Nissan Juke I Рестайлинг,https://auto.ru/cars/used/sale/nissan/juke/1134030834-f31dd84c/,1519000,Омск,2014,,5,59000,2,Не требует ремонта,Оригинал,,"бензин, 1.6 CVT (117 л.с.)",вариатор,передний,Левый,Внедорожник 5 дв.,красный,https://avatars.avto.ru/get-autoru-vos/17690098/f3127f83628d922493f6beb06195c5ea/1200x900,2026-09-22T05:51:19Z
Mitsubishi,Pajero,Mitsubishi Pajero IV,https://auto.ru/cars/used/sale/mitsubishi/pajero/1133783127-7a9e33ad/,1709000,Омск,2009,,5,234670,4,Не требует ремонта,Оригинал,,"бензин, 3.0 AT (178 л.с.) 4WD",автоматическая,полный,Левый,Внедорожник 5 дв.,белый,https://avatars.avto.ru/get-autoru-vos/2185781/6a00aab2dded7490069bb74ff279e14d/1200x900,2026-09-22T05:51:22Z
Opel,Mokka,Opel Mokka I,https://auto.ru/cars/used/sale/opel/mokka/1134104602-b68d5110/,1199000,Омск,2013,,5,131910,2,Не требует ремонта,Оригинал,,"бензин, 1.8 AT (140 л.с.) 4WD",автоматическая,полный,Левый,Внедорожник 5 дв.,синий,https://photo.auto.ru/photo/get-autoru-vos/19063053/MC4Z_J7DeR6RIhMyNmAvP5d85qZCyTwCP2EFqZ0ulNKGRPVVMzJpGIE9bhospbTqqURxgb8blX9MPmqAAvu21WyTVYk8dxPQ-l0CyTP5f-kbFQR5tMhqEkmh75T_HgeqUW3-fRuc88HEO0gen1S373WtPNpGXfbwyxRpr57xI7Bktoc/1200x900,2026-09-22T05:51:22Z
Kia,Optima,Kia Optima IV,https://auto.ru/cars/used/sale/kia/optima/1127451093-c03b56d7/,2099000,Омск,2018,,5,87000,2,Не требует ремонта,Дубликат,GT Line,"бензин, 2.4 AT (188 л.с.)",автоматическая,передний,Левый,Седан,белый,https://avatars.avto.ru/get-autoru-vos/17640555/599068b8f0db977750b45425bc32ef85/1200x900,2026-09-22T05:51:22Z
Honda,Freed,Honda Freed I Рестайлинг,https://auto.ru/cars/used/sale/honda/freed/1132991221-4d58ec83/,1159000,Омск,2012,,6,146000,1,Не требует ремонта,Оригинал,,"гибрид, 1.5hyb CVT (88 л.с.)",вариатор,передний,Правый,Компактвэн,серебристый,https://avatars.avto.ru/get-autoru-vos/19785726/fa4c19e273d4517ecc372bf044f99288/1200x900,2026-09-22T05:51:22Z
Honda,CR-V,Honda CR-V III Рестайлинг,https://auto.ru/cars/used/sale/honda/cr_v/1133344250-7700d7da/,1369000,Омск,2011,,5,307000,2,Не требует ремонта,Оригинал,Executive,"бензин, 2.4 AT (166 л.с.) 4WD",автоматическая,полный,Левый,Внедорожник 5 дв.,коричневый,https://avatars.avto.ru/get-autoru-vos/20849947/82ee74510b71f2106a8640b88db4ced0/1200x900,2026-09-22T05:51:22Z
Toyota,Premio,Toyota Premio I (T24),https://auto.ru/cars/used/sale/toyota/premio/1133795261-0d267a2b/,659000,Омск,2003,,5,520000,4,Не требует ремонта,Дубликат,,"бензин, 1.8 AT (132 л.с.)",автоматическая,передний,Правый,Седан,белый,https://avatars.avto.ru/get-autoru-vos/19682479/480388c7b715950e24a0286e6936bcfe/1200x900,2026-09-22T05:51:22Z
Chevrolet,Niva,Chevrolet Niva I Рестайлинг,https://auto.ru/cars/used/sale/chevrolet/niva/1133169742-3a7996af/,459000,Омск,2014,,5,187200,1,Не требует ремонта,Оригинал,LC,"бензин, 1.7 MT (80 л.с.) 4WD",механическая,полный,Левый,Внедорожник 5 дв.,серебристый,https://avatars.avto.ru/get-autoru-vos/20200701/b3cb9187c61a0dca9ebef81c8aee2672/1200x900,2026-09-22T05:51:22Z
Geely,Emgrand X7,Geely Emgrand X7 I,https://auto.ru/cars/used/sale/geely/emgrand_x7/1133102934-7f92891e/,619000,Омск,2014,,5,316000,1,Не требует ремонта,Оригинал,Comfort,"бензин, 2.0 MT (139 л.с.)",механическая,передний,Левый,Внедорожник 5 дв.,чёрный,https://avatars.avto.ru/get-autoru-vos/19793268/3baa1b44a4dd39cf5da47ddfffc35e43/1200x900,2026-09-22T05:51:22Z
Mitsubishi,Outlander,Mitsubishi Outlander II,https://auto.ru/cars/used/sale/mitsubishi/outlander/1134205684-f450ae70/,1109000,Омск,2007,,5,276000,4,Не требует ремонта,Дубликат,,"бензин, 3.0 AT (220 л.с.) 4WD",автоматическая,полный,Левый,Внедорожник 5 дв.,серебристый,https://avatars.avto.ru/get-autoru-vos/21151957/1b836f6f336a69afa7e0842fdfb5ff21/1200x900,2026-09-22T05:51:22Z
Toyota,Avensis,Toyota Avensis II Рестайлинг,https://auto.ru/cars/used/sale/toyota/avensis/1133765357-b555ae34/,959000,Омск,2008,,5,247000,4,Не требует ремонта,Дубликат,,"бензин, 1.8 AT (129 л.с.)",автоматическая,передний,Левый,Седан,серебристый,https://avatars.avto.ru/get-autoru-vos/20671634/c93d027c60d7c40426a5572c599cab71/1200x900,2026-09-22T05:51:22Z
Kia,Sorento,Kia Sorento IV,https://auto.ru/cars/used/sale/kia/sorento/1134094278-62ccb165/,3549000,Омск,2021,,5,87000,2,Не требует ремонта,Оригинал,,"бензин, 2.5 AT (179 л.с.) 4WD",автоматическая,полный,Левый,Внедорожник 5 дв.,коричневый,https://avatars.avto.ru/get-autoru-vos/20036242/72865e26f6bd40759e39d87c4f1f2dd6/1200x900,2026-09-22T05:51:22Z
Nissan,X-Trail,Nissan X-Trail III Рестайлинг,https://auto.ru/cars/used/sale/nissan/x_trail/1133282299-cef5e2a3/,2299000,Омск,2020,,5,77096,1,Не требует ремонта,Оригинал,SE+ N-Design,"бензин, 2.0 CVT (144 л.с.) 4WD",вариатор,полный,Левый,Внедорожник 5 дв.,белый,https://avatars.avto.ru/get-autoru-vos/20138408/c6c46214f5ed737815c2adc3c94cdeab/1200x900,2026-09-22T05:51:22Z
Chevrolet,Niva,Chevrolet Niva I Рестайлинг,https://auto.ru/cars/used/sale/chevrolet/niva/1132931000-fe6fb15a/,699000,Омск,2017,,5,155000,3,Не требует ремонта,Оригинал,LC,"бензин, 1.7 MT (80 л.с.) 4WD",механическая,полный,Левый,Внедорожник 5 дв.,серебристый,https://photo.auto.ru/photo/get-autoru-vos/16446884/DNZ_-eNrQIEI7ATbXt_a7CfV-rX0jZCF74DpkTzKgCLLnv6FrN6uPeTz5Axe-QISdq9VcqtOyB6mI9u1LrKMwvzzJZAMZTee_AnXIIgU5X7yFSpHhzielZ-PB9owezvc_DHHltf5O5mmBA-q9OeU353Jo-IziLf_kilxBPyU-iiW38w/1200x900,2026-09-22T05:51:22Z
Toyota,RAV4,Toyota RAV4 III (XA30) Рестайлинг,https://auto.ru/cars/used/sale/toyota/rav_4/1133300000-ad5ada57/,1529000,Омск,2012,,5,273000,3,Не требует ремонта,Оригинал,,"бензин, 2.0 CVT (148 л.с.) 4WD",вариатор,полный,Левый,Внедорожник 5 дв.,серый,https://photo.auto.ru/photo/get-autoru-vos/20022717/k4wQGfcvMd3SgyDfzDxzG34Clpol3Xrz3urBVfw3yCIIrBdR3jXel7MMOBZ72U_5cjn5VaigU9KFDK9i5iavj3uVrxoC2t1nMuXcDzLMWKfmyQ984kYbp8lD087BwTrdworPJlYBpTk9H9qQCnHM-PTlpd4VCOod0kqNBY4RQWZopBQ/1200x900,2026-09-22T05:51:22Z
Hyundai,Tucson,Hyundai Tucson III Рестайлинг,https://auto.ru/cars/used/sale/hyundai/tucson/1133527343-20ac7f89/,2649000,Омск,2020,,5,92000,2,Не требует ремонта,Оригинал,High-Tech,"бензин, 2.0 AT (150 л.с.) 4WD",автоматическая,полный,Левый,Внедорожник 5 дв.,красный,https://avatars.avto.ru/get-autoru-vos/17668497/571da7ca8f68f31b5491341d17af8602/1200x900,2026-09-22T05:51:22Z
Mazda,CX-5,Mazda CX-5 I,https://auto.ru/cars/used/sale/mazda/cx_5/1133682826-29272a5e/,2049000,Омск,2014,,5,158000,3,Не требует ремонта,Оригинал,,"бензин, 2.5 AT (192 л.с.) 4WD",автоматическая,полный,Левый,Внедорожник 5 дв.,серебристый,https://avatars.avto.ru/get-autoru-vos/20997557/c3ad04e1e4d577808dfb0f6f6dca7777/1200x900,2026-09-22T05:51:22Z
Kia,Sorento,Kia Sorento II Рестайлинг,https://auto.ru/cars/used/sale/kia/sorento/1133920078-c7bb4b4d/,2209000,Омск,2016,,5,72440,1,Не требует ремонта,Оригинал,,"бензин, 2.4 AT (175 л.с.) 4WD",автоматическая,полный,Левый,Внедорожник 5 дв.,чёрный,https://avatars.avto.ru/get-autoru-vos/2141620/7224e47685056d29a73f033c2168c240/1200x900,2026-09-22T05:51:22Z
Kia,Seltos,Kia Seltos I,https://auto.ru/cars/used/sale/kia/seltos/1134050795-361aecba/,2599000,Омск,2020,,5,64000,1,Не требует ремонта,Оригинал,,"бензин, 1.6 AMT (177 л.с.) 4WD",робот,полный,Левый,Внедорожник 5 дв.,синий,https://avatars.avto.ru/get-autoru-vos/4470305/3f16037a36d1c7f5fcb59aa0256373ec/1200x900,2026-09-22T05:51:22Z
Nissan,Terrano,Nissan Terrano III (D10),https://auto.ru/cars/used/sale/nissan/terrano/1133181186-35c9a92f/,1759000,Омск,2020,,5,45600,2,Не требует ремонта,Оригинал,Comfort,"бензин, 1.6 MT (114 л.с.)",механическая,передний,Левый,Внедорожник 5 дв.,чёрный,https://avatars.avto.ru/get-autoru-vos/20180167/008a38ab527e29af9483e8dbc724eadc/1200x900,2026-09-22T05:51:22Z
BMW,X5,BMW X5 35d II (E70),https://auto.ru/cars/used/sale/bmw/x5/1134209765-43604a13/,1859000,Омск,2008,,5,320000,4,Не требует ремонта,Дубликат,,"дизель, 35d 3.0d AT (286 л.с.) 4WD",автоматическая,полный,Левый,Внедорожник 5 дв.,серый,https://avatars.avto.ru/get-autoru-vos/17713999/82712588fe1743ee7afd0b93a187fd74/1200x900,2026-09-22T05:51:22Z
Exeed,RX,Exeed RX,https://auto.ru/cars/used/sale/exeed/rx/1130996893-77936cf2/,3649000,Омск,2023,,5,9705,1,Не требует ремонта,Оригинал,Platinum,"бензин, 2.0 AMT (249 л.с.) 4WD",робот,полный,Левый,Внедорожник 5 дв.,серебристый,https://avatars.avto.ru/get-autoru-vos/18536126/4612ceabfec8b3bf8d5011f09464111a/1200x900,2026-09-22T05:51:22Z
Nissan,Terrano,Nissan Terrano III (D10),https://auto.ru/cars/used/sale/nissan/terrano/1131801115-f7a0715c/,1579000,Омск,2018,,5,92000,1,Не требует ремонта,Оригинал,Elegance,"бензин, 2.0 AT (143 л.с.) 4WD",автоматическая,полный,Левый,Внедорожник 5 дв.,серый,https://avatars.avto.ru/get-autoru-vos/19873021/4a81c9c81e5355446bad3be116062a12/1200x900,2026-09-22T05:51:22Z
Subaru,Forester,Subaru Forester III,https://auto.ru/cars/used/sale/subaru/forester/1126079079-cba74e58/,1029000,Омск,2009,,5,277000,1,Не требует ремонта,Оригинал,2.0XS (2H),"бензин, 2.0 AT (150 л.с.) 4WD",автоматическая,полный,Левый,Внедорожник 5 дв.,серый,https://avatars.avto.ru/get-autoru-vos/16838867/cb8e5131a45ec53f4c8b8dc9922b77a8/1200x900,2026-09-22T05:51:22Z
Hyundai,Santa Fe,Hyundai Santa Fe IV,https://auto.ru/cars/used/sale/hyundai/santa_fe/1133752008-d660c70b/,2699000,Омск,2018,,5,92000,1,Не требует ремонта,Оригинал,,"бензин, 2.4 AT (188 л.с.) 4WD",автоматическая,полный,Левый,Внедорожник 5 дв.,серебристый,https://photo.auto.ru/photo/get-autoru-vos/4383405/FWensOdMZbU9ocQBzLRPYhWjcxv1yFgX2-Jx_XwX7vW77hSNCK322gKTQ2vIefx0FwMK3UnHw9_CNahmDPFmLj3t4t1vajVk21IJccqQSZZK05Az2hFCa658flmnFiLCmEPMdJXOpiR9bDYE8tM3w5l95vyg6fcg24E8G0oOopc6_i4/1200x900,2026-09-22T05:51:22Z
Ravon,R4,Ravon R4,https://auto.ru/cars/used/sale/ravon/r4/1132770141-e5a097a8/,699000,Омск,2017,,5,122000,4,Не требует ремонта,Оригинал,Optimum,"бензин, 1.5 AT (106 л.с.)",автоматическая,передний,Левый,Седан,белый,https://avatars.avto.ru/get-autoru-vos/17640555/e45567a0dc1ed1bdf7c4f8b3a1b30477/1200x900,2026-09-22T05:51:22Z
Volkswagen,Multivan,Volkswagen Multivan T5,https://auto.ru/cars/used/sale/volkswagen/multivan/1133723691-262a8ff9/,1599000,Омск,2004,,5,273119,4,Не требует ремонта,Дубликат,,"дизель, 2.5d AT (174 л.с.)",автоматическая,передний,Левый,Минивэн,серебристый,https://avatars.avto.ru/get-autoru-vos/17841911/a1c5ef668c337261fdd0a66fb7e78379/1200x900,2026-09-22T05:51:22Z
Toyota,RAV4,Toyota RAV4 IV (XA40),https://auto.ru/cars/used/sale/toyota/rav_4/1132530362-00193c5f/,2229000,Омск,2013,,5,118500,2,Не требует ремонта,Оригинал,Комфорт Плюс,"бензин, 2.0 CVT (146 л.с.)",вариатор,передний,Левый,Внедорожник 5 дв.,белый,https://avatars.avto.ru/get-autoru-vos/17831387/de12ade3beea148dec54159255a4c828/1200x900,2026-09-22T05:51:22Z
Renault,Kaptur,Renault Kaptur I Рестайлинг,https://auto.ru/cars/used/sale/renault/kaptur/1133016451-5ac0e808/,2099000,Омск,2021,,5,37000,1,Не требует ремонта,Оригинал,Life,"бензин, 1.6 CVT (114 л.с.)",вариатор,передний,Левый,Внедорожник 5 дв.,серебристый,https://avatars.avto.ru/get-autoru-vos/17913096/22e5ece7fee354cd159689215705c5c8/1200x900,2026-09-22T05:51:22Z
Nissan,Wingroad,Nissan Wingroad III (Y12),https://auto.ru/cars/used/sale/nissan/wingroad/1134154544-b04ca721/,649000,Омск,2007,,5,266600,4,Не требует ремонта,Оригинал,,"бензин, 1.5 AT (109 л.с.)",автоматическая,передний,Правый,Универсал 5 дв.,серебристый,https://avatars.avto.ru/get-autoru-vos/19700919/4bad1eeac15973bd2b37069beae2d04d/1200x900,2026-09-22T05:51:22Z
Honda,Accord,Honda Accord VIII,https://auto.ru/cars/used/sale/honda/accord/1133044964-eb2911a9/,1149000,Омск,2008,,5,385000,4,Не требует ремонта,Дубликат,Executive,"бензин, 2.4 AT (201 л.с.)",автоматическая,передний,Левый,Седан,чёрный,https://avatars.avto.ru/get-autoru-vos/20446679/48f177b5483de900378d4fab6bd64a84/1200x900,2026-09-22T05:51:22Z
SsangYong,Actyon,SsangYong Actyon II,https://auto.ru/cars/used/sale/ssang_yong/actyon/1133920082-f79b4056/,1489000,Омск,2013,,5,113000,3,Не требует ремонта,Оригинал,,"бензин, 2.0 AT (149 л.с.) 4WD",автоматическая,полный,Левый,Внедорожник 5 дв.,чёрный,https://avatars.avto.ru/get-autoru-vos/6209275/7fb78bd38254ab70ff222d16a68eca53/1200x900,2026-09-22T05:51:22Z
Hyundai,i40,Hyundai i40 I,https://auto.ru/cars/used/sale/hyundai/i40/1134038036-54e864a2/,959000,Омск,2013,,5,205500,4,Не требует ремонта,Дубликат,,"бензин, 2.0 AT (150 л.с.)",автоматическая,передний,Левый,Седан,белый,https://avatars.avto.ru/get-autoru-vos/2154786/9fa4c587c26f7a24c1dfce5e8bf9cbdc/1200x900,2026-09-22T05:51:22Z
Nissan,X-Trail,Nissan X-Trail III,https://auto.ru/cars/used/sale/nissan/x_trail/1133520302-c7850c34/,1969000,Омск,2017,,5,125500,4,Не требует ремонта,Оригинал,SE Яндекс.Авто,"бензин, 2.0 CVT (144 л.с.) 4WD",вариатор,полный,Левый,Внедорожник 5 дв.,чёрный,https://photo.auto.ru/photo/get-autoru-vos/19785726/4kAfgXlFxb8ToXfjZJS4bIxbNtvSsnLfHy8lVJUXMhJBeOFfNLnZsB1M842PjVAm3XgrnXUvmiAl9P2YodxoX238IabtsGq96J5Pdq4MLEypUz2T0eUjNdzv-3aD11gXs8wcrHc4f_YJ914SV5UIOaD3w3NUNZAAL14j4vRAYK3hxNc/1200x900,2026-09-22T05:51:22Z
Toyota,Camry,Toyota Camry VIII (XV70) Рестайлинг,https://auto.ru/cars/used/sale/toyota/camry/1130200272-0c50f0d6/,2769000,Омск,2021,,5,54000,2,Не требует ремонта,Оригинал,GR Sport,"бензин, 2.5 AT (200 л.с.)",автоматическая,передний,Левый,Седан,белый,https://avatars.avto.ru/get-autoru-vos/18141476/15a93a3e543e4f8281d8b701eb410f5d/1200x900,2026-09-22T05:51:22Z
Datsun,on-DO,Datsun on-DO I,https://auto.ru/cars/used/sale/datsun/on_do/1133783125-e64cd707/,509000,Омск,2017,,5,88000,2,Не требует ремонта,Оригинал,,"бензин, 1.6 MT (106 л.с.)",механическая,передний,Левый,Седан,чёрный,https://avatars.avto.ru/get-autoru-vos/16966486/a47fbf3645352938e02e18ba7a95822f/1200x900,2026-09-22T05:51:22Z
Chevrolet,Niva,Chevrolet Niva I,https://auto.ru/cars/used/sale/chevrolet/niva/1132741112-2757aba1/,429000,Омск,2007,,5,172300,4,Не требует ремонта,Дубликат,GLC,"бензин, 1.7 MT (80 л.с.) 4WD",механическая,полный,Левый,Внедорожник 5 дв.,серый,https://avatars.avto.ru/get-autoru-vos/18008089/8b1aae5d683f7f921a1b2cf7b47a554e/1200x900,2026-09-22T05:51:22Z
Kia,Sportage,Kia Sportage III,https://auto.ru/cars/used/sale/kia/sportage/1133691651-7b1d3925/,1359000,Омск,2013,,5,92000,4,Не требует ремонта,Дубликат,,"бензин, 2.0 AT (163 л.с.) 4WD",автоматическая,полный,Левый,Внедорожник 5 дв.,красный,https://avatars.avto.ru/get-autoru-vos/16976316/bbb052ff179e30ed3177367a193b25b5/1200x900,2026-09-22T05:51:22Z
Nissan,Qashqai,Nissan Qashqai I Рестайлинг,https://auto.ru/cars/used/sale/nissan/qashqai/1134228355-c41909ae/,1249000,Омск,2013,,5,216000,2,Не требует ремонта,Оригинал,,"бензин, 1.6 CVT (117 л.с.)",вариатор,передний,Левый,Внедорожник 5 дв.,фиолетовый,https://avatars.avto.ru/get-autoru-vos/20394542/d6c9f98ecb36338bcbd61c0404bc2fe7/1200x900,2026-09-22T05:51:25Z
Nissan,Juke,Nissan Juke I,https://auto.ru/cars/used/sale/nissan/juke/1133942735-dbf0a3f2/,1299000,Омск,2011,,5,193300,3,Не требует ремонта,Оригинал,,"бензин, 1.6 CVT (117 л.с.)",вариатор,передний,Левый,Внедорожник 5 дв.,красный,https://avatars.avto.ru/get-autoru-vos/2144487/07e32bd195f519695745f53213499a58/1200x900,2026-09-22T05:51:25Z
Toyota,Corolla,"Toyota Corolla IX (E120, E130) Рестайлинг",https://auto.ru/cars/used/sale/toyota/corolla/1133865982-198bb75f/,599000,Омск,2006,,5,233000,4,Не требует ремонта,Дубликат,,"бензин, 1.5 AT (110 л.с.) 4WD",автоматическая,полный,Правый,Седан,белый,https://avatars.avto.ru/get-autoru-vos/17714294/46d1f8c1ac9e15e413c1736f825a1125/1200x900,2026-09-22T05:51:25Z
Nissan,Qashqai,Nissan Qashqai I,https://auto.ru/cars/used/sale/nissan/qashqai/1132352240-80a3134a/,899000,Омск,2007,,5,282400,4,Не требует ремонта,Дубликат,LE,"бензин, 2.0 CVT (141 л.с.) 4WD",вариатор,полный,Левый,Внедорожник 5 дв.,серый,https://avatars.avto.ru/get-autoru-vos/2057171/ae5dad6f6597c35223e1aeba7a12f2db/1200x900,2026-09-22T05:51:25Z
Nissan,Almera Classic,Nissan Almera Classic I,https://auto.ru/cars/used/sale/nissan/almera_classic/1133470163-52233a31/,529000,Омск,2006,,5,189000,4,Не требует ремонта,Дубликат,,"бензин, 1.6 AT (107 л.с.)",автоматическая,передний,Левый,Седан,зелёный,https://avatars.avto.ru/get-autoru-vos/20444157/0197326249834790dee8da95e642dff0/1200x900,2026-09-22T05:51:25Z
Volkswagen,Tiguan,Volkswagen Tiguan I Рестайлинг,https://auto.ru/cars/used/sale/volkswagen/tiguan/1134125567-e910aa29/,1729000,Омск,2013,,5,157100,1,Не требует ремонта,Оригинал,,"бензин, 2.0 AT (170 л.с.) 4WD",автоматическая,полный,Левый,Внедорожник 5 дв.,серый,https://avatars.avto.ru/get-autoru-vos/18017415/0ec6e6b9822e6b19640f8742a30c65f1/1200x900,2026-09-22T05:51:25Z
Honda,HR-V,Honda HR-V II,https://auto.ru/cars/used/sale/honda/hr_v/1132481352-7b6f0668/,2099000,Омск,2018,,5,56829,1,Не требует ремонта,Оригинал,,"бензин, 1.5 CVT (130 л.с.)",вариатор,передний,Левый,Внедорожник 5 дв.,чёрный,https://avatars.avto.ru/get-autoru-vos/19682479/dea96f264c6594c5235835abfda9be76/1200x900,2026-09-22T05:51:25Z
Hyundai,Creta,Hyundai Creta I Рестайлинг,https://auto.ru/cars/used/sale/hyundai/creta/1132598496-ce51d431/,1949000,Омск,2020,,5,92000,1,Не требует ремонта,Оригинал,"Специальная серия ""БИ2""","бензин, 2.0 AT (149 л.с.) 4WD",автоматическая,полный,Левый,Внедорожник 5 дв.,белый,https://avatars.avto.ru/get-autoru-vos/18129838/11d7c8aa27ccb721402d9d470592bbd3/1200x900,2026-09-22T05:51:25Z
Toyota,RAV4,Toyota RAV4 III (XA30) Рестайлинг,https://auto.ru/cars/used/sale/toyota/rav_4/1133682824-df8fc4ee/,1509000,Омск,2012,,5,138000,4,Не требует ремонта,Оригинал,,"бензин, 2.0 CVT (148 л.с.) 4WD",вариатор,полный,Левый,Внедорожник 5 дв.,серебристый,https://avatars.avto.ru/get-autoru-vos/20785675/440768bffe82d66e5320e1316c8c5fd1/1200x900,2026-09-22T05:51:25Z
Mazda,6,Mazda 6 I (GG) Рестайлинг,https://auto.ru/cars/used/sale/mazda/6/1133352583-4e9d05ac/,429000,Омск,2007,,5,237100,4,Не требует ремонта,Дубликат,,"бензин, 2.0 MT (147 л.с.)",механическая,передний,Левый,Универсал 5 дв.,серый,https://avatars.avto.ru/get-autoru-vos/20330248/b08a131477438f611a3a2324f451747e/1200x900,2026-09-22T05:51:25Z
Nissan,Qashqai,Nissan Qashqai I Рестайлинг,https://auto.ru/cars/used/sale/nissan/qashqai/1133452801-86814b36/,1199000,Омск,2012,,5,139000,4,Не требует ремонта,Оригинал,XE,"бензин, 1.6 CVT (117 л.с.)",вариатор,передний,Левый,Внедорожник 5 дв.,белый,https://photo.auto.ru/photo/get-autoru-vos/20363536/W-undf535rixxOspE-5-OTY8324DCWlMtmCinfEYm2SNEzgmcP8Lci1uouQgeHfK2FxS2mq5ahhEyK1FFWCszZG-JceufzuLqVsq_S1nNNwE6i883MMw8NWwEb4cQVuKscFwn0e5W8QJbZmjJqlf-ZOTXiN-MTyDEAHz4e3NocrvsQ/1200x900,2026-09-22T05:51:25Z
Nissan,X-Trail,Nissan X-Trail II,https://auto.ru/cars/used/sale/nissan/x_trail/1134017750-5186cf62/,999000,Омск,2008,,5,278000,4,Не требует ремонта,Дубликат,,"бензин, 2.0 CVT (141 л.с.) 4WD",вариатор,полный,Левый,Внедорожник 5 дв.,серебристый,https://avatars.avto.ru/get-autoru-vos/20263483/b403d0bf90e5d45e53dc6ccd6ed38926/1200x900,2026-09-22T05:51:25Z
Haval,H9,Haval H9 I Рестайлинг,https://auto.ru/cars/used/sale/haval/h9/1133640495-dd6c13d8/,2809000,Омск,2019,,7,109800,2,Не требует ремонта,Оригинал,Comfort,"бензин, 2.0 AT (245 л.с.) 4WD",автоматическая,полный,Левый,Внедорожник 5 дв.,белый,https://avatars.avto.ru/get-autoru-vos/21167286/eee89ffdf05d04eaecb224830e4e6cd2/1200x900,2026-09-22T05:51:25Z
Chevrolet,Niva,Chevrolet Niva I Рестайлинг,https://auto.ru/cars/used/sale/chevrolet/niva/1133207227-928f8ee9/,499000,Омск,2011,,5,146000,4,Не требует ремонта,Дубликат,LC,"бензин, 1.7 MT (80 л.с.) 4WD",механическая,полный,Левый,Внедорожник 5 дв.,серый,https://avatars.avto.ru/get-autoru-vos/20446679/e9bd2ecaf6b9881356a540c0d3bfb692/1200x900,2026-09-22T05:51:25Z
Volkswagen,Tiguan,Volkswagen Tiguan II,https://auto.ru/cars/used/sale/volkswagen/tiguan/1134104601-d32c9015/,2799000,Омск,2020,,5,78500,2,Не требует ремонта,Оригинал,,"бензин, 1.4 AMT (150 л.с.) 4WD",робот,полный,Левый,Внедорожник 5 дв.,белый,https://photo.auto.ru/photo/get-autoru-vos/16673081/IHQXitbVoWIxQDGcPJJRuG8IJfbCyvWe7aCeknX9CtrDnQ--ebv6BvscqZr9ZciMHzHAR5o3bcFAlLAaAHINck_jpKbqpNtka4kSY8vwKQaE1c2Gl5-qkY5Wr1hs3VWj5nK9jATSJ1Hi1nDRbfX1BkIkIZRUBld7HLUx3NOqHDtavw/1200x900,2026-09-22T05:51:25Z
Toyota,Corona,Toyota Corona Premio X (T210),https://auto.ru/cars/used/sale/toyota/corona/1133977462-299731f5/,449000,Омск,2001,,5,422000,4,Не требует ремонта,Оригинал,,"бензин, Premio 1.8 AT (115 л.с.)",автоматическая,передний,Правый,Седан Premio,серебристый,https://avatars.avto.ru/get-autoru-vos/2180327/0a8555ab5faa71bdc706eb95fc47fb76/1200x900,2026-09-22T05:51:25Z
Nissan,Juke,Nissan Juke I,https://auto.ru/cars/used/sale/nissan/juke/1134038034-34462e26/,1219000,Омск,2014,,5,198000,4,Не требует ремонта,Дубликат,,"бензин, 1.6 CVT (117 л.с.)",вариатор,передний,Левый,Внедорожник 5 дв.,белый,https://avatars.avto.ru/get-autoru-vos/19634380/95affda080195f4f931b82242e211dbe/1200x900,2026-09-22T05:51:25Z
Subaru,Forester,Subaru Forester IV Рестайлинг,https://auto.ru/cars/used/sale/subaru/forester/1134081115-1232acf6/,2499000,Омск,2016,,5,49000,1,Не требует ремонта,Оригинал,,"бензин, 2.0 CVT (150 л.с.) 4WD",вариатор,полный,Правый,Внедорожник 5 дв.,синий,https://avatars.avto.ru/get-autoru-vos/21167286/47e21e02cd6c992c547bd2ba06b97f07/1200x900,2026-09-22T05:51:25Z
SsangYong,Actyon,SsangYong Actyon II Рестайлинг,https://auto.ru/cars/used/sale/ssang_yong/actyon/1134118315-a7ad4f3f/,1149000,Омск,2013,,5,84600,1,Не требует ремонта,Оригинал,,"бензин, 2.0 AT (149 л.с.) 4WD",автоматическая,полный,Левый,Внедорожник 5 дв.,синий,https://avatars.avto.ru/get-autoru-vos/18986119/deed0ac0629dca54364e2dae34010bef/1200x900,2026-09-22T05:51:25Z
Nissan,Qashqai,Nissan Qashqai I,https://auto.ru/cars/used/sale/nissan/qashqai/1134017753-a8936d2c/,999000,Омск,2008,,5,250000,3,Не требует ремонта,Дубликат,,"бензин, 2.0 CVT (141 л.с.)",вариатор,передний,Левый,Внедорожник 5 дв.,серый,https://avatars.avto.ru/get-autoru-vos/4332304/067573a751946a09e491452e23fb380f/1200x900,2026-09-22T05:51:25Z
BMW,2 серии Active Tourer,BMW 2 серии Active Tourer 218i F45,https://auto.ru/cars/used/sale/bmw/2activetourer/1131718466-84ae7323/,1489000,Омск,2016,,5,104000,1,Не требует ремонта,Оригинал,218i Advantage,"бензин, 218i 1.5 AT (136 л.с.)",автоматическая,передний,Правый,Компактвэн,белый,https://avatars.avto.ru/get-autoru-vos/17831387/adaf258f1e6fa50e92c845b17a2d3f1e/1200x900,2026-09-22T05:51:25Z
Honda,Accord,Honda Accord VII,https://auto.ru/cars/used/sale/honda/accord/1128826729-32f153ea/,699000,Омск,2003,,5,118000,4,Не требует ремонта,Дубликат,,"бензин, 2.4 AT (200 л.с.)",автоматическая,передний,Правый,Универсал 5 дв.,чёрный,https://avatars.avto.ru/get-autoru-vos/20054636/367dec8811f42af84395818239fb45ec/1200x900,2026-09-22T05:51:25Z
Nissan,Qashqai,Nissan Qashqai I,https://auto.ru/cars/used/sale/nissan/qashqai/1134167100-1869afa4/,849000,Омск,2007,,5,237000,4,Не требует ремонта,Дубликат,,"бензин, 2.0 CVT (141 л.с.)",вариатор,передний,Левый,Внедорожник 5 дв.,красный,https://photo.auto.ru/photo/get-autoru-vos/20390804/QI0jqh_Q6Z-_RbWF619fkQdvSfonyzRJGPcedQoraqq_KbpTjTHKeTy-loANx4kiO_AVOOoaldzgQedBd1fkl_OhkBHzXvbmsBQcJ6-yfdH4GJDWN81c0MGq8B88mXBg_2eSFWAjR55zdD2UWvMNQF8uXcuAD1rUL8ptHMt6vnm7Vg/1200x900,2026-09-22T05:51:25Z
Haval,F7x,Haval F7x I,https://auto.ru/cars/used/sale/haval/f7x/1133992248-0bc48336/,1909000,Омск,2021,,5,108000,4,Не требует ремонта,Оригинал,,"бензин, 2.0 AMT (190 л.с.) 4WD",робот,полный,Левый,Внедорожник 5 дв.,серебристый,https://avatars.avto.ru/get-autoru-vos/20265681/a0319bcce35f93fc4657c17e88137a88/1200x900,2026-09-22T05:51:25Z
Skoda,Yeti,Skoda Yeti I,https://auto.ru/cars/used/sale/skoda/yeti/1132582396-063d89c8/,969000,Омск,2013,,5,92000,4,Не требует ремонта,Оригинал,Active,"бензин, 1.2 AMT (105 л.с.)",робот,передний,Левый,Внедорожник 5 дв.,синий,https://avatars.avto.ru/get-autoru-vos/17489926/c1f73a85591cc2394452cbef3dac475c/1200x900,2026-09-22T05:51:25Z
Hyundai,Creta,Hyundai Creta I,https://auto.ru/cars/used/sale/hyundai/creta/1133507670-298d04da/,1799000,Омск,2018,,5,57000,1,Не требует ремонта,Оригинал,Travel + Advanced 2019,"бензин, 2.0 AT (150 л.с.) 4WD",автоматическая,полный,Левый,Внедорожник 5 дв.,белый,https://avatars.avto.ru/get-autoru-vos/16673081/307e9e363c26ea85c73faf6007d703e0/1200x900,2026-09-22T05:51:25Z
Kia,Sportage,Kia Sportage III,https://auto.ru/cars/used/sale/kia/sportage/1134216742-43eabf6c/,1509000,Омск,2013,,5,148000,2,Не требует ремонта,Дубликат,,"бензин, 2.0 AT (150 л.с.)",автоматическая,передний,Левый,Внедорожник 5 дв.,серебристый,https://avatars.avto.ru/get-autoru-vos/16277572/c18e21a0bf51e2335d638a709549ee79/1200x900,2026-09-22T05:51:25Z
Nissan,Qashqai,Nissan Qashqai I Рестайлинг,https://auto.ru/cars/used/sale/nissan/qashqai/1133172661-b873d667/,1159000,Омск,2010,,5,181900,3,Не требует ремонта,Дубликат,XE,"бензин, 2.0 CVT (141 л.с.)",вариатор,передний,Левый,Внедорожник 5 дв.,серебристый,https://avatars.avto.ru/get-autoru-vos/17410390/1e6dd630620fab5f0c9adc5b6b344041/1200x900,2026-09-22T05:51:25Z
Toyota,Aqua,Toyota Aqua I Рестайлинг 2,https://auto.ru/cars/used/sale/toyota/aqua/1132726892-f939d06a/,1129000,Омск,2018,,5,102000,3,Не требует ремонта,Оригинал,,"гибрид, 1.5hyb CVT (74 л.с.)",вариатор,передний,Правый,Хэтчбек 5 дв.,серебристый,https://avatars.avto.ru/get-autoru-vos/20263483/a64fe94232b97c5f8661bcb80df47217/1200x900,2026-09-22T05:51:25Z
Subaru,Levorg,Subaru Levorg I,https://auto.ru/cars/used/sale/subaru/levorg/1134116790-74816ae5/,1599000,Омск,2014,,5,155000,2,Не требует ремонта,Оригинал,,"бензин, 1.6 CVT (170 л.с.) 4WD",вариатор,полный,Правый,Универсал 5 дв.,чёрный,https://avatars.avto.ru/get-autoru-vos/15416179/e49b30239ae47adddfc6fe4ea369230d/1200x900,2026-09-22T05:51:25Z
Honda,Stream,Honda Stream II Рестайлинг,https://auto.ru/cars/used/sale/honda/stream/1133941623-823bfd3e/,1269000,Омск,2010,,7,102000,1,Не требует ремонта,Оригинал,,"бензин, 1.8 AT (140 л.с.)",автоматическая,передний,Правый,Компактвэн,белый,https://avatars.avto.ru/get-autoru-vos/2176395/5e9494401255980857be2fbb1cedb9a8/1200x900,2026-09-22T05:51:25Z
Exeed,LX,Exeed LX I Рестайлинг,https://auto.ru/cars/used/sale/exeed/lx/1133568270-15bf1ccc/,2449000,Омск,2022,,5,53000,1,Не требует ремонта,Оригинал,Premium Plus,"бензин, 1.6 AMT (150 л.с.) 4WD",робот,полный,Левый,Внедорожник 5 дв.,синий,https://avatars.avto.ru/get-autoru-vos/20134224/a43ea6f313ac97f5192c1778f6b6229b/1200x900,2026-09-22T05:51:25Z
Kia,Ceed,Kia Ceed I,https://auto.ru/cars/used/sale/kia/ceed/1133668840-9b7b9c06/,899000,Омск,2009,,5,236000,2,Не требует ремонта,Оригинал,,"бензин, 1.6 AT (122 л.с.)",автоматическая,передний,Левый,Универсал 5 дв.,синий,https://avatars.avto.ru/get-autoru-vos/18046040/fe0752f8b927404b5674a80f2ebb2ffc/1200x900,2026-09-22T05:51:25Z
Volkswagen,Touareg,Volkswagen Touareg I Рестайлинг,https://auto.ru/cars/used/sale/volkswagen/touareg/1134067283-916cec6b/,1099000,Омск,2008,,5,209000,4,Не требует ремонта,Дубликат,,"бензин, 3.6 AT (280 л.с.) 4WD",автоматическая,полный,Левый,Внедорожник 5 дв.,серый,https://avatars.avto.ru/get-autoru-vos/17933380/6e3efca02e86cda1280c1f4ff219500f/1200x900,2026-09-22T05:51:25Z
Nissan,Qashqai,Nissan Qashqai I Рестайлинг,https://auto.ru/cars/used/sale/nissan/qashqai/1134229416-daa4d3d7/,1279000,Омск,2012,,5,172000,4,Не требует ремонта,Дубликат,,"бензин, 1.6 CVT (117 л.с.)",вариатор,передний,Левый,Внедорожник 5 дв.,серый,https://avatars.avto.ru/get-autoru-vos/19785726/547f945827f27ae9da0a18d99fceeac7/1200x900,2026-09-22T05:51:25Z
Kia,Sportage,Kia Sportage III,https://auto.ru/cars/used/sale/kia/sportage/1134216740-099c29c6/,1359000,Омск,2011,,5,229000,3,Не требует ремонта,Дубликат,,"бензин, 2.0 AT (150 л.с.)",автоматическая,передний,Левый,Внедорожник 5 дв.,оранжевый,https://avatars.avto.ru/get-autoru-vos/18139133/f8e0c9492b1c6e9a1e1e06e0b9a3373c/1200x900,2026-09-22T05:51:25Z
Toyota,Passo,Toyota Passo III,https://auto.ru/cars/used/sale/toyota/passo/1133960348-480a043c/,1049000,Омск,2017,,5,193000,1,Не требует ремонта,Оригинал,,"бензин, 1.0 CVT (69 л.с.)",вариатор,передний,Правый,Хэтчбек 5 дв.,белый,https://avatars.avto.ru/get-autoru-vos/17674678/0c550867c368f352e7ab1973f32f0b09/1200x900,2026-09-22T05:51:25Z
Toyota,Caldina,Toyota Caldina III,https://auto.ru/cars/used/sale/toyota/caldina/1133510253-3fe7e547/,699000,Омск,2004,,5,189000,3,Не требует ремонта,Оригинал,,"бензин, 1.8 AT (132 л.с.)",автоматическая,передний,Правый,Универсал 5 дв.,серебристый,https://avatars.avto.ru/get-autoru-vos/18129838/71955bcc3b0b7c39d94e667e29107157/1200x900,2026-09-22T05:51:28Z
Ford,Mondeo,Ford Mondeo IV Рестайлинг,https://auto.ru/cars/used/sale/ford/mondeo/1133749099-c064b16f/,699000,Омск,2010,,5,230000,4,Не требует ремонта,Оригинал,,"бензин, 2.0 MT (145 л.с.)",механическая,передний,Левый,Седан,синий,https://avatars.avto.ru/get-autoru-vos/5207325/782e1b6a951b8c9353ac62819eaae797/1200x900,2026-09-22T05:51:28Z
Hyundai,Creta,Hyundai Creta I,https://auto.ru/cars/used/sale/hyundai/creta/1133795264-1e1f97ec/,2079000,Омск,2020,,5,87000,1,Не требует ремонта,Оригинал,,"бензин, 1.6 AT (123 л.с.)",автоматическая,передний,Левый,Внедорожник 5 дв.,серебристый,https://avatars.avto.ru/get-autoru-vos/2094527/7920303c491441d39cb485fd6f54ae22/1200x900,2026-09-22T05:51:28Z
Nissan,Terrano,Nissan Terrano III (D10),https://auto.ru/cars/used/sale/nissan/terrano/1133541211-d2303fa7/,1149000,Омск,2014,,5,214500,4,Не требует ремонта,Дубликат,,"бензин, 2.0 AT (135 л.с.)",автоматическая,передний,Левый,Внедорожник 5 дв.,чёрный,https://photo.auto.ru/photo/get-autoru-vos/17673331/T8-QEwt0dTRGeG45Ftim_yMlC4QJoQkum9sTBukHfyb8oosZ9KDd4LDuSMxGw1ZZJEp2BGWfmC-r2n3ZpqxMsKTGAr_QmJd58jecZQd8BDXgQM_udruWUgzyHFJN1SyXReZFwcN1Jxp-YNkvxLsW8PCPIwWCMe0BTC5kJYpZPHE63g/1200x900,2026-09-22T05:51:28Z
Toyota,Corolla,"Toyota Corolla X (E140, E150)",https://auto.ru/cars/used/sale/toyota/corolla/1134067285-da345cc8/,669000,Омск,2008,,5,230250,1,Не требует ремонта,Дубликат,,"бензин, 1.6 MT (124 л.с.)",механическая,передний,Левый,Седан,чёрный,https://avatars.avto.ru/get-autoru-vos/21116822/d40c56f6dd92de5ba0cc8ca5bc6b3f53/1200x900,2026-09-22T05:51:28Z
Kia,Sorento,Kia Sorento III Prime Рестайлинг,https://auto.ru/cars/used/sale/kia/sorento/1133433888-d17bd909/,3099000,Омск,2018,,5,162000,1,Не требует ремонта,Оригинал,Comfort,"бензин, 2.4 AT (188 л.с.) 4WD",автоматическая,полный,Левый,Внедорожник 5 дв.,коричневый,https://avatars.avto.ru/get-autoru-vos/18141476/316df9da721d8784c022ba30e5188f38/1200x900,2026-09-22T05:51:28Z
Daihatsu,Rocky,Daihatsu Rocky A200,https://auto.ru/cars/used/sale/daihatsu/rocky/1133880520-53ea0ac9/,1599000,Омск,2020,,5,128600,1,Не требует ремонта,Оригинал,,"бензин, 1.0 CVT (98 л.с.) 4WD",вариатор,полный,Правый,Внедорожник 5 дв.,красный,https://avatars.avto.ru/get-autoru-vos/14637477/111e1c28b33a001a538cf7e961648884/1200x900,2026-09-22T05:51:28Z
Honda,Freed,Honda Freed I,https://auto.ru/cars/used/sale/honda/freed/1124571886-1312c2b9/,1099000,Омск,2009,,5,127000,1,Не требует ремонта,Оригинал,,"бензин, 1.5 CVT (118 л.с.)",вариатор,передний,Правый,Компактвэн,белый,https://avatars.avto.ru/get-autoru-vos/20141841/f5c6739b3d1500ca0e7b406bf5eee5d1/1200x900,2026-09-22T05:51:28Z
Hyundai,ix35,Hyundai ix35 I Рестайлинг,https://auto.ru/cars/used/sale/hyundai/ix35/1134079287-c717ca60/,1689000,Омск,2014,,5,134757,4,Не требует ремонта,Дубликат,,"бензин, 2.0 AT (150 л.с.) 4WD",автоматическая,полный,Левый,Внедорожник 5 дв.,красный,https://avatars.avto.ru/get-autoru-vos/17637180/7c4b921874da7db30b5d7d3a6155abce/1200x900,2026-09-22T05:51:28Z
Hyundai,Tucson,Hyundai Tucson III Рестайлинг,https://auto.ru/cars/used/sale/hyundai/tucson/1133697302-2af0c262/,2749000,Омск,2019,,5,92400,1,Не требует ремонта,Оригинал,,"бензин, 2.0 AT (150 л.с.) 4WD",автоматическая,полный,Левый,Внедорожник 5 дв.,белый,https://photo.auto.ru/photo/get-autoru-vos/2073783/crwsMu3oYLGATsCl_7CUEeALzykmQyP3qSjDZmPvcm_ZakXhaFcyysZMsWyu0XNC1AoyxFPManZ2M6I_w0SFMJt_r5O-pQakE00vDkzxepq_stYShRaV7My1gRHFm2CXs8gDmgbvpae2zTwawaff_6uPuZHYlMXeY_NhGvQ8THDtHA/1200x900,2026-09-22T05:51:28Z
Lada (ВАЗ),Granta,Lada (ВАЗ) Granta I,https://auto.ru/cars/used/sale/vaz/granta/1133907365-0c8df10a/,349000,Омск,2012,,5,200000,4,Не требует ремонта,Дубликат,,"бензин, 1.6 AT (98 л.с.)",автоматическая,передний,Левый,Седан,фиолетовый,https://avatars.avto.ru/get-autoru-vos/2155467/b1b34d7a6536667a72f292cd4d8e0188/1200x900,2026-09-22T05:51:28Z
Lifan,X60,Lifan X60 I Рестайлинг,https://auto.ru/cars/used/sale/lifan/x60/1133839905-4b498bf3/,589000,Омск,2016,,5,189000,1,Не требует ремонта,Оригинал,,"бензин, 1.8 CVT (128 л.с.)",вариатор,передний,Левый,Внедорожник 5 дв.,коричневый,https://photo.auto.ru/photo/get-autoru-vos/21116822/ch_UIWzufZPcGOeLRzXGjcX9tyBSjPVoy0fQp2t3IDl0bhLXNlMO4vwyOFT7XZeBGHzsvPJ2Gi-JqTvfVtj6nGJwJdLSgyS4sfkFQ2WI9TJOuUMNvO01i3ES0sEKsmCb7Hs8aogrphPVCB-34HFszbKnytF2KGUtuGtdYZ7rcEduyQ/1200x900,2026-09-22T05:51:28Z
Hyundai,Getz,Hyundai Getz I Рестайлинг,https://auto.ru/cars/used/sale/hyundai/getz/1132691781-a1cf6b7f/,579000,Омск,2007,,5,199600,4,Не требует ремонта,Дубликат,GLS,"бензин, 1.6 AT (105 л.с.)",автоматическая,передний,Левый,Хэтчбек 5 дв.,зелёный,https://avatars.avto.ru/get-autoru-vos/20016218/18ea022003a3f06bc0ffb14fd966a185/1200x900,2026-09-22T05:51:28Z
Mitsubishi,Pajero,Mitsubishi Pajero III Рестайлинг,https://auto.ru/cars/used/sale/mitsubishi/pajero/1132652874-17494a6e/,1219000,Омск,2006,,5,121000,4,Не требует ремонта,Оригинал,,"дизель, 3.2d MT (160 л.с.) 4WD",механическая,полный,Левый,Внедорожник 3 дв.,серый,https://avatars.avto.ru/get-autoru-vos/17673331/e1b4aee3a7927cd3ebd8bbebdcd111da/1200x900,2026-09-22T05:51:28Z
Nissan,Qashqai,Nissan Qashqai II,https://auto.ru/cars/used/sale/nissan/qashqai/1134216746-26cd4adb/,1609000,Омск,2016,,5,156000,4,Не требует ремонта,Дубликат,,"бензин, 2.0 CVT (144 л.с.) 4WD",вариатор,полный,Левый,Внедорожник 5 дв.,красный,https://avatars.avto.ru/get-autoru-vos/17757189/4a8a3aba93e9854aab6c0f3f65520386/1200x900,2026-09-22T05:51:28Z
Honda,Stream,Honda Stream I,https://auto.ru/cars/used/sale/honda/stream/1133812437-e97a5eb7/,399000,Омск,2002,,7,324000,4,Не требует ремонта,Оригинал,,"бензин, 1.7 AT (130 л.с.)",автоматическая,передний,Правый,Компактвэн,белый,https://avatars.avto.ru/get-autoru-vos/16569097/fa76df4fee9edd04419e1a5ed3b985ae/1200x900,2026-09-22T05:51:28Z
Honda,HR-V,Honda HR-V I,https://auto.ru/cars/used/sale/honda/hr_v/1131965177-fd749c6f/,359000,Омск,1998,,4,182000,4,Не требует ремонта,Дубликат,,"бензин, 1.6 CVT (105 л.с.)",вариатор,передний,Правый,Внедорожник 3 дв.,белый,https://avatars.avto.ru/get-autoru-vos/17841911/fdae7a5010bebc2c0b7a7a882fd0bba0/1200x900,2026-09-22T05:51:28Z
Lada (ВАЗ),2104,Lada (ВАЗ) 2104,https://auto.ru/cars/used/sale/vaz/2104/1133385174-49357a7c/,249000,Омск,2007,,5,100000,4,Не требует ремонта,Оригинал,,"бензин, 1.6 MT (74 л.с.)",механическая,задний,Левый,Универсал 5 дв.,белый,https://avatars.avto.ru/get-autoru-vos/20140694/35d0bd6953871fef94cc2aa79c3c9437/1200x900,2026-09-22T05:51:28Z
Nissan,Terrano,Nissan Terrano III (D10),https://auto.ru/cars/used/sale/nissan/terrano/1133795263-75b146f8/,1729000,Омск,2020,,5,87000,1,Не требует ремонта,Оригинал,,"бензин, 2.0 AT (143 л.с.) 4WD",автоматическая,полный,Левый,Внедорожник 5 дв.,коричневый,https://avatars.avto.ru/get-autoru-vos/20181844/6ad6ec7177d98f3acf11c5eb34b6b948/1200x900,2026-09-22T05:51:28Z
Mazda,CX-5,Mazda CX-5 II,https://auto.ru/cars/used/sale/mazda/cx_5/1134228356-3ec8fc70/,2869000,Омск,2021,,5,49000,1,Не требует ремонта,Оригинал,,"бензин, 2.0 AT (155 л.с.)",автоматическая,передний,Левый,Внедорожник 5 дв.,белый,https://avatars.avto.ru/get-autoru-vos/14855693/07bfe298472a646051a5ca737598cd25/1200x900,2026-09-22T05:51:28Z
Nissan,Juke,Nissan Juke I,https://auto.ru/cars/used/sale/nissan/juke/1133993363-549640f8/,1299000,Омск,2013,,5,177000,4,Не требует ремонта,Дубликат,,"бензин, 1.6 CVT (117 л.с.)",вариатор,передний,Левый,Внедорожник 5 дв.,белый,https://avatars.avto.ru/get-autoru-vos/1973880/d8595dda252c14f0f3909229d72ac1e4/1200x900,2026-09-22T05:51:28Z
Toyota,RAV4,Toyota RAV4 IV (XA40) Рестайлинг,https://auto.ru/cars/used/sale/toyota/rav_4/1133426362-7a794b32/,2599000,Омск,2016,,5,156000,4,Не требует ремонта,Дубликат,Комфорт Плюс,"бензин, 2.0 CVT (146 л.с.) 4WD",вариатор,полный,Левый,Внедорожник 5 дв.,белый,https://avatars.avto.ru/get-autoru-vos/19297093/1f08f62a7e079941ef02a39ba7445c2f/1200x900,2026-09-22T05:51:28Z
Nissan,Almera,Nissan Almera III (G15),https://auto.ru/cars/used/sale/nissan/almera/1133934011-b37bd567/,629000,Омск,2016,,5,335000,4,Не требует ремонта,Дубликат,,"бензин, 1.6 MT (102 л.с.)",механическая,передний,Левый,Седан,серый,https://photo.auto.ru/photo/get-autoru-vos/2155859/lkzfbbwIit9PSpS6uzOXOXCgIclcHYZ76Ip5YKk9oP7c3fKz5UjHrMUg7lN87C_MMu9CgtNXDZuxu9d_giJsZrfiRaH6ipqldaTlTsrhH5Pc2FxwdreJ83mfi7sViSWbtIKZCZuCmtuq8nirgtHhkFmb2fyBrpXjn5X7hLEAG4nBqQ/1200x900,2026-09-22T05:51:28Z
Toyota,Camry,Toyota Camry VI (XV40),https://auto.ru/cars/used/sale/toyota/camry/1129355955-4a354441/,939000,Омск,2007,,5,301000,4,Не требует ремонта,Дубликат,Комфорт Плюс,"бензин, 2.4 AT (167 л.с.)",автоматическая,передний,Левый,Седан,серый,https://avatars.avto.ru/get-autoru-vos/17489926/f9acb4fc14d5e1546b6b3c5beb268fb5/1200x900,2026-09-22T05:51:28Z
Hyundai,Tucson,Hyundai Tucson I,https://auto.ru/cars/used/sale/hyundai/tucson/1133399489-943a31e5/,919000,Омск,2005,,5,333000,4,Не требует ремонта,Дубликат,,"бензин, 2.0 AT (141 л.с.) 4WD",автоматическая,полный,Левый,Внедорожник 5 дв.,чёрный,https://avatars.avto.ru/get-autoru-vos/20265681/91a5be211cc8f795ed062ee940860270/1200x900,2026-09-22T05:51:28Z
Mazda,3,Mazda 3 I (BK) Рестайлинг,https://auto.ru/cars/used/sale/mazda/3/1133173167-c34728d6/,749000,Омск,2008,,5,195000,2,Не требует ремонта,Оригинал,Sport,"бензин, 2.0 MT (150 л.с.)",механическая,передний,Левый,Седан,серебристый,https://avatars.avto.ru/get-autoru-vos/19793268/fd850d6cdb0ca3a6edf80d13d1db0cb4/1200x900,2026-09-22T05:51:28Z
Kia,Rio,Kia Rio III Рестайлинг,https://auto.ru/cars/used/sale/kia/rio/1133541207-e1cbc191/,909000,Омск,2016,,5,166000,4,Не требует ремонта,Дубликат,Comfort Аудио,"бензин, 1.6 MT (123 л.с.)",механическая,передний,Левый,Седан,белый,https://photo.auto.ru/photo/get-autoru-vos/20439065/_x5ix7lqxnLPJJbSzmsLVLyO4RI60XNOFIYLFp4pobymdwivhT5Wri2Wt_a1fVqp8QNYEz6A_BrzeqVzvCejlOScj3tdzX6z-YMzQVt4EJfGtk0Q9TU-6SGQgxTs6qR-17EmVi_iEQNw7wTyNrHq_gVu1-qhDrjxbCR3uCWMIyZsvg/1200x900,2026-09-22T05:51:28Z
Honda,N-WGN,Honda N-WGN I,https://auto.ru/cars/used/sale/honda/n_wgn/1134116793-ffe53252/,799000,Омск,2015,,4,98711,1,Не требует ремонта,Оригинал,,"бензин, 0.7 CVT (58 л.с.)",вариатор,передний,Правый,Хэтчбек 5 дв.,синий,https://avatars.avto.ru/get-autoru-vos/17750173/49345c3dbd949cd2dd5775374db3e60e/1200x900,2026-09-22T05:51:28Z
Opel,Insignia,Opel Insignia I,https://auto.ru/cars/used/sale/opel/insignia/1133853311-80d383aa/,1059000,Омск,2013,,5,204100,4,Не требует ремонта,Дубликат,,"бензин, 1.8 MT (140 л.с.)",механическая,передний,Левый,Седан,белый,https://photo.auto.ru/photo/get-autoru-vos/1729789/IOt_2gtY0QZ4RxXzTfOjqGszVpFv-MJxGz5aTBF_ZZhe7yNp17ebjXa7plDjPAqBfP1HqyOXeuY9ass38nFw2Ghdlid4fiwqrna03hFZWY3mq7Ei5FRLOGGct_0b2bfDvxDCqO8iQ-4x1BKd0fWJlon6unSW0bYtNBm54o8NZQIv2A/1200x900,2026-09-22T05:51:28Z
Honda,Insight,Honda Insight II,https://auto.ru/cars/used/sale/honda/insight/1132406769-07e6bd26/,729000,Омск,2009,,5,139500,1,Не требует ремонта,Оригинал,,"гибрид, 1.3hyb CVT (88 л.с.)",вариатор,передний,Правый,Хэтчбек 5 дв.,серебристый,https://avatars.avto.ru/get-autoru-vos/11557313/eb9273798f6d2d06d4a17a45bb53430f/1200x900,2026-09-22T05:51:28Z
Toyota,Roomy,Toyota Roomy I,https://auto.ru/cars/used/sale/toyota/roomy/1132484984-099cb659/,999000,Омск,2019,,5,100000,1,Не требует ремонта,Оригинал,,"бензин, 1.0 CVT (69 л.с.) 4WD",вариатор,полный,Правый,Микровэн,чёрный,https://avatars.avto.ru/get-autoru-vos/16383606/a0afda248b278699ec1f0372b180cfe9/1200x900,2026-09-22T05:51:28Z
Kia,Sportage,Kia Sportage III,https://auto.ru/cars/used/sale/kia/sportage/1133795265-e5ba5c79/,1499000,Омск,2013,,5,206000,2,Не требует ремонта,Оригинал,,"бензин, 2.0 AT (150 л.с.) 4WD",автоматическая,полный,Левый,Внедорожник 5 дв.,оранжевый,https://avatars.avto.ru/get-autoru-vos/16976316/72efbb26322e7575108922907cc68385/1200x900,2026-09-22T05:51:28Z
Hyundai,Getz,Hyundai Getz I Рестайлинг,https://auto.ru/cars/used/sale/hyundai/getz/1133934007-5c04a684/,579000,Омск,2007,,5,155000,4,Не требует ремонта,Дубликат,,"бензин, 1.4 AT (97 л.с.)",автоматическая,передний,Левый,Хэтчбек 5 дв.,чёрный,https://photo.auto.ru/photo/get-autoru-vos/17969032/fYHXDiO_Ny9sBf05T_PWUphGTqph7Dtmiz480OHD9KnhlLQHBL4np7bmg_zyyix8sLEeyZ9tVlWwO9SD5SLVp_caELOVVRuVYYdwHa8JoRuf_XehuuGLKFHyUN6tEcOPH1pcsC9llQYZwvVUlTs8L9LImvK0jWlUfRij5klIXAVuaA/1200x900,2026-09-22T05:51:28Z
Toyota,Land Cruiser,Toyota Land Cruiser 200 Series,https://auto.ru/cars/used/sale/toyota/land_cruiser/1132785117-5e4b147b/,3229000,Омск,2009,,7,312000,1,Не требует ремонта,Оригинал,Люкс,"бензин, 4.7 AT (288 л.с.) 4WD",автоматическая,полный,Левый,Внедорожник 5 дв.,серый,https://avatars.avto.ru/get-autoru-vos/17698736/adebbc46c8b8e7431459b99f1cd3763d/1200x900,2026-09-22T05:51:28Z
Toyota,Camry,Toyota Camry VI (XV40) Рестайлинг,https://auto.ru/cars/used/sale/toyota/camry/1134104598-79e944ae/,1349000,Омск,2009,,5,166500,4,Не требует ремонта,Дубликат,,"бензин, 2.4 AT (167 л.с.)",автоматическая,передний,Левый,Седан,серый,https://avatars.avto.ru/get-autoru-vos/20331633/92cbaf358897ff2b76fbf0a4df7fdc6a/1200x900,2026-09-22T05:51:28Z
Kia,Rio,Kia Rio IV Рестайлинг,https://auto.ru/cars/used/sale/kia/rio/1134228354-e54c6ab9/,1599000,Омск,2021,,5,84000,1,Не требует ремонта,Оригинал,,"бензин, 1.6 AT (123 л.с.)",автоматическая,передний,Левый,Седан,красный,https://avatars.avto.ru/get-autoru-vos/18720861/a68cc71b97d153ee4ae3aeaefad9b16f/1200x900,2026-09-22T05:51:28Z
Kia,Sportage,Kia Sportage III,https://auto.ru/cars/used/sale/kia/sportage/1134222559-68b39938/,1499000,Омск,2013,,5,191500,3,Не требует ремонта,Оригинал,,"бензин, 2.0 AT (150 л.с.) 4WD",автоматическая,полный,Левый,Внедорожник 5 дв.,чёрный,https://avatars.avto.ru/get-autoru-vos/18106725/9da566283d4c576d2fb7716d817fae18/1200x900,2026-09-22T05:51:28Z
Hyundai,Solaris,Hyundai Solaris I Рестайлинг,https://auto.ru/cars/used/sale/hyundai/solaris/1134154541-5bf15f8f/,1199000,Омск,2015,,5,215000,2,Не требует ремонта,Оригинал,,"бензин, 1.6 AT (123 л.с.)",автоматическая,передний,Левый,Седан,чёрный,https://avatars.avto.ru/get-autoru-vos/20761562/c81a7855ff812bbff19e9bb6359505a0/1200x900,2026-09-22T05:51:31Z
Nissan,Tiida,Nissan Tiida I Рестайлинг,https://auto.ru/cars/used/sale/nissan/tiida/1133519759-5c4197f0/,849000,Омск,2010,,5,140000,3,Не требует ремонта,Оригинал,Comfort,"бензин, 1.6 AT (110 л.с.)",автоматическая,передний,Левый,Хэтчбек 5 дв.,синий,https://avatars.avto.ru/get-autoru-vos/18049305/c773eaea9e28a74a9fa389eb9eea3828/1200x900,2026-09-22T05:51:31Z
Chevrolet,Cruze,Chevrolet Cruze I,https://auto.ru/cars/used/sale/chevrolet/cruze/1134038033-8c601c8a/,899000,Омск,2012,,5,228633,4,Не требует ремонта,Дубликат,,"бензин, 1.8 MT (141 л.с.)",механическая,передний,Левый,Седан,белый,https://avatars.avto.ru/get-autoru-vos/1599755/becf98449af615cbb76749d511c743ac/1200x900,2026-09-22T05:51:31Z
Nissan,Teana,Nissan Teana II (J32),https://auto.ru/cars/used/sale/nissan/teana/1134228353-ae6fd56e/,1179000,Омск,2010,,5,232119,4,Не требует ремонта,Дубликат,,"бензин, 2.5 CVT (182 л.с.)",вариатор,передний,Левый,Седан,серый,https://avatars.avto.ru/get-autoru-vos/13922065/f4faa0af31fcc2497e56d45f1e9a0f5d/1200x900,2026-09-22T05:51:31Z
Opel,Vectra,Opel Vectra C Рестайлинг,https://auto.ru/cars/used/sale/opel/vectra/1133622945-ffe23354/,499000,Омск,2007,,5,290000,4,Не требует ремонта,Дубликат,Cosmo,"бензин, 1.8 MT (140 л.с.)",механическая,передний,Левый,Седан,серый,https://avatars.avto.ru/get-autoru-vos/17841911/2b566bcde893d7b972f1795189714dd6/1200x900,2026-09-22T05:51:31Z
Volkswagen,Tiguan,Volkswagen Tiguan I Рестайлинг,https://auto.ru/cars/used/sale/volkswagen/tiguan/1132437084-be145181/,1559000,Омск,2015,,5,80000,1,Не требует ремонта,Оригинал,,"бензин, 1.4 AMT (160 л.с.)",робот,передний,Правый,Внедорожник 5 дв.,серебристый,https://avatars.avto.ru/get-autoru-vos/20265681/50fef0ad5a5179f79decd7b903979f8b/1200x900,2026-09-22T05:51:31Z
Toyota,Camry,Toyota Camry VI (XV40),https://auto.ru/cars/used/sale/toyota/camry/1133519752-aabec1af/,999000,Омск,2007,,5,190000,4,Не требует ремонта,Дубликат,Комфорт Плюс,"бензин, 2.4 AT (167 л.с.)",автоматическая,передний,Левый,Седан,синий,https://avatars.avto.ru/get-autoru-vos/17660749/1e2d223432013796bcc1f990450981f0/1200x900,2026-09-22T05:51:31Z
Kia,Ceed,Kia Ceed III,https://auto.ru/cars/used/sale/kia/ceed/1132726318-ef0033a6/,1599000,Омск,2018,,5,60000,4,Не требует ремонта,Дубликат,Luxe 2018,"бензин, 1.6 AT (128 л.с.)",автоматическая,передний,Левый,Хэтчбек 5 дв.,серый,https://avatars.avto.ru/get-autoru-vos/18105905/fc5b75370a0b68e71e261275cbb1446a/1200x900,2026-09-22T05:51:31Z
Kia,Rio,Kia Rio IV,https://auto.ru/cars/used/sale/kia/rio/1132610187-8c4279cd/,939000,Омск,2018,,5,188000,4,Не требует ремонта,Дубликат,Comfort,"бензин, 1.4 AT (100 л.с.)",автоматическая,передний,Левый,Седан,белый,https://avatars.avto.ru/get-autoru-vos/18046040/8e8ca3410ef7509eafa8a3688175616a/1200x900,2026-09-22T05:51:31Z
Kia,Sorento,Kia Sorento II Рестайлинг,https://auto.ru/cars/used/sale/kia/sorento/1133934009-8da77828/,2499000,Омск,2018,,5,117000,3,Не требует ремонта,Оригинал,,"бензин, 2.4 AT (175 л.с.) 4WD",автоматическая,полный,Левый,Внедорожник 5 дв.,серебристый,https://photo.auto.ru/photo/get-autoru-vos/6408148/WPKc736182QKBaYedSEaD0a81pJuDhGyN1Tw77MIeX4JD8ODmyBNRKnBF3ynsnVWXvwJV2cZVSTXOdkYQizqTcccr7pHO5XdyPdKBvkOyq6pNJPPBe41Ef0geSPuRrm_CSxM7aPWe4lBpUbmUI6pibxHBRnN5qY4vnRF1bGU_qyK-w/1200x900,2026-09-22T05:51:31Z
Chevrolet,Spark,Chevrolet Spark III,https://auto.ru/cars/used/sale/chevrolet/spark/1133783124-5d38819e/,549000,Омск,2012,,5,158000,4,Не требует ремонта,Дубликат,,"бензин, 1.0 AT (67 л.с.)",автоматическая,передний,Левый,Хэтчбек 5 дв.,серебристый,https://avatars.avto.ru/get-autoru-vos/2198112/6c675d7655bbc00c2a63ab5a48f65c82/1200x900,2026-09-22T05:51:31Z
Toyota,Prius,Toyota Prius III Рестайлинг (XW30),https://auto.ru/cars/used/sale/toyota/prius/1133609503-53526f14/,1349000,Омск,2015,,5,296000,1,Не требует ремонта,Оригинал,Люкс,"гибрид, 1.8hyb AT (99 л.с.)",автоматическая,передний,Правый,Лифтбек,серебристый,https://photo.auto.ru/photo/get-autoru-vos/15584432/6VvG7WwH7zqWEKu3FRZxAlywp7a9twHGyDmWYvKCUIgwDrglq10pdFz7Y1yXGEV-oD9LzJnizjLPJJt15HE4W09JGrBs2JA5ltxrASu20pdD8y61wY9ZAl4NatHnNnlVUeiYc3QAd6vMo_hB5gvb2q6Fy8ejK2t7iwW-EFSdErDIhw/1200x900,2026-09-22T05:51:31Z
Toyota,Vitz,Toyota Vitz II (XP90),https://auto.ru/cars/used/sale/toyota/vitz/1134017751-1b30c594/,739000,Омск,2009,,5,137210,2,Не требует ремонта,Оригинал,,"бензин, 1.3 AT (87 л.с.) 4WD",автоматическая,полный,Правый,Хэтчбек 5 дв.,белый,https://avatars.avto.ru/get-autoru-vos/4402921/98a2a5dbda2c3190b6e4a67306b2503d/1200x900,2026-09-22T05:51:31Z
Hyundai,Solaris,Hyundai Solaris I,https://auto.ru/cars/used/sale/hyundai/solaris/1134094279-53914bf3/,969000,Омск,2011,,5,243000,3,Не требует ремонта,Дубликат,,"бензин, 1.6 AT (123 л.с.)",автоматическая,передний,Левый,Седан,чёрный,https://avatars.avto.ru/get-autoru-vos/12852473/a810ff08bc418c5717821cb32731c9b2/1200x900,2026-09-22T05:51:31Z
Toyota,Vitz,Toyota Vitz II (XP90),https://auto.ru/cars/used/sale/toyota/vitz/1129619311-88b3d594/,499000,Омск,2005,,5,148800,4,Не требует ремонта,Оригинал,,"бензин, 1.0 CVT (71 л.с.)",вариатор,передний,Правый,Хэтчбек 5 дв.,синий,https://photo.auto.ru/photo/get-autoru-vos/17660749/0EJw4X0EPoPvKf1seAovVhFtuQWY3W5_udaYZEmLuKejmRD3TUMJKp-HDaA4ebJfdxR7DSpLZ9WlTQjn-Ku2KLbwCf0TFUSY_JKuf3vHC6iL_KKxl7tSemzH3TzYd-8u1c8RU4HTxqlpVQeUrREJy1bEE0t62Fk4KrciY2SF2EWMbg/1200x900,2026-09-22T05:51:31Z
Subaru,Levorg,Subaru Levorg I,https://auto.ru/cars/used/sale/subaru/levorg/1134082190-7830586a/,1469000,Омск,2015,,5,150000,2,Не требует ремонта,Оригинал,,"бензин, 1.6 CVT (170 л.с.) 4WD",вариатор,полный,Правый,Универсал 5 дв.,синий,https://avatars.avto.ru/get-autoru-vos/17783177/f979b6ad205b60e53d2cc4bce0a6f03f/1200x900,2026-09-22T05:51:31Z
Toyota,Prius,Toyota Prius II Рестайлинг (XW20),https://auto.ru/cars/used/sale/toyota/prius/1133519756-546491db/,839000,Омск,2008,,5,250000,4,Не требует ремонта,Оригинал,,"гибрид, 1.5hyb AT (76 л.с.)",автоматическая,передний,Правый,Лифтбек,серебристый,https://avatars.avto.ru/get-autoru-vos/17660749/75612068fe3012d75df9b37e7ae69e04/1200x900,2026-09-22T05:51:31Z
Toyota,Mark II,Toyota Mark II IX (X110),https://auto.ru/cars/used/sale/toyota/mark_ii/1133223066-b38b7a38/,699000,Омск,2003,,5,127000,4,Не требует ремонта,Дубликат,,"бензин, 2.5 AT (200 л.с.)",автоматическая,задний,Правый,Седан,белый,https://avatars.avto.ru/get-autoru-vos/20191207/56f6e578167fb0e30cb9104c37c2f940/1200x900,2026-09-22T05:51:31Z
Toyota,Premio,Toyota Premio II (T26) Рестайлинг,https://auto.ru/cars/used/sale/toyota/premio/1133951023-725deabf/,1579000,Омск,2012,,5,38500,1,Не требует ремонта,Оригинал,,"бензин, 1.5 CVT (110 л.с.)",вариатор,передний,Правый,Седан,серебристый,https://avatars.avto.ru/get-autoru-vos/2069642/bdb5c6f017e26967a24c6be3b0ae8c3f/1200x900,2026-09-22T05:51:31Z
Suzuki,Hustler,Suzuki Hustler I,https://auto.ru/cars/used/sale/suzuki/hustler/1134057003-ff9ef0eb/,849000,Омск,2015,,4,78000,1,Не требует ремонта,Оригинал,,"бензин, 0.7 CVT (52 л.с.) 4WD",вариатор,полный,Правый,Хэтчбек 5 дв.,красный,https://photo.auto.ru/photo/get-autoru-vos/16383606/qh-oVxj0Rl_xdVQxyngOl-1t1mY_83Sa3NSS4ZKTMWUBnJHip3XXzptbYcnPi6RSVnrMAs5yfoM6JBj671jmAMConxyZCCStw4uQUxRYE_j39hIyoLuwTP4QMCIPfsbJnhZkODO__fzL-qd_u-T8SVyhTLAn1bMM3VHExDce2iFXUyE/1200x900,2026-09-22T05:51:31Z
Renault,Fluence,Renault Fluence I,https://auto.ru/cars/used/sale/renault/fluence/1133909169-c61d5afb/,669000,Омск,2011,,5,236606,4,Не требует ремонта,Оригинал,,"бензин, 1.6 AT (106 л.с.)",автоматическая,передний,Левый,Седан,серебристый,https://avatars.avto.ru/get-autoru-vos/5940684/56d35683558e7f27cc716db0cb83b336/1200x900,2026-09-22T05:51:31Z
Datsun,on-DO,Datsun on-DO I Рестайлинг,https://auto.ru/cars/used/sale/datsun/on_do/1132718279-3d945d8e/,579000,Омск,2020,,5,90000,1,Не требует ремонта,Оригинал,Access,"бензин, 1.6 MT (87 л.с.)",механическая,передний,Левый,Седан,серебристый,https://avatars.avto.ru/get-autoru-vos/18306378/3988822bd7d351c9db2e0acf7037308a/1200x900,2026-09-22T05:51:31Z
Honda,Freed,Honda Freed I,https://auto.ru/cars/used/sale/honda/freed/1131211185-e01356df/,1139000,Омск,2010,,5,166000,1,Не требует ремонта,Оригинал,,"бензин, 1.5 CVT (118 л.с.)",вариатор,передний,Правый,Компактвэн,серебристый,https://avatars.avto.ru/get-autoru-vos/2142482/42598e08235c6143de172d1861b00f19/1200x900,2026-09-22T05:51:31Z
Ford,Mondeo,Ford Mondeo IV,https://auto.ru/cars/used/sale/ford/mondeo/1134081114-329230ea/,649000,Омск,2007,,5,185000,4,Не требует ремонта,Дубликат,,"бензин, 2.5 MT (220 л.с.)",механическая,передний,Левый,Седан,серый,https://avatars.avto.ru/get-autoru-vos/2163491/d7a5cb9356776ad5ce3dae091190a98c/1200x900,2026-09-22T05:51:31Z
Renault,Logan,Renault Logan II Рестайлинг,https://auto.ru/cars/used/sale/renault/logan/1133441463-4216d6f8/,659000,Омск,2020,,5,137000,2,Не требует ремонта,Оригинал,Access,"бензин, 1.6 MT (82 л.с.)",механическая,передний,Левый,Седан,белый,https://avatars.avto.ru/get-autoru-vos/17750516/89ec0852befcbec672b18ba28566c037/1200x900,2026-09-22T05:51:31Z
Toyota,Porte,Toyota Porte I,https://auto.ru/cars/used/sale/toyota/porte/1133507668-3c150a59/,599000,Омск,2006,,5,240000,4,Не требует ремонта,Дубликат,,"бензин, 1.3 AT (88 л.с.)",автоматическая,передний,Правый,Микровэн,серебристый,https://avatars.avto.ru/get-autoru-vos/15185647/1f95e4711b91301e998a7c7a2ece783c/1200x900,2026-09-22T05:51:31Z
Hyundai,Solaris,Hyundai Solaris I,https://auto.ru/cars/used/sale/hyundai/solaris/1130996391-854eb405/,849000,Омск,2013,,5,260000,2,Не требует ремонта,Оригинал,Classic,"бензин, 1.6 AT (123 л.с.)",автоматическая,передний,Левый,Седан,чёрный,https://avatars.avto.ru/get-autoru-vos/18129838/2fa1cfa9ca76bf42491e0f118c2e437e/1200x900,2026-09-22T05:51:31Z
Honda,Civic,Honda Civic VIII,https://auto.ru/cars/used/sale/honda/civic/1133913455-1a533201/,619000,Омск,2006,,5,395306,4,Не требует ремонта,Дубликат,,"бензин, 1.8 AT (140 л.с.)",автоматическая,передний,Правый,Седан,чёрный,https://avatars.avto.ru/get-autoru-vos/18720861/83a5848c21b1cfa490ab901f6dd1fc52/1200x900,2026-09-22T05:51:31Z
Mazda,3,Mazda 3 I (BK) Рестайлинг,https://auto.ru/cars/used/sale/mazda/3/1133839907-40dfb257/,629000,Омск,2007,,5,282900,4,Не требует ремонта,Дубликат,,"бензин, 1.6 AT (105 л.с.)",автоматическая,передний,Левый,Седан,бежевый,https://photo.auto.ru/photo/get-autoru-vos/17668497/Ag9EwrToDfiqX8Dk4S8LdVBJntM10oAEfOOGHqlXQJ5sAm5cri0zxMvfAFOvgVm9FQOn1Q6MMNnV65iyIZyfRAXpL6M32AjJn2JhP3J3f3z9p1VrcIrucQAfCgkd8DuJUTvUIwrpGNIlPKRTVjvoOjXF3jtQAQHar2cCkcc4Bup_Jw/1200x900,2026-09-22T05:51:31Z
Suzuki,SX4,Suzuki SX4 I (Classic),https://auto.ru/cars/used/sale/suzuki/sx4/1134126727-5bfd1bc7/,829000,Омск,2008,,5,127450,2,Не требует ремонта,Оригинал,,"бензин, 1.6 AT (106 л.с.)",автоматическая,передний,Левый,Седан,серебристый,https://avatars.avto.ru/get-autoru-vos/18621059/4c5eb33c6e205cba0ecb1bb7a3ab9125/1200x900,2026-09-22T05:51:31Z
Volkswagen,Tiguan,Volkswagen Tiguan I Рестайлинг,https://auto.ru/cars/used/sale/volkswagen/tiguan/1134050791-3b0b377d/,1329000,Омск,2012,,5,262000,4,Не требует ремонта,Дубликат,,"бензин, 2.0 AT (200 л.с.)",автоматическая,передний,Левый,Внедорожник 5 дв.,белый,https://avatars.avto.ru/get-autoru-vos/2134119/2fdf8f4ef9ccb3b0b85f22093d6b92a1/1200x900,2026-09-22T05:51:31Z
Toyota,Camry,Toyota Camry VI (XV40),https://auto.ru/cars/used/sale/toyota/camry/1134154542-86ad6e3f/,1299000,Омск,2008,,5,297000,4,Не требует ремонта,Дубликат,,"бензин, 2.4 AT (167 л.с.)",автоматическая,передний,Левый,Седан,серый,https://avatars.avto.ru/get-autoru-vos/15049662/ff84569be8e67a135628c09375bf2d4d/1200x900,2026-09-22T05:51:31Z
Toyota,Corolla,"Toyota Corolla X (E140, E150)",https://auto.ru/cars/used/sale/toyota/corolla/1133943327-98ef3f32/,819000,Омск,2007,,5,184000,4,Не требует ремонта,Оригинал,,"бензин, 1.6 MT (124 л.с.)",механическая,передний,Левый,Седан,серый,https://avatars.avto.ru/get-autoru-vos/15268379/f14d0fd8ba455cd5a80ea5a2e11f81d5/1200x900,2026-09-22T05:51:31Z
Nissan,Moco,Nissan Moco I,https://auto.ru/cars/used/sale/nissan/moco/1133496276-7ca3e540/,299000,Омск,2003,,4,250000,4,Не требует ремонта,Дубликат,,"бензин, 0.7 AT (54 л.с.)",автоматическая,передний,Правый,Хэтчбек 5 дв.,голубой,https://avatars.avto.ru/get-autoru-vos/20263483/437906a55e6c9fbfdcb2047c35d79a24/1200x900,2026-09-22T05:51:31Z
Kia,Ceed,Kia Ceed II Рестайлинг,https://auto.ru/cars/used/sale/kia/ceed/1126487703-40f15c97/,1329000,Омск,2018,,5,90000,1,Не требует ремонта,Оригинал,Comfort,"бензин, 1.6 AT (130 л.с.)",автоматическая,передний,Левый,Хэтчбек 5 дв.,белый,https://photo.auto.ru/photo/get-autoru-vos/16408920/rgevg79k3hGAy2Nq4OmySXQPDYgtwFA8XPhA6UlazW3d9JAeWrr4w6n6owHnc8KWpL1rt6NB_aGnfi7YO5iASHpSOQvEdxXla0cyUJnbfUBgfdKW9zp-2uJ0XuZARXP1d1lVlzTQPsE7UdpwjpPno1WGFUW-5e9My7rSRs1k0NkiiA/1200x900,2026-09-22T05:51:31Z
Nissan,Qashqai,Nissan Qashqai II Рестайлинг,https://auto.ru/cars/used/sale/nissan/qashqai/1133691653-2e3bddb2/,2319000,Омск,2019,,5,28080,1,Не требует ремонта,Дубликат,,"бензин, 2.0 CVT (144 л.с.) 4WD",вариатор,полный,Левый,Внедорожник 5 дв.,чёрный,https://avatars.avto.ru/get-autoru-vos/20390804/b0b5c80536512acb5baef4cd31ffc237/1200x900,2026-09-22T05:51:31Z
Jeep,Grand Cherokee,Jeep Grand Cherokee IV (WK2) Рестайлинг,https://auto.ru/cars/used/sale/jeep/grand_cherokee/1133697304-d4fb88dd/,2499000,Омск,2013,,5,255000,4,Не требует ремонта,Дубликат,,"бензин, 3.6 AT (286 л.с.) 4WD",автоматическая,полный,Левый,Внедорожник 5 дв.,серебристый,https://photo.auto.ru/photo/get-autoru-vos/18005086/yB-HR6cb6UtYSbIOxVDSwkq5w-ohmr6EvM-m5xCWWy7yK63FZXJRM9XLuzxueoEC_RONnPK9AX1frUUylvBM_Qfv-w0PwSNoGFUR9kF6TcFLvFtN-ZBDx88S_GhhBOy92DeyqUrd-n_Wg3x2eQ-0AV833Yzvg6d6gCI2t3Wg9XwsMw/1200x900,2026-09-22T05:51:31Z
Nissan,Note,Nissan Note e-Power II Рестайлинг,https://auto.ru/cars/used/sale/nissan/note/1131734911-6adc5498/,1479000,Омск,2018,,5,51900,2,Не требует ремонта,Оригинал,,"гибрид, e-Power 1.2hyb AT (109 л.с.)",автоматическая,передний,Правый,Хэтчбек 5 дв.,красный,https://photo.auto.ru/photo/get-autoru-vos/20997557/C8rj2Rw09WXNlv-WA02h7--tSgcZq8XpbCL6zExJnxGa2_k5Jd8ipqoZv_lCkWoFrgkp61W637EFOX0s-ZhPp4xUYyo79mbQ7jdJ5nO-i_qY6kppSYhxAWtHv1ySEzNJMB8jhk_N5SGGMqS90pJTVss-F0YyrywLKty7Z67bUHT9FL4/1200x900,2026-09-22T05:51:37Z
Honda,Fit Shuttle,Honda Fit Shuttle I,https://auto.ru/cars/used/sale/honda/fit_shuttle/1132961848-28722000/,999000,Омск,2012,,5,155000,2,Не требует ремонта,Оригинал,,"гибрид, 1.3hyb CVT (88 л.с.)",вариатор,передний,Правый,Универсал 5 дв.,синий,https://avatars.avto.ru/get-autoru-vos/19873021/a6eb11c88ae3a9a745c678c3bbae509a/1200x900,2026-09-22T05:51:37Z
Suzuki,Swift,Suzuki Swift V,https://auto.ru/cars/used/sale/suzuki/swift/1130355138-82b96021/,1199000,Омск,2018,,5,110000,1,Не требует ремонта,Оригинал,,"бензин, 1.2 CVT (91 л.с.) 4WD",вариатор,полный,Правый,Хэтчбек 5 дв.,синий,https://avatars.avto.ru/get-autoru-vos/20036242/2f2384b32f2dc0f879598431a3593e5b/1200x900,2026-09-22T05:51:37Z
Hyundai,ix35,Hyundai ix35 I Рестайлинг,https://auto.ru/cars/used/sale/hyundai/ix35/1133825462-058a0efb/,1759000,Омск,2014,,5,71135,3,Не требует ремонта,Оригинал,,"бензин, 2.0 AT (150 л.с.) 4WD",автоматическая,полный,Левый,Внедорожник 5 дв.,чёрный,https://avatars.avto.ru/get-autoru-vos/20467659/8abb381eff9733d4ffbcd614dff931bb/1200x900,2026-09-22T05:51:37Z
Mazda,Familia,Mazda Familia VIII (BJ),https://auto.ru/cars/used/sale/mazda/familia/1134067286-40636e37/,299000,Омск,2002,,5,360000,4,Не требует ремонта,Дубликат,,"бензин, 1.3 AT (85 л.с.)",автоматическая,передний,Правый,Седан,белый,https://avatars.avto.ru/get-autoru-vos/20360782/75be095c06526e03a6d7a7c80eb2c0de/1200x900,2026-09-22T05:51:37Z
Toyota,Camry,Toyota Camry VI (XV40),https://auto.ru/cars/used/sale/toyota/camry/1132633316-6ab23e9c/,1149000,Омск,2006,,5,203000,4,Не требует ремонта,Дубликат,Комфорт Плюс,"бензин, 2.4 AT (167 л.с.)",автоматическая,передний,Левый,Седан,серый,https://avatars.avto.ru/get-autoru-vos/16467568/bb2fcaf6c48b4cd0b5b8afac68e9d675/1200x900,2026-09-22T05:51:37Z
Lada (ВАЗ),Vesta,Lada (ВАЗ) Vesta I,https://auto.ru/cars/used/sale/vaz/vesta/1133934010-4a9baa01/,569000,Омск,2017,,5,299900,3,Не требует ремонта,Оригинал,,"бензин, 1.6 MT (106 л.с.)",механическая,передний,Левый,Седан,белый,https://photo.auto.ru/photo/get-autoru-vos/20132077/vfY5foVb3UpnNRZeI-xKkDQvuA_QaK5r-UTmPGZ5hn9PUiq5keF41Jh4gFYWX_K5xu_bqqKsyLeaajzIHrFvPqJeU6Q59h2o8yfnr25o2bl2DQF7bEXADOMbC0UgscvyZbEIMRG4wGZHWJru69gTY-imBAOEzdKShqzxlck2Q7-DM_s/1200x900,2026-09-22T05:51:37Z
Hyundai,i40,Hyundai i40 I Рестайлинг,https://auto.ru/cars/used/sale/hyundai/i40/1133921068-962c8d4d/,1599000,Омск,2015,,5,174400,4,Не требует ремонта,Дубликат,,"бензин, 2.0 AT (150 л.с.)",автоматическая,передний,Левый,Седан,серебристый,https://avatars.avto.ru/get-autoru-vos/4337654/818b971ef4c850502f1a733e38bcdf6e/1200x900,2026-09-22T05:51:37Z
Toyota,Vitz,Toyota Vitz II (XP90),https://auto.ru/cars/used/sale/toyota/vitz/1132528623-21d4e46b/,569000,Омск,2005,,5,253000,4,Не требует ремонта,Дубликат,,"бензин, 1.0 CVT (71 л.с.)",вариатор,передний,Правый,Хэтчбек 5 дв.,белый,https://avatars.avto.ru/get-autoru-vos/19634380/3d760122145b30bb8efa8275786df35c/1200x900,2026-09-22T05:51:37Z
Toyota,Prius,Toyota Prius III Рестайлинг (XW30),https://auto.ru/cars/used/sale/toyota/prius/1134136766-77fc5dac/,1249000,Омск,2013,,5,194000,1,Не требует ремонта,Оригинал,,"гибрид, 1.8hyb AT (99 л.с.)",автоматическая,передний,Правый,Лифтбек,красный,https://avatars.avto.ru/get-autoru-vos/17786981/da929780e4617c3742618ec7fb33cde0/1200x900,2026-09-22T05:51:37Z
Renault,Logan,Renault Logan II,https://auto.ru/cars/used/sale/renault/logan/1132879979-1fc4b716/,699000,Омск,2017,,5,176000,2,Не требует ремонта,Оригинал,Access,"бензин, 1.6 MT (82 л.с.)",механическая,передний,Левый,Седан,белый,https://avatars.avto.ru/get-autoru-vos/18170382/703dde6edb499510c8f56211bc2ab998/1200x900,2026-09-22T05:51:37Z
Honda,Freed,Honda Freed I,https://auto.ru/cars/used/sale/honda/freed/1133149633-1c670f0e/,1049000,Омск,2010,,5,146500,1,Не требует ремонта,Оригинал,,"бензин, 1.5 CVT (118 л.с.)",вариатор,передний,Правый,Компактвэн,белый,https://avatars.avto.ru/get-autoru-vos/16348430/cfc0aa030de35e4fbb82fdc68506befb/1200x900,2026-09-22T05:51:37Z
Honda,Freed,Honda Freed I,https://auto.ru/cars/used/sale/honda/freed/1134154543-9d1bc63a/,1059000,Омск,2010,,5,161500,1,Не требует ремонта,Оригинал,,"бензин, 1.5 CVT (118 л.с.)",вариатор,передний,Правый,Компактвэн,синий,https://avatars.avto.ru/get-autoru-vos/17713999/617cde17b05f28ddfc07c37c20b7a413/1200x900,2026-09-22T05:51:37Z
Toyota,Camry,Toyota Camry VII (XV50) Рестайлинг,https://auto.ru/cars/used/sale/toyota/camry/1133854110-29538a8a/,2309000,Омск,2016,,5,137822,4,Не требует ремонта,Оригинал,,"бензин, 2.5 AT (181 л.с.)",автоматическая,передний,Левый,Седан,белый,https://photo.auto.ru/photo/get-autoru-vos/18017415/XYogK0haLkCoFBzr6JyG-1BIBZwVGIdtupBr2bfqEh0MmsHsBnKmoTdO23pJQP26OoIrKiJ12j-2szmUtjtswiP9jogwQYzPS6ZTaGQbGWQ896O2QuiNjR_gPXGOikMVuLX1K6u1A7HESAPqHHRKw8SZmbtdNDgyF8E1py6hXKITj2A/1200x900,2026-09-22T05:51:37Z
Kia,Cerato,Kia Cerato III Рестайлинг (Classic),https://auto.ru/cars/used/sale/kia/cerato/1133691650-f48c191b/,1429000,Омск,2017,,5,169600,4,Не требует ремонта,Дубликат,,"бензин, 2.0 AT (150 л.с.)",автоматическая,передний,Левый,Седан,белый,https://avatars.avto.ru/get-autoru-vos/20272960/77d71b2bbfe066b03f8acb95de42b660/1200x900,2026-09-22T05:51:37Z
Lada (ВАЗ),Kalina,Lada (ВАЗ) Kalina I,https://auto.ru/cars/used/sale/vaz/kalina/1134136763-f9226ccd/,249000,Омск,2011,,5,132000,3,Не требует ремонта,Оригинал,,"бензин, 1.6 MT (84 л.с.)",механическая,передний,Левый,Универсал 5 дв.,белый,https://avatars.avto.ru/get-autoru-vos/2022285/9c2d3d78a2e94b714bafaee9c1d375ee/1200x900,2026-09-22T05:51:37Z
Toyota,Corolla,"Toyota Corolla X (E140, E150)",https://auto.ru/cars/used/sale/toyota/corolla/1133812442-8c8d265d/,849000,Омск,2010,,5,197000,4,Не требует ремонта,Дубликат,,"бензин, 1.6 AT (124 л.с.)",автоматическая,передний,Левый,Седан,белый,https://avatars.avto.ru/get-autoru-vos/20104625/251615744bdacea705d2384f21304659/1200x900,2026-09-22T05:51:37Z
Mazda,3,Mazda 3 III (BM),https://auto.ru/cars/used/sale/mazda/3/1133951020-89c2e0d1/,1249000,Омск,2014,,5,186000,3,Не требует ремонта,Дубликат,,"бензин, 1.6 AT (104 л.с.)",автоматическая,передний,Левый,Хэтчбек 5 дв.,чёрный,https://avatars.avto.ru/get-autoru-vos/20033387/83f39e5899f9aa8477a97b457f5b33c7/1200x900,2026-09-22T05:51:37Z
Renault,Megane,Renault Megane II Рестайлинг,https://auto.ru/cars/used/sale/renault/megane/1133352581-746b385d/,379000,Омск,2006,,5,255500,4,Не требует ремонта,Оригинал,,"бензин, 2.0 AT (136 л.с.)",автоматическая,передний,Левый,Седан,чёрный,https://avatars.avto.ru/get-autoru-vos/20346480/9075505ee868dc35bedcc6869b621f2a/1200x900,2026-09-22T05:51:37Z
Lexus,RX,Lexus RX 350 III Рестайлинг,https://auto.ru/cars/used/sale/lexus/rx/1134199889-822401dd/,2609000,Омск,2015,,5,190000,4,Не требует ремонта,Дубликат,,"бензин, 350 3.5 AT (277 л.с.) 4WD",автоматическая,полный,Левый,Внедорожник 5 дв.,чёрный,https://avatars.avto.ru/get-autoru-vos/15688781/bb8216b11f6bbf222663d17a992d8102/1200x900,2026-09-22T05:51:37Z
Toyota,Corolla,"Toyota Corolla IX (E120, E130) Рестайлинг",https://auto.ru/cars/used/sale/toyota/corolla/1133737362-8b026a99/,899000,Омск,2006,,5,197000,3,Не требует ремонта,Дубликат,,"бензин, 1.6 AT (110 л.с.)",автоматическая,передний,Левый,Хэтчбек 5 дв.,серый,https://avatars.avto.ru/get-autoru-vos/17640555/3b579d03f118e72ecd5f9d0153b7b3a7/1200x900,2026-09-22T05:51:37Z
Lada (ВАЗ),Vesta,Lada (ВАЗ) Vesta I,https://auto.ru/cars/used/sale/vaz/vesta/1129469466-c656cc26/,969000,Омск,2021,,5,92000,1,Не требует ремонта,Оригинал,Classic,"бензин, 1.6 MT (106 л.с.)",механическая,передний,Левый,Седан,белый,https://avatars.avto.ru/get-autoru-vos/18129838/9d7fd2ee1527761b47dc59b2085e1450/1200x900,2026-09-22T05:51:37Z
Toyota,Avensis,Toyota Avensis III,https://auto.ru/cars/used/sale/toyota/avensis/1133527335-8097eb86/,999000,Омск,2009,,5,214000,4,Не требует ремонта,Дубликат,Комфорт Плюс,"бензин, 1.8 CVT (147 л.с.)",вариатор,передний,Левый,Седан,синий,https://avatars.avto.ru/get-autoru-vos/18866657/f2f36f0752cedce7658d521843ce11b9/1200x900,2026-09-22T05:51:37Z
Toyota,Corolla,"Toyota Corolla Fielder X (E140, E150) Рестайлинг",https://auto.ru/cars/used/sale/toyota/corolla/1133593878-20b9c427/,769000,Омск,2010,,5,263000,4,Не требует ремонта,Оригинал,,"бензин, Fielder 1.5 CVT (110 л.с.)",вариатор,передний,Правый,Универсал 5 дв. Fielder,коричневый,https://avatars.avto.ru/get-autoru-vos/21116822/95183a4bf9d56ef10fc2f99fa9259c0e/1200x900,2026-09-22T05:51:37Z
Toyota,Corolla,"Toyota Corolla IX (E120, E130) Рестайлинг",https://auto.ru/cars/used/sale/toyota/corolla/1133295890-75da8e5b/,729000,Омск,2006,,5,384900,4,Не требует ремонта,Дубликат,,"бензин, 1.6 AT (110 л.с.)",автоматическая,передний,Левый,Хэтчбек 5 дв.,серый,https://avatars.avto.ru/get-autoru-vos/2158853/9774145d61f1e5553907f8298e4a53f7/1200x900,2026-09-22T05:51:37Z
Nissan,Tiida,Nissan Tiida I,https://auto.ru/cars/used/sale/nissan/tiida/1134205683-44154269/,689000,Омск,2010,,5,172000,4,Не требует ремонта,Дубликат,,"бензин, 1.6 AT (110 л.с.)",автоматическая,передний,Левый,Хэтчбек 5 дв.,чёрный,https://avatars.avto.ru/get-autoru-vos/16503020/9279cbc42ad84e550262b715309a8573/1200x900,2026-09-22T05:51:37Z
Lada (ВАЗ),Largus,Lada (ВАЗ) Largus Cross I Рестайлинг,https://auto.ru/cars/used/sale/vaz/largus/1133812440-0a67ecfb/,999000,Омск,2021,,5,79000,2,Не требует ремонта,Оригинал,,"бензин, Cross 1.6 MT (106 л.с.)",механическая,передний,Левый,Универсал 5 дв. Cross,коричневый,https://avatars.avto.ru/get-autoru-vos/10500495/c193e5d5883f684f7f06f8729ec96926/1200x900,2026-09-22T05:51:37Z
BMW,3 серии,BMW 3 серии 316i VI (F3x),https://auto.ru/cars/used/sale/bmw/3er/1133812434-f5881314/,1609000,Омск,2013,,5,198000,4,Не требует ремонта,Дубликат,,"бензин, 316i 1.6 AT (136 л.с.)",автоматическая,задний,Левый,Седан,белый,https://avatars.avto.ru/get-autoru-vos/17906453/237bcecda1e8573d6dd28a37354aff16/1200x900,2026-09-22T05:51:37Z
Ford,Focus,Ford Focus III,https://auto.ru/cars/used/sale/ford/focus/1133773812-6db145e3/,719000,Омск,2012,,5,240000,4,Не требует ремонта,Дубликат,,"бензин, 1.6 MT (125 л.с.)",механическая,передний,Левый,Хэтчбек 5 дв.,голубой,https://avatars.avto.ru/get-autoru-vos/3564599/c69ed8ca519f00af36ae9e21c65d4033/1200x900,2026-09-22T05:51:37Z
Ford,Focus,Ford Focus II,https://auto.ru/cars/used/sale/ford/focus/1134216741-62048c90/,559000,Омск,2006,,5,279412,4,Не требует ремонта,Дубликат,,"бензин, 1.6 MT (115 л.с.)",механическая,передний,Левый,Хэтчбек 5 дв.,чёрный,https://avatars.avto.ru/get-autoru-vos/20785675/167f4af178d45c6e7e616da3ef313078/1200x900,2026-09-22T05:51:37Z
Mercedes-Benz,E-Класс,"Mercedes-Benz E-Класс 220 5G-Tronic IV (W212, S212, C207)",https://auto.ru/cars/used/sale/mercedes/e_klasse/1133691654-ed51ac6a/,1599000,Омск,2009,,5,251000,4,Не требует ремонта,Дубликат,,"дизель, 220 5G-Tronic 2.1d AT (170 л.с.)",автоматическая,задний,Левый,Седан,чёрный,https://avatars.avto.ru/get-autoru-vos/3911676/4471828d7858584534724b0f37f01e5b/1200x900,2026-09-22T05:51:37Z
Toyota,Vitz,Toyota Vitz III (XP130) Рестайлинг 2,https://auto.ru/cars/used/sale/toyota/vitz/1132796002-b677ea51/,889000,Омск,2018,,5,137000,2,Не требует ремонта,Оригинал,,"бензин, 1.0 CVT (69 л.с.)",вариатор,передний,Правый,Хэтчбек 5 дв.,чёрный,https://photo.auto.ru/photo/get-autoru-vos/20193191/M47mxwRCbX3wqo6bWfbff0bHgI-epZB6FIqXt2Ay7GtBmI1mgQ8hLUglolIYDqNafPtzsfaXEoqU8kWyQaiKDuprd93t1m6c7m3HBqdEhHNLzwTV-YL77B8f1LSLiVqZrgOJVE3lIOGKnncoDsoU9AbVUsxFEHwHmTbAY2c-9mjGWxQ/1200x900,2026-09-22T05:51:37Z
Kia,Rio,Kia Rio X IV Рестайлинг,https://auto.ru/cars/used/sale/kia/rio/1133433472-d9963401/,1449000,Омск,2021,,5,187000,2,Не требует ремонта,Оригинал,Comfort,"бензин, X 1.4 AT (100 л.с.)",автоматическая,передний,Левый,Хэтчбек 5 дв. X,синий,https://avatars.avto.ru/get-autoru-vos/20657148/87183b09aea86944f15ba1dd1a82b891/1200x900,2026-09-22T05:51:37Z
Toyota,Avensis,Toyota Avensis II,https://auto.ru/cars/used/sale/toyota/avensis/1134205686-bc5350c5/,759000,Омск,2004,,5,301000,4,Не требует ремонта,Дубликат,,"бензин, 1.8 AT (129 л.с.)",автоматическая,передний,Левый,Седан,серый,https://avatars.avto.ru/get-autoru-vos/16467568/4106fc6984c176b803de711fccd357f2/1200x900,2026-09-22T05:51:37Z
Hyundai,Solaris,Hyundai Solaris I,https://auto.ru/cars/used/sale/hyundai/solaris/1133207232-6676f399/,799000,Омск,2012,,5,134100,2,Не требует ремонта,Оригинал,Active,"бензин, 1.6 AT (123 л.с.)",автоматическая,передний,Левый,Хэтчбек 5 дв.,чёрный,https://avatars.avto.ru/get-autoru-vos/20446679/c72cd99c48d0150942c749110904bfa6/1200x900,2026-09-22T05:51:37Z
Honda,Freed,Honda Freed Spike I,https://auto.ru/cars/used/sale/honda/freed/1133724626-ec59a56a/,1159000,Омск,2010,,5,103280,1,Не требует ремонта,Оригинал,,"бензин, Spike 1.5 CVT (118 л.с.)",вариатор,передний,Правый,Компактвэн Spike,серый,https://avatars.avto.ru/get-autoru-vos/18535762/c93322c7525626e3edd953eb005eaaef/1200x900,2026-09-22T05:51:37Z
Toyota,Camry,Toyota Camry VI (XV40),https://auto.ru/cars/used/sale/toyota/camry/1133960353-72add772/,999000,Омск,2006,,5,104000,4,Не требует ремонта,Дубликат,,"бензин, 2.4 AT (167 л.с.)",автоматическая,передний,Левый,Седан,серебристый,https://avatars.avto.ru/get-autoru-vos/2155199/6f34373ea8dcb9d81aeaf9079cff253f/1200x900,2026-09-22T05:51:37Z
Nissan,Note,Nissan Note II Рестайлинг,https://auto.ru/cars/used/sale/nissan/note/1132328543-1124044b/,1169000,Омск,2020,,5,81000,1,Не требует ремонта,Оригинал,,"бензин, 1.2 CVT (79 л.с.)",вариатор,передний,Правый,Хэтчбек 5 дв.,серебристый,https://avatars.avto.ru/get-autoru-vos/2171035/b87f73e178e08db25e9369e6ae4e249c/1200x900,2026-09-22T05:51:41Z
Honda,Freed,Honda Freed I,https://auto.ru/cars/used/sale/honda/freed/1133016453-45a5ec76/,1149000,Омск,2011,,5,160000,1,Не требует ремонта,Оригинал,,"бензин, 1.5 CVT (118 л.с.)",вариатор,передний,Правый,Компактвэн,серебристый,https://avatars.avto.ru/get-autoru-vos/17698736/79cf6c9a9f02bdbb649ed0fd74758dcc/1200x900,2026-09-22T05:51:41Z
Lada (ВАЗ),Largus,Lada (ВАЗ) Largus I,https://auto.ru/cars/used/sale/vaz/largus/1132168684-c1aaa2b3/,529000,Омск,2017,,5,450000,4,Не требует ремонта,Дубликат,Luxe (5 мест) (2015-2017),"бензин, 1.6 MT (102 л.с.)",механическая,передний,Левый,Универсал 5 дв.,серый,https://avatars.avto.ru/get-autoru-vos/17720009/9cba7a49b4470b867f291ec6a878e4d5/1200x900,2026-09-22T05:51:41Z
Kia,Rio,Kia Rio III Рестайлинг,https://auto.ru/cars/used/sale/kia/rio/1133071056-8262c05a/,1029000,Омск,2015,,5,91000,4,Не требует ремонта,Оригинал,Comfort,"бензин, 1.4 MT (107 л.с.)",механическая,передний,Левый,Седан,серебристый,https://avatars.avto.ru/get-autoru-vos/20657148/42d2511ebbbcc73794fe73e8602335af/1200x900,2026-09-22T05:51:41Z
Kia,Optima,Kia Optima IV,https://auto.ru/cars/used/sale/kia/optima/1123955029-825458f4/,1679000,Омск,2018,,5,92000,3,Не требует ремонта,Дубликат,Comfort,"бензин, 2.0 AT (150 л.с.)",автоматическая,передний,Левый,Седан,серый,https://avatars.avto.ru/get-autoru-vos/15185647/d512a0f09d3a06c21d1208a9dca1f4be/1200x900,2026-09-22T05:51:41Z
Toyota,Avensis,Toyota Avensis II Рестайлинг,https://auto.ru/cars/used/sale/toyota/avensis/1133960351-8d3a39f4/,859000,Омск,2007,,5,312000,4,Не требует ремонта,Оригинал,,"бензин, 1.8 MT (129 л.с.)",механическая,передний,Левый,Седан,серый,https://avatars.avto.ru/get-autoru-vos/2160363/b38727f15430fd40ffbdeace5143f173/1200x900,2026-09-22T05:51:41Z
Ford,Mondeo,Ford Mondeo IV,https://auto.ru/cars/used/sale/ford/mondeo/1134067282-11eb79f9/,659000,Омск,2009,,5,232000,4,Не требует ремонта,Оригинал,,"бензин, 2.3 AT (161 л.с.)",автоматическая,передний,Левый,Седан,серебристый,https://avatars.avto.ru/get-autoru-vos/2154580/9bd20c732963c45e3a6aa1f89eebbf5a/1200x900,2026-09-22T05:51:41Z
Nissan,Bluebird Sylphy,Nissan Bluebird Sylphy I (G10),https://auto.ru/cars/used/sale/nissan/bluebird_sylphy/1133724630-ccf50e4d/,379000,Омск,2002,,5,343000,4,Не требует ремонта,Дубликат,,"бензин, 1.5 AT (105 л.с.)",автоматическая,передний,Правый,Седан,серебристый,https://avatars.avto.ru/get-autoru-vos/17915300/9bd93478bb529c4794ff280f78de3725/1200x900,2026-09-22T05:51:41Z
Hyundai,Solaris,Hyundai Solaris I Рестайлинг,https://auto.ru/cars/used/sale/hyundai/solaris/1131003752-b7aacfa8/,979000,Омск,2015,,5,115000,1,Не требует ремонта,Оригинал,Active,"бензин, 1.4 MT (107 л.с.)",механическая,передний,Левый,Хэтчбек 5 дв.,оранжевый,https://avatars.avto.ru/get-autoru-vos/20369579/063c6bffed5f3192f06ea3766db5b791/1200x900,2026-09-22T05:51:41Z
Ford,Fiesta,Ford Fiesta Mk5,https://auto.ru/cars/used/sale/ford/fiesta/1133960349-c837d85d/,689000,Омск,2008,,5,240550,4,Не требует ремонта,Оригинал,,"бензин, 1.4 AMT (80 л.с.)",робот,передний,Левый,Хэтчбек 3 дв.,красный,https://avatars.avto.ru/get-autoru-vos/2171035/55717423f230a8cfc512bd0a69f50931/1200x900,2026-09-22T05:51:41Z
Toyota,Camry,Toyota Camry VI (XV40),https://auto.ru/cars/used/sale/toyota/camry/1133931527-df9b8db3/,1249000,Омск,2008,,5,272000,3,Не требует ремонта,Оригинал,,"бензин, 3.5 AT (277 л.с.)",автоматическая,передний,Левый,Седан,серебристый,https://avatars.avto.ru/get-autoru-vos/1979518/d8646141f15aab8804698d29a1e74cde/1200x900,2026-09-22T05:51:41Z
Lada (ВАЗ),Kalina,Lada (ВАЗ) Kalina II,https://auto.ru/cars/used/sale/vaz/kalina/1133861392-c8072e9b/,379000,Омск,2014,,5,209000,1,Не требует ремонта,Оригинал,,"бензин, 1.6 MT (87 л.с.)",механическая,передний,Левый,Универсал 5 дв.,белый,https://avatars.avto.ru/get-autoru-vos/5454639/2655c98d79dc7288b45066f288f82baf/1200x900,2026-09-22T05:51:41Z
Mitsubishi,Lancer,Mitsubishi Lancer IX Рестайлинг,https://auto.ru/cars/used/sale/mitsubishi/lancer/1133519758-4c843c8e/,529000,Омск,2007,,5,214000,4,Не требует ремонта,Дубликат,,"бензин, 1.6 MT (98 л.с.)",механическая,передний,Левый,Седан,серебристый,https://avatars.avto.ru/get-autoru-vos/17413889/1ea45f7e753e1549c62e25399e1993ed/1200x900,2026-09-22T05:51:41Z
Datsun,on-DO,Datsun on-DO I,https://auto.ru/cars/used/sale/datsun/on_do/1133640503-884914af/,429000,Омск,2018,,5,250000,4,Не требует ремонта,Дубликат,Dream III,"бензин, 1.6 MT (87 л.с.)",механическая,передний,Левый,Седан,белый,https://photo.auto.ru/photo/get-autoru-vos/18104669/pHxU8zjShdGWYcLXgS7mHcPBVBR2XoeUwfkcd8PEJxwKrS_AfY9vrrtIPlor5oR8ydPIyxZwNTnaMS4YhD2qnnZh-xCREWITNW-FgvRq6IGOeV4osivfhu6--41S8Jqfux3WSpizOxMQxPl6eWgtYVQgqInHi97NMaU2ngI6Cxekpe4/1200x900,2026-09-22T05:51:41Z
Volkswagen,Golf,Volkswagen Golf VI,https://auto.ru/cars/used/sale/volkswagen/golf/1133682828-dd6b3cf0/,679000,Омск,2009,,5,245000,4,Не требует ремонта,Дубликат,,"бензин, 1.6 AMT (102 л.с.)",робот,передний,Левый,Хэтчбек 3 дв.,серый,https://avatars.avto.ru/get-autoru-vos/17714294/02f4e76ec62b254a821ee2a736befba4/1200x900,2026-09-22T05:51:41Z
Mazda,3,Mazda 3 II (BL),https://auto.ru/cars/used/sale/mazda/3/1134079289-c53c8605/,799000,Омск,2009,,5,240000,3,Не требует ремонта,Оригинал,,"бензин, 1.6 AT (105 л.с.)",автоматическая,передний,Левый,Седан,чёрный,https://avatars.avto.ru/get-autoru-vos/19816781/304d617afca0e8080bbc70edf50bd71f/1200x900,2026-09-22T05:51:41Z
Kia,Rio,Kia Rio 5-speed III,https://auto.ru/cars/used/sale/kia/rio/1133861387-0567829a/,629000,Омск,2013,,5,261000,2,Не требует ремонта,Дубликат,,"бензин, 5-speed 1.6 MT (123 л.с.)",механическая,передний,Левый,Седан,красный,https://avatars.avto.ru/get-autoru-vos/18071266/8df170855c6ca1fe8da133e17aa80ae1/1200x900,2026-09-22T05:51:41Z
Toyota,Vitz,Toyota Vitz III (XP130) Рестайлинг 2,https://auto.ru/cars/used/sale/toyota/vitz/1132167822-974142ee/,1119000,Омск,2019,,5,110000,1,Не требует ремонта,Оригинал,,"бензин, 1.0 CVT (69 л.с.)",вариатор,передний,Правый,Хэтчбек 5 дв.,серебристый,https://avatars.avto.ru/get-autoru-vos/19063053/eae03e0d887de2cc7bd761e567b8a3e9/1200x900,2026-09-22T05:51:41Z
Geely,Emgrand EC7,Geely Emgrand EC7,https://auto.ru/cars/used/sale/geely/emgrand_ec7/1134096379-7ee34aad/,589000,Омск,2014,,5,67500,2,Не требует ремонта,Оригинал,,"бензин, 1.8 MT (126 л.с.)",механическая,передний,Левый,Седан,чёрный,https://avatars.avto.ru/get-autoru-vos/17686578/d6a7151bd41e868cdd87523976382887/1200x900,2026-09-22T05:51:41Z
Mercedes-Benz,CLS,Mercedes-Benz CLS 350 I (C219) Рестайлинг,https://auto.ru/cars/used/sale/mercedes/cls_klasse/1133766396-8a431ba8/,2459000,Омск,2010,,4,273980,4,Не требует ремонта,Дубликат,,"дизель, 350 3.0d AT (224 л.с.)",автоматическая,задний,Левый,Седан,чёрный,https://avatars.avto.ru/get-autoru-vos/17926310/1fb3676ddec1464e50e0b8c3b3a3379b/1200x900,2026-09-22T05:51:41Z
Mazda,3,Mazda 3 III (BM),https://auto.ru/cars/used/sale/mazda/3/1133941621-47cc6b9a/,1449000,Омск,2014,,5,142200,2,Не требует ремонта,Оригинал,,"бензин, 1.5 AT (120 л.с.)",автоматическая,передний,Левый,Седан,синий,https://avatars.avto.ru/get-autoru-vos/2162278/ddeb618187ae9e494d8ac3f1fbc6ff37/1200x900,2026-09-22T05:51:41Z
Opel,Astra,Opel Astra GTC J Рестайлинг,https://auto.ru/cars/used/sale/opel/astra/1134206892-b84de669/,949000,Омск,2013,,5,298000,2,Не требует ремонта,Оригинал,,"бензин, GTC 1.6 MT (180 л.с.)",механическая,передний,Левый,Хэтчбек 3 дв. GTC,чёрный,https://avatars.avto.ru/get-autoru-vos/21020305/f52c2a755af3f8a13ee5ab0e0d634371/1200x900,2026-09-22T05:51:41Z
Toyota,Prius,Toyota Prius II Рестайлинг (XW20),https://auto.ru/cars/used/sale/toyota/prius/1134116785-8497244d/,899000,Омск,2008,,5,227800,1,Не требует ремонта,Оригинал,,"гибрид, 1.5hyb AT (76 л.с.)",автоматическая,передний,Правый,Лифтбек,серебристый,https://avatars.avto.ru/get-autoru-vos/19831563/41f74aaa421c1a38540e11875d26a6bb/1200x900,2026-09-22T05:51:41Z
Toyota,Corolla,"Toyota Corolla X (E140, E150) Рестайлинг",https://auto.ru/cars/used/sale/toyota/corolla/1134116794-55cc6f8c/,1129000,Омск,2011,,5,250500,4,Не требует ремонта,Оригинал,,"бензин, 1.6 AT (124 л.с.)",автоматическая,передний,Левый,Седан,серый,https://avatars.avto.ru/get-autoru-vos/20606978/71d202949f4d0ad576772e1e97f05e31/1200x900,2026-09-22T05:51:41Z
Toyota,Camry,Toyota Camry VI (XV40),https://auto.ru/cars/used/sale/toyota/camry/1133172664-85a7a7ff/,1199000,Омск,2006,,5,202000,4,Не требует ремонта,Дубликат,Комфорт Плюс,"бензин, 2.4 AT (167 л.с.)",автоматическая,передний,Левый,Седан,золотистый,https://avatars.avto.ru/get-autoru-vos/20848677/c01e92ecc08e2b38932e4d9fc13dbcf6/1200x900,2026-09-22T05:51:41Z
Kia,Cerato,Kia Cerato III Рестайлинг (Classic),https://auto.ru/cars/used/sale/kia/cerato/1132896293-7d140615/,1799000,Омск,2017,,5,50700,1,Не требует ремонта,Оригинал,Prestige,"бензин, 2.0 AT (150 л.с.)",автоматическая,передний,Левый,Седан,белый,https://avatars.avto.ru/get-autoru-vos/20036242/f2da9174e9d254ffa86826f130dd970a/1200x900,2026-09-22T05:51:41Z
Opel,Astra,Opel Astra GTC H Рестайлинг,https://auto.ru/cars/used/sale/opel/astra/1134030829-1d56a899/,529000,Омск,2010,,4,192500,3,Не требует ремонта,Дубликат,,"бензин, GTC 1.6 AMT (115 л.с.)",робот,передний,Левый,Хэтчбек 3 дв. GTC,белый,https://avatars.avto.ru/get-autoru-vos/20116688/35a694d4c5df5b46c88062009d2e0a65/1200x900,2026-09-22T05:51:41Z
Nissan,Almera,Nissan Almera III (G15),https://auto.ru/cars/used/sale/nissan/almera/1133825464-78ffaf52/,749000,Омск,2014,,5,218000,3,Не требует ремонта,Оригинал,,"бензин, 1.6 AT (102 л.с.)",автоматическая,передний,Левый,Седан,чёрный,https://avatars.avto.ru/get-autoru-vos/20265681/805e085aa5ec025a6c78d04374209027/1200x900,2026-09-22T05:51:41Z
Honda,Jazz,Honda Jazz I Рестайлинг,https://auto.ru/cars/used/sale/honda/jazz/1133352587-c0d7bcd1/,649000,Омск,2006,,5,187000,4,Не требует ремонта,Дубликат,Elegance,"бензин, 1.3 CVT (83 л.с.)",вариатор,передний,Левый,Хэтчбек 5 дв.,красный,https://avatars.avto.ru/get-autoru-vos/18106725/825542352c4172dee999c2eedf3d582f/1200x900,2026-09-22T05:51:41Z
Chevrolet,Lacetti,Chevrolet Lacetti I,https://auto.ru/cars/used/sale/chevrolet/lacetti/1132616536-e8c2aefe/,499000,Омск,2009,,5,220890,3,Не требует ремонта,Оригинал,Elite,"бензин, 1.4 MT (94 л.с.)",механическая,передний,Левый,Хэтчбек 5 дв.,чёрный,https://avatars.avto.ru/get-autoru-vos/20033387/ccd333cc7ae674f75feba1af815f6332/1200x900,2026-09-22T05:51:41Z
Toyota,Vitz,Toyota Vitz III (XP130),https://auto.ru/cars/used/sale/toyota/vitz/1133207230-c7d20d62/,699000,Омск,2011,,5,116000,1,Не требует ремонта,Оригинал,,"бензин, 1.0 CVT (69 л.с.)",вариатор,передний,Правый,Хэтчбек 5 дв.,красный,https://avatars.avto.ru/get-autoru-vos/18129838/7a9f750d98c014348e95fec4cda6a006/1200x900,2026-09-22T05:51:41Z
Toyota,Corolla,"Toyota Corolla X (E140, E150) Рестайлинг",https://auto.ru/cars/used/sale/toyota/corolla/1133697305-d9e18ac8/,1049000,Омск,2012,,5,299100,4,Не требует ремонта,Оригинал,,"бензин, 1.6 AT (124 л.с.)",автоматическая,передний,Левый,Седан,серый,https://photo.auto.ru/photo/get-autoru-vos/20951031/rMoER1EcSqJLsV28i_Kmf4gZeqglvDXDpWeYM69qspWmlXzyQuqm7BXoE2CRoqHmuUUzhQChuErvQz8jKAxf1hFlxGt3OPsTj7bNVNCJhoF5pZbiF76QC3QBnLhC7nvtZ6fXgQlDV1wcPueTOT9RsuWeMwbYMNaHHyLzklPmtJUakqI/1200x900,2026-09-22T05:51:41Z
Hyundai,Getz,Hyundai Getz I Рестайлинг,https://auto.ru/cars/used/sale/hyundai/getz/1133920076-2a7f9eb1/,499000,Омск,2007,,5,224000,4,Не требует ремонта,Дубликат,,"бензин, 1.4 AT (97 л.с.)",автоматическая,передний,Левый,Хэтчбек 5 дв.,зелёный,https://avatars.avto.ru/get-autoru-vos/21020531/57c3c561754b24e4e911b6aeb663af7d/1200x900,2026-09-22T05:51:41Z
Lada (ВАЗ),Granta,Lada (ВАЗ) Granta Sport I Рестайлинг,https://auto.ru/cars/used/sale/vaz/granta/1134209770-5861a4e7/,1129000,Омск,2024,,5,45000,2,Не требует ремонта,Оригинал,,"бензин, Sport 1.6 MT (118 л.с.)",механическая,передний,Левый,Седан Sport,чёрный,https://avatars.avto.ru/get-autoru-vos/21083893/a3c6f6a4c3bef29bce34dba428da0b44/1200x900,2026-09-22T05:51:41Z
Lada (ВАЗ),Vesta,Lada (ВАЗ) Vesta I,https://auto.ru/cars/used/sale/vaz/vesta/1133752014-53f269b2/,779000,Омск,2017,,5,210000,4,Не требует ремонта,Дубликат,,"бензин, 1.6 MT (106 л.с.)",механическая,передний,Левый,Седан,серый,https://avatars.avto.ru/get-autoru-vos/19936221/9a8a6e817cb09a44e7cd9cfc63f5f331/1200x900,2026-09-22T05:51:41Z
Mazda,3,Mazda 3 I (BK) Рестайлинг,https://auto.ru/cars/used/sale/mazda/3/1133941624-ba897a33/,579000,Омск,2008,,5,301000,4,Не требует ремонта,Оригинал,,"бензин, 1.6 AT (105 л.с.)",автоматическая,передний,Левый,Хэтчбек 5 дв.,синий,https://avatars.avto.ru/get-autoru-vos/11025717/cc680360cfd510dc39d158ce9f0013ad/1200x900,2026-09-22T05:51:41Z
Toyota,RAV4,Toyota RAV4 II (XA20),https://auto.ru/cars/used/sale/toyota/rav_4/1133057154-03eded79/,919000,Омск,2001,,5,399000,4,Не требует ремонта,Дубликат,,"бензин, 2.0 AT (150 л.с.) 4WD",автоматическая,полный,Левый,Внедорожник 3 дв.,зелёный,https://avatars.avto.ru/get-autoru-vos/20265681/108a2a5c0139c25ca07b364df9690581/1200x900,2026-09-22T05:51:41Z
Chevrolet,Aveo,Chevrolet Aveo I Рестайлинг,https://auto.ru/cars/used/sale/chevrolet/aveo/1133433474-287387a6/,599000,Омск,2006,,5,210000,4,Не требует ремонта,Дубликат,,"бензин, 1.4 AT (94 л.с.)",автоматическая,передний,Левый,Седан,голубой,https://avatars.avto.ru/get-autoru-vos/19700919/d9eb00058db2b2e9c0b416c04c789da1/1200x900,2026-09-22T05:51:44Z
Lada (ВАЗ),Vesta,Lada (ВАЗ) Vesta SW I,https://auto.ru/cars/used/sale/vaz/vesta/1133283365-a8f8a882/,899000,Омск,2019,,5,165800,2,Не требует ремонта,Оригинал,Comfort Winter EnjoY,"бензин, SW 1.6 MT (106 л.с.)",механическая,передний,Левый,Универсал 5 дв. SW,коричневый,https://avatars.avto.ru/get-autoru-vos/17913096/2aea0d3685e1513fa8110c9efd8e36ce/1200x900,2026-09-22T05:51:44Z
Toyota,Platz,Toyota Platz,https://auto.ru/cars/used/sale/toyota/platz/1132976779-52ec16d2/,399000,Омск,2003,,5,239000,4,Не требует ремонта,Дубликат,,"бензин, 1.3 AT (88 л.с.) 4WD",автоматическая,полный,Правый,Седан,синий,https://avatars.avto.ru/get-autoru-vos/20330248/22948113695d09579be62bb3fd3b1648/1200x900,2026-09-22T05:51:44Z
Skoda,Octavia,Skoda Octavia II (A5) Рестайлинг,https://auto.ru/cars/used/sale/skoda/octavia/1133589486-9eb95e03/,759000,Омск,2011,,5,184000,4,Не требует ремонта,Дубликат,Ambition,"бензин, 1.4 AMT (122 л.с.)",робот,передний,Левый,Лифтбек,серебристый,https://avatars.avto.ru/get-autoru-vos/21167286/f58231689838ec0f139ebfe652089d8a/1200x900,2026-09-22T05:51:44Z
Hyundai,Solaris,Hyundai Solaris I,https://auto.ru/cars/used/sale/hyundai/solaris/1129058777-1e583e02/,829000,Омск,2013,,5,165000,2,Не требует ремонта,Оригинал,Classic,"бензин, 1.6 MT (123 л.с.)",механическая,передний,Левый,Седан,белый,https://avatars.avto.ru/get-autoru-vos/15611445/457a6a7100f84805d0e8e62cdaa95cce/1200x900,2026-09-22T05:51:44Z
Renault,Logan,Renault Logan II Рестайлинг,https://auto.ru/cars/used/sale/renault/logan/1133601380-2379b898/,789000,Омск,2020,,5,115000,3,Не требует ремонта,Оригинал,Access,"бензин, 1.6 MT (82 л.с.)",механическая,передний,Левый,Седан,белый,https://avatars.avto.ru/get-autoru-vos/20363536/9f71075d6cff76f9b49d76d4b21a8f66/1200x900,2026-09-22T05:51:44Z
Lada (ВАЗ),Granta,Lada (ВАЗ) Granta I,https://auto.ru/cars/used/sale/vaz/granta/1133602317-88197299/,649000,Омск,2016,,5,143000,2,Не требует ремонта,Оригинал,Comfort 21902-51-010,"бензин, 1.6 AT (98 л.с.)",автоматическая,передний,Левый,Седан,синий,https://avatars.avto.ru/get-autoru-vos/21177414/8b72345a85671993d96b757d7c6af153/1200x900,2026-09-22T05:51:44Z
Toyota,Corolla,"Toyota Corolla Fielder X (E140, E150) Рестайлинг",https://auto.ru/cars/used/sale/toyota/corolla/1133030081-cc11399e/,1059000,Омск,2010,,5,180000,1,Не требует ремонта,Оригинал,,"бензин, Fielder 1.5 CVT (110 л.с.)",вариатор,передний,Правый,Универсал 5 дв. Fielder,чёрный,https://avatars.avto.ru/get-autoru-vos/20330248/9275a7337b4c47c9bcba387300a395c2/1200x900,2026-09-22T05:51:44Z
Lada (ВАЗ),Largus,Lada (ВАЗ) Largus I,https://auto.ru/cars/used/sale/vaz/largus/1131759055-830431cc/,779000,Омск,2018,,5,97000,2,Не требует ремонта,Оригинал,Comfort (5 мест),"бензин, 1.6 MT (106 л.с.)",механическая,передний,Левый,Универсал 5 дв.,белый,https://avatars.avto.ru/get-autoru-vos/17410390/a38e1e0ee9a07a92d6f9539ce60f441b/1200x900,2026-09-22T05:51:44Z
Volkswagen,Polo,Volkswagen Polo VI,https://auto.ru/cars/used/sale/volkswagen/polo/1133853309-cb7aa06b/,1579000,Омск,2021,,5,123000,2,Не требует ремонта,Оригинал,,"бензин, 1.6 AT (110 л.с.)",автоматическая,передний,Левый,Лифтбек,белый,https://photo.auto.ru/photo/get-autoru-vos/21177414/8SKE1-NnFKAHfLhGaKm3x_mqMbGhsWfhMxYQ2DKbfxrkGr5by4teEtyGrBbrGtfidYjiROlUv2o-Znl3ahgZZk2hfcQIwL9wxjZ16iLrcgMtd-lrdbCDQrZaxdpMNDc_tTic7oH9i_j12r9kt_K9J6fwJH3Qohs7mRqhnGLcNAv-hGI/1200x900,2026-09-22T05:51:44Z
Hyundai,Solaris,Hyundai Solaris II Рестайлинг,https://auto.ru/cars/used/sale/hyundai/solaris/1133895075-c670d814/,1749000,Омск,2021,,5,41098,1,Не требует ремонта,Оригинал,,"бензин, 1.6 AT (123 л.с.)",автоматическая,передний,Левый,Седан,белый,https://avatars.avto.ru/get-autoru-vos/1997083/84ff0818b718fcc1c576ac49cd973a5f/1200x900,2026-09-22T05:51:44Z
Toyota,Corolla,"Toyota Corolla X (E140, E150)",https://auto.ru/cars/used/sale/toyota/corolla/1133441468-a3a9e999/,719000,Омск,2007,,5,204000,4,Не требует ремонта,Дубликат,,"бензин, 1.6 AT (124 л.с.)",автоматическая,передний,Левый,Седан,голубой,https://avatars.avto.ru/get-autoru-vos/20335149/d5db0d38a39374b19750812206497aa3/1200x900,2026-09-22T05:51:44Z
Lada (ВАЗ),2107,Lada (ВАЗ) 2107,https://auto.ru/cars/used/sale/vaz/2107/1133439969-6bcfd10f/,279000,Омск,2007,,5,45000,3,Не требует ремонта,Оригинал,Cтандарт,"бензин, 1.6 MT (74 л.с.)",механическая,задний,Левый,Седан,красный,https://avatars.avto.ru/get-autoru-vos/21074985/bdc00c392c084d6bfb89231b58d97740/1200x900,2026-09-22T05:51:44Z
Lada (ВАЗ),Granta,Lada (ВАЗ) Granta I,https://auto.ru/cars/used/sale/vaz/granta/1133527342-ee74f515/,369000,Омск,2014,,5,209000,4,Не требует ремонта,Дубликат,Comfort 21911-51-72A,"бензин, 1.6 MT (87 л.с.)",механическая,передний,Левый,Лифтбек,белый,https://avatars.avto.ru/get-autoru-vos/16838867/c7ea72b81312ab43a2661ac78f899133/1200x900,2026-09-22T05:51:44Z
Lada (ВАЗ),2121 (4x4),Lada (ВАЗ) 2121 (4x4) I Рестайлинг (2020),https://auto.ru/cars/used/sale/vaz/2121/1133195740-9afaf4ee/,899000,Омск,2021,,4,68000,3,Не требует ремонта,Оригинал,Luxe Кондиционер Камуфляж,"бензин, 1.7 MT (83 л.с.) 4WD",механическая,полный,Левый,Внедорожник 3 дв.,серебристый,https://avatars.avto.ru/get-autoru-vos/20543926/08b8fa7248d35d3dfcbe788452cef86c/1200x900,2026-09-22T05:51:44Z
Volkswagen,Jetta,Volkswagen Jetta VI,https://auto.ru/cars/used/sale/volkswagen/jetta/1134136767-cd602afd/,849000,Омск,2013,,5,260000,4,Не требует ремонта,Оригинал,,"бензин, 1.4 AMT (122 л.с.)",робот,передний,Левый,Седан,белый,https://avatars.avto.ru/get-autoru-vos/18106725/21efcfce3543d428e00a0559bd13d069/1200x900,2026-09-22T05:51:44Z
Daihatsu,Move,Daihatsu Move VI Рестайлинг,https://auto.ru/cars/used/sale/daihatsu/move/1133044965-38d9049f/,949000,Омск,2020,,4,69600,1,Не требует ремонта,Оригинал,,"бензин, 0.7 CVT (52 л.с.)",вариатор,передний,Правый,Микровэн,серебристый,https://avatars.avto.ru/get-autoru-vos/16019815/745a040f246ff5b4cf0fddf8058c1a0c/1200x900,2026-09-22T05:51:44Z
Toyota,Vitz,Toyota Vitz I (P10),https://auto.ru/cars/used/sale/toyota/vitz/1133373514-8076d25e/,329000,Омск,2000,,5,260000,4,Не требует ремонта,Оригинал,,"бензин, 1.0 AT (70 л.с.)",автоматическая,передний,Правый,Хэтчбек 5 дв.,розовый,https://avatars.avto.ru/get-autoru-vos/15317912/40f3679713dd6db5530874c382d6cf7f/1200x900,2026-09-22T05:51:44Z
Toyota,Corolla,"Toyota Corolla X (E140, E150)",https://auto.ru/cars/used/sale/toyota/corolla/1134229415-d3ea3477/,899000,Омск,2008,,5,162000,4,Не требует ремонта,Дубликат,,"бензин, 1.4 MT (97 л.с.)",механическая,передний,Левый,Седан,белый,https://avatars.avto.ru/get-autoru-vos/17786981/9b7db53104c4f3eb1a3527f4dcaffb01/1200x900,2026-09-22T05:51:44Z
Toyota,Camry,Toyota Camry VI (XV40),https://auto.ru/cars/used/sale/toyota/camry/1133825466-575c2b5a/,1149000,Омск,2006,,5,217000,4,Не требует ремонта,Дубликат,,"бензин, 2.4 AT (167 л.с.)",автоматическая,передний,Левый,Седан,чёрный,https://avatars.avto.ru/get-autoru-vos/20394542/b689c864e937551a8b2a71242ae67af1/1200x900,2026-09-22T05:51:44Z
Hyundai,i40,Hyundai i40 I,https://auto.ru/cars/used/sale/hyundai/i40/1133470164-e1ba4667/,1199000,Омск,2013,,5,247000,4,Не требует ремонта,Дубликат,Advance,"бензин, 2.0 AT (150 л.с.)",автоматическая,передний,Левый,Универсал 5 дв.,серебристый,https://avatars.avto.ru/get-autoru-vos/20446679/1c56d2c8e28366e729e535f246e9dc24/1200x900,2026-09-22T05:51:44Z
Volkswagen,Passat,Volkswagen Passat B7,https://auto.ru/cars/used/sale/volkswagen/passat/1133812438-a05b0a8b/,1239000,Омск,2012,,5,100000,1,Не требует ремонта,Оригинал,,"бензин, 1.4 AMT (122 л.с.)",робот,передний,Правый,Универсал 5 дв.,серебристый,https://avatars.avto.ru/get-autoru-vos/14564401/a11342ce87429fb02e0e87fec0d9ec0a/1200x900,2026-09-22T05:51:44Z
Nissan,Note,Nissan Note II Рестайлинг,https://auto.ru/cars/used/sale/nissan/note/1133697306-bf30b045/,1029000,Омск,2017,,5,150986,2,Не требует ремонта,Оригинал,,"бензин, 1.2 CVT (79 л.с.)",вариатор,передний,Правый,Хэтчбек 5 дв.,синий,https://photo.auto.ru/photo/get-autoru-vos/20016218/QIR9cfe8-3IuSAn_1vkmIKUrPj3JCJJ_t-HUcgUa3xzFZyvRCg-W3zJAkygFDrGA-mxwr9EqFFVVMfkl9bPWMN6bxh-EFHEIkF128XlL5m5CfMrQYRL-hGQrQtielG927grs_396sL6O6Oc7rbT0SrFYS1JpFWHU35_xZ2h-kDEI79k/1200x900,2026-09-22T05:51:44Z
Hyundai,Getz,Hyundai Getz I Рестайлинг,https://auto.ru/cars/used/sale/hyundai/getz/1133299169-f7081297/,599000,Омск,2008,,5,134850,4,Не требует ремонта,Оригинал,Comfort,"бензин, 1.4 AT (97 л.с.)",автоматическая,передний,Левый,Хэтчбек 5 дв.,серый,https://avatars.avto.ru/get-autoru-vos/17697421/5d089df31e9a638307792f3cf2cde8db/1200x900,2026-09-22T05:51:44Z
Mazda,3,Mazda 3 III (BM),https://auto.ru/cars/used/sale/mazda/3/1133527334-4459b7d0/,1109000,Омск,2014,,5,227331,4,Не требует ремонта,Дубликат,Active+,"бензин, 1.5 AT (120 л.с.)",автоматическая,передний,Левый,Хэтчбек 5 дв.,серый,https://avatars.avto.ru/get-autoru-vos/19815194/a3af61c5e11fe7071ee22ddb19a05e9d/1200x900,2026-09-22T05:51:44Z
Honda,Insight,Honda Insight II,https://auto.ru/cars/used/sale/honda/insight/1133181189-4c7bb5f8/,799000,Омск,2009,,5,133000,2,Не требует ремонта,Оригинал,,"гибрид, 1.3hyb CVT (88 л.с.)",вариатор,передний,Правый,Хэтчбек 5 дв.,серебристый,https://avatars.avto.ru/get-autoru-vos/16145448/fb6f3b22f0588183a8d7975869a39ccb/1200x900,2026-09-22T05:51:44Z
Hyundai,Solaris,Hyundai Solaris I Рестайлинг,https://auto.ru/cars/used/sale/hyundai/solaris/1133657745-3c314136/,999000,Омск,2016,,5,147444,1,Не требует ремонта,Оригинал,,"бензин, 1.6 AT (123 л.с.)",автоматическая,передний,Левый,Седан,чёрный,https://avatars.avto.ru/get-autoru-vos/15453628/7816b847cb68c3852043f53f112190a0/1200x900,2026-09-22T05:51:44Z
Nissan,Note,Nissan Note II Рестайлинг,https://auto.ru/cars/used/sale/nissan/note/1133951021-64697601/,1289000,Омск,2020,,5,105000,1,Не требует ремонта,Оригинал,,"бензин, 1.2 CVT (79 л.с.)",вариатор,передний,Правый,Хэтчбек 5 дв.,серебристый,https://avatars.avto.ru/get-autoru-vos/4880007/405828799abe2c0435bc4cdcaafcf49e/1200x900,2026-09-22T05:51:44Z
Honda,Fit,Honda Fit IV,https://auto.ru/cars/used/sale/honda/fit/1134067281-27db1b9d/,1399000,Омск,2020,,5,93500,2,Не требует ремонта,Оригинал,,"бензин, 1.3 CVT (98 л.с.)",вариатор,передний,Правый,Хэтчбек 5 дв.,красный,https://avatars.avto.ru/get-autoru-vos/16503020/8ff87ef8d4d48069f3da16c3ceded271/1200x900,2026-09-22T05:51:44Z
Kia,Cerato,Kia Cerato III Рестайлинг (Classic),https://auto.ru/cars/used/sale/kia/cerato/1133622939-811ffd19/,1949000,Омск,2018,,5,82200,2,Не требует ремонта,Оригинал,Luxe,"бензин, 2.0 AT (150 л.с.)",автоматическая,передний,Левый,Седан,чёрный,https://avatars.avto.ru/get-autoru-vos/20036242/5bbf6caa39432a43a3c5bb02893a46af/1200x900,2026-09-22T05:51:44Z
Toyota,Vitz,Toyota Vitz III (XP130) Рестайлинг,https://auto.ru/cars/used/sale/toyota/vitz/1133943329-40b08f05/,1209000,Омск,2015,,5,18650,1,Не требует ремонта,Оригинал,,"бензин, 1.3 CVT (99 л.с.)",вариатор,передний,Правый,Хэтчбек 5 дв.,серебристый,https://avatars.avto.ru/get-autoru-vos/16019815/d6130699d9e59c3a670a4f5359e08caa/1200x900,2026-09-22T05:51:44Z
Kia,Rio,Kia Rio 5-speed III,https://auto.ru/cars/used/sale/kia/rio/1133373517-3c48424c/,599000,Омск,2013,,5,306000,3,Не требует ремонта,Оригинал,Luxe,"бензин, 5-speed 1.6 MT (123 л.с.)",механическая,передний,Левый,Седан,голубой,https://avatars.avto.ru/get-autoru-vos/16348430/684206d79a36dd4f6a2c85f6dd02dd9d/1200x900,2026-09-22T05:51:44Z
Toyota,Camry,Toyota Camry VII (XV50) Рестайлинг,https://auto.ru/cars/used/sale/toyota/camry/1134021073-2971d4f6/,2349000,Омск,2016,,5,179000,4,Не требует ремонта,Оригинал,,"бензин, 2.5 AT (181 л.с.)",автоматическая,передний,Левый,Седан,чёрный,https://avatars.avto.ru/get-autoru-vos/17686578/58b6df84b28d965b1551b42bc1f9ac31/1200x900,2026-09-22T05:51:44Z
Opel,Astra,Opel Astra GTC H Рестайлинг,https://auto.ru/cars/used/sale/opel/astra/1133723689-51d029d2/,549000,Омск,2007,,4,240000,4,Не требует ремонта,Дубликат,,"бензин, GTC 1.6 AMT (115 л.с.)",робот,передний,Левый,Хэтчбек 3 дв. GTC,красный,https://avatars.avto.ru/get-autoru-vos/20543926/212e6e49451e53f1f58fca211789833d/1200x900,2026-09-22T05:51:44Z
Chevrolet,Cruze,Chevrolet Cruze I,https://auto.ru/cars/used/sale/chevrolet/cruze/1133812439-c50fd363/,649000,Омск,2010,,5,236600,4,Не требует ремонта,Дубликат,,"бензин, 1.6 AT (109 л.с.)",автоматическая,передний,Левый,Седан,серебристый,https://avatars.avto.ru/get-autoru-vos/16995928/ffe4f2570f23f684cf9452e6f4ed981a/1200x900,2026-09-22T05:51:44Z
Volkswagen,Polo,Volkswagen Polo V Рестайлинг,https://auto.ru/cars/used/sale/volkswagen/polo/1131963954-ebf16d0d/,769000,Омск,2019,,5,300217,1,Не требует ремонта,Оригинал,Allstar,"бензин, 1.6 MT (110 л.с.)",механическая,передний,Левый,Седан,коричневый,https://avatars.avto.ru/get-autoru-vos/18141476/fe4d98b48e1728401a3bcac13f414225/1200x900,2026-09-22T05:51:44Z
Hyundai,Solaris,Hyundai Solaris I Рестайлинг,https://auto.ru/cars/used/sale/hyundai/solaris/1133091155-678acd5a/,999000,Омск,2016,,5,173000,4,Не требует ремонта,Оригинал,Special Edition,"бензин, 1.6 AT (123 л.с.)",автоматическая,передний,Левый,Седан,серый,https://avatars.avto.ru/get-autoru-vos/20331633/f304d5fe8fce382464d505ed95572820/1200x900,2026-09-22T05:51:44Z
Lada (ВАЗ),Granta,Lada (ВАЗ) Granta I Рестайлинг,https://auto.ru/cars/used/sale/vaz/granta/1134167099-e41a1692/,649000,Омск,2019,,5,95400,3,Не требует ремонта,Оригинал,,"бензин, 1.6 MT (87 л.с.)",механическая,передний,Левый,Седан,серебристый,https://avatars.avto.ru/get-autoru-vos/20341802/834e7d5180baa07ed0152e913e57c894/1200x900,2026-09-22T05:51:46Z
Volkswagen,Polo,Volkswagen Polo V Рестайлинг,https://auto.ru/cars/used/sale/volkswagen/polo/1133812433-7c70eb9d/,1179000,Омск,2019,,5,86800,3,Не требует ремонта,Оригинал,,"бензин, 1.6 AT (110 л.с.)",автоматическая,передний,Левый,Седан,белый,https://avatars.avto.ru/get-autoru-vos/4575350/f2890e7345cfde98ec559a957410765a/1200x900,2026-09-22T05:51:46Z
Lada (ВАЗ),Granta,Lada (ВАЗ) Granta I Рестайлинг,https://auto.ru/cars/used/sale/vaz/granta/1133682831-945bf742/,929000,Омск,2023,,5,65000,1,Не требует ремонта,Оригинал,,"бензин, 1.6 MT (90 л.с.)",механическая,передний,Левый,Седан,чёрный,https://avatars.avto.ru/get-autoru-vos/17674678/b5f17496c6f1206ef1373eda81e5a4ec/1200x900,2026-09-22T05:51:46Z
Lada (ВАЗ),Granta,Lada (ВАЗ) Granta I Рестайлинг,https://auto.ru/cars/used/sale/vaz/granta/1133602321-17ac18d9/,729000,Омск,2020,,5,27000,1,Не требует ремонта,Оригинал,#Club,"бензин, 1.6 MT (87 л.с.)",механическая,передний,Левый,Лифтбек,белый,https://avatars.avto.ru/get-autoru-vos/20116688/28cab1a77d572dd4d1bb66ab01e378fd/1200x900,2026-09-22T05:51:46Z
Hyundai,Elantra,Hyundai Elantra VI (AD),https://auto.ru/cars/used/sale/hyundai/elantra/1133682827-e3d0c48d/,1659000,Омск,2018,,5,88000,3,Не требует ремонта,Дубликат,,"бензин, 1.6 AT (128 л.с.)",автоматическая,передний,Левый,Седан,серебристый,https://avatars.avto.ru/get-autoru-vos/19063053/5145f4596072b050649270a084951c27/1200x900,2026-09-22T05:51:46Z
Hyundai,Solaris,Hyundai Solaris II,https://auto.ru/cars/used/sale/hyundai/solaris/1133029165-3d8c4982/,1219000,Омск,2019,,5,200000,2,Не требует ремонта,Оригинал,Comfort,"бензин, 1.6 AT (123 л.с.)",автоматическая,передний,Левый,Седан,серебристый,https://avatars.avto.ru/get-autoru-vos/20134224/64a0aea6c001efff26b6a5e7af83723e/1200x900,2026-09-22T05:51:46Z
Lada (ВАЗ),Vesta,Lada (ВАЗ) Vesta SW I Рестайлинг (NG),https://auto.ru/cars/used/sale/vaz/vesta/1133724631-60a8982a/,1929000,Омск,2025,,5,10000,1,Не требует ремонта,Оригинал,,"бензин, SW 1.8 CVT (122 л.с.)",вариатор,передний,Левый,Универсал 5 дв. SW,чёрный,https://avatars.avto.ru/get-autoru-vos/17973062/b0f9a8fa7aec41db149c426946284000/1200x900,2026-09-22T05:51:46Z
Lexus,IS,Lexus IS 250 II,https://auto.ru/cars/used/sale/lexus/is/1133801055-36f36bd4/,999000,Омск,2007,,5,271000,4,Не требует ремонта,Дубликат,,"бензин, 250 2.5 AT (208 л.с.)",автоматическая,задний,Левый,Седан,голубой,https://avatars.avto.ru/get-autoru-vos/17673331/3f563aa3c5473b6c52eddb2d2bff34b0/1200x900,2026-09-22T05:51:46Z
Kia,Rio,Kia Rio 4-speed III,https://auto.ru/cars/used/sale/kia/rio/1133149634-4f54c2a3/,969000,Омск,2012,,5,212150,4,Не требует ремонта,Оригинал,Luxe,"бензин, 4-speed 1.6 AT (123 л.с.)",автоматическая,передний,Левый,Седан,чёрный,https://avatars.avto.ru/get-autoru-vos/20291570/618f1306d2adee24158c2a95a7729ae6/1200x900,2026-09-22T05:51:46Z
Kia,Rio,Kia Rio III Рестайлинг,https://auto.ru/cars/used/sale/kia/rio/1133601382-8486720a/,999000,Омск,2015,,5,172820,3,Не требует ремонта,Оригинал,Comfort Аудио,"бензин, 1.6 MT (123 л.с.)",механическая,передний,Левый,Седан,голубой,https://avatars.avto.ru/get-autoru-vos/17709910/48273c5971a0e23e116b0687ed6b2a59/1200x900,2026-09-22T05:51:46Z
Opel,Astra,Opel Astra J,https://auto.ru/cars/used/sale/opel/astra/1133852454-40a222ba/,929000,Омск,2012,,5,104000,1,Не требует ремонта,Оригинал,,"бензин, 1.6 MT (115 л.с.)",механическая,передний,Левый,Хэтчбек 5 дв.,серебристый,https://avatars.avto.ru/get-autoru-vos/20289822/ac5954de68b35fd38c63f787dab7af10/1200x900,2026-09-22T05:51:46Z
Lada (ВАЗ),Vesta,Lada (ВАЗ) Vesta I,https://auto.ru/cars/used/sale/vaz/vesta/1134005100-2470b39d/,1169000,Омск,2020,,5,57292,2,Не требует ремонта,Оригинал,,"бензин, 1.6 MT (106 л.с.)",механическая,передний,Левый,Седан,чёрный,https://photo.auto.ru/photo/get-autoru-vos/17698338/Z7Oszk0o5zLMto58hYDmO-hVKIaPh5xJBJ5AY1zSTZHY2c4MMIMtrGrPaet_x7kGlQh7wvp1fF3CU-88rpGZ2EE06reb758dUQKB3XOyvN8VcP3SmfsXTFERIfXqtpAXvS3abdu3XbAytONLvdA18enV9eRu7LcHvvf5PPh7wQOjbVQ/1200x900,2026-09-22T05:51:46Z
Hyundai,Solaris,Hyundai Solaris I,https://auto.ru/cars/used/sale/hyundai/solaris/1134217265-d23abf2d/,909000,Омск,2013,,5,174000,2,Не требует ремонта,Оригинал,,"бензин, 1.4 AT (107 л.с.)",автоматическая,передний,Левый,Седан,голубой,https://avatars.avto.ru/get-autoru-vos/17786981/34272e9807d2d8abc98e15276d157de1/1200x900,2026-09-22T05:51:46Z
Honda,Fit,Honda Fit Hybrid II,https://auto.ru/cars/used/sale/honda/fit/1133609501-36d5ed74/,499000,Омск,2010,,5,566000,4,Не требует ремонта,Дубликат,,"гибрид, Hybrid 1.3hyb CVT (88 л.с.)",вариатор,передний,Правый,Хэтчбек 5 дв.,серебристый,https://photo.auto.ru/photo/get-autoru-vos/19634380/XRmT2ToQ5IJbAgGLaXF1guSlaaVSHMIxK7PJb_ZFJjdsje5XXYNLRWo2zeaXbxRBGOokp1mtfNmCG5IiYVuKacRWaD2YoTEA0C4kyLKVMIW2sOWxIJTtxR9RsWJ77wvtH5PW7E2lEyRX1zzQjPE6IULpegaqmiTmoweT_ifZ95Ne5Zs/1200x900,2026-09-22T05:51:46Z
Lada (ВАЗ),Granta,Lada (ВАЗ) Granta I Рестайлинг,https://auto.ru/cars/used/sale/vaz/granta/1133195735-0434b3f9/,939000,Омск,2021,,5,3700,1,Не требует ремонта,Оригинал,Luxe,"бензин, 1.6 MT (87 л.с.)",механическая,передний,Левый,Седан,белый,https://avatars.avto.ru/get-autoru-vos/16673081/c47e13e5a9c20e87becd7f3712a064d9/1200x900,2026-09-22T05:51:46Z
Hyundai,Solaris,Hyundai Solaris I,https://auto.ru/cars/used/sale/hyundai/solaris/1133867344-7b5ff2ac/,929000,Омск,2013,,5,158100,1,Не требует ремонта,Оригинал,,"бензин, 1.4 AT (107 л.с.)",автоматическая,передний,Левый,Хэтчбек 5 дв.,серый,https://avatars.avto.ru/get-autoru-vos/17711405/4aa49f29b07eb0f82642ff4e63907c6c/1200x900,2026-09-22T05:51:46Z
Lada (ВАЗ),Granta,Lada (ВАЗ) Granta I Рестайлинг,https://auto.ru/cars/used/sale/vaz/granta/1133711221-a41dc61a/,499000,Оренбург,2021,,5,113600,2,Не требует ремонта,Оригинал,,"бензин, 1.6 MT (87 л.с.)",механическая,передний,Левый,Универсал 5 дв.,серебристый,https://avatars.avto.ru/get-autoru-vos/20054636/f39640d9d33e6a23fc86f48c96ddce22/1200x900,2026-09-22T05:51:48Z
Geely,Coolray,Geely Coolray I,https://auto.ru/cars/used/sale/geely/coolray/1133496270-da62f528/,1559000,Оренбург,2021,,5,124500,1,Не требует ремонта,Оригинал,Luxury,"бензин, 1.5 AMT (150 л.с.)",робот,передний,Левый,Внедорожник 5 дв.,серый,https://avatars.avto.ru/get-autoru-vos/19785726/f0054c76d0fd9686ad7e9227149c203d/1200x900,2026-09-22T05:51:48Z
УАЗ,Патриот,УАЗ Патриот I Рестайлинг 2,https://auto.ru/cars/used/sale/uaz/patriot/1133695641-0d575b64/,629000,Оренбург,2015,,5,243000,4,Не требует ремонта,Оригинал,,"бензин, 2.7 MT (128 л.с.) 4WD",механическая,полный,Левый,Внедорожник 5 дв.,белый,https://avatars.avto.ru/get-autoru-vos/16164821/70e55302771fa284df5da326698e1780/1200x900,2026-09-22T05:51:48Z
Chevrolet,Cobalt,Chevrolet Cobalt II,https://auto.ru/cars/used/sale/chevrolet/cobalt/1133740797-0be2f478/,569000,Оренбург,2013,,5,208000,3,Не требует ремонта,Оригинал,,"бензин, 1.5 MT (105 л.с.)",механическая,передний,Левый,Седан,чёрный,https://avatars.avto.ru/get-autoru-vos/17733459/86e40615ab7b25a1d6f99849daa65ec0/1200x900,2026-09-22T05:51:48Z
Nissan,Almera,Nissan Almera III (G15),https://auto.ru/cars/used/sale/nissan/almera/1133862723-cdea7230/,569000,Оренбург,2015,,5,162756,4,Не требует ремонта,Дубликат,,"бензин, 1.6 AT (102 л.с.)",автоматическая,передний,Левый,Седан,белый,https://avatars.avto.ru/get-autoru-vos/2058473/c77842e43fd9d89f30af8e651a7c1f74/1200x900,2026-09-22T05:51:48Z
Daewoo,Matiz,Daewoo Matiz I Рестайлинг,https://auto.ru/cars/used/sale/daewoo/matiz/1133926961-fff4d3bd/,239000,Оренбург,2009,,5,119000,4,Не требует ремонта,Дубликат,,"бензин, 0.8 MT (52 л.с.)",механическая,передний,Левый,Хэтчбек 5 дв.,красный,https://avatars.avto.ru/get-autoru-vos/5335648/806aac5642a519e54f8df00391b96606/1200x900,2026-09-22T05:51:48Z
Lada (ВАЗ),Vesta,Lada (ВАЗ) Vesta I,https://auto.ru/cars/used/sale/vaz/vesta/1133697801-756b4a31/,959000,Оренбург,2018,,5,107182,1,Не требует ремонта,Оригинал,,"бензин, 1.6 MT (106 л.с.)",механическая,передний,Левый,Седан,серый,https://photo.auto.ru/photo/get-autoru-vos/17636325/29LVsDytrcCv5R60oOMuluvvYdosDVMKr0_H-xIwuuPdzWBe3GqlpbPgQOGKobynhLxFKaVl-TfpRB0cPDZ5y1MxqlMRLW30OztwnxTZdOJoSvCJI-D7afwUbEuXkfW5jmklH1jYkDI1Z1F9mnD1EN_azh2YTyODqHzG3_JakLEsEQ/1200x900,2026-09-22T05:51:48Z
Kia,Rio,Kia Rio III Рестайлинг,https://auto.ru/cars/used/sale/kia/rio/1133850592-98bd8bcb/,1009000,Оренбург,2016,,5,130000,2,Не требует ремонта,Дубликат,,"бензин, 1.4 MT (107 л.с.)",механическая,передний,Левый,Седан,серый,https://avatars.avto.ru/get-autoru-vos/20132077/367bd72734ed8394940358d8f59a3dd2/1200x900,2026-09-22T05:51:48Z
Jeep,Wrangler,Jeep Wrangler IV (JL),https://auto.ru/cars/used/sale/jeep/wrangler/1132644721-12dba395/,3279000,Пермь,2019,,5,116306,1,Не требует ремонта,Оригинал,Sport,"бензин, 2.0 AT (272 л.с.) 4WD",автоматическая,полный,Левый,Внедорожник 5 дв.,белый,https://avatars.avto.ru/get-autoru-vos/17713999/af80fa7a39bffe8a85950a73b4bfa374/1200x900,2026-09-22T05:51:52Z
BMW,X3,BMW X3 Long 30L xDrive IV (G45/G48),https://auto.ru/cars/used/sale/bmw/x3/1134155537-8185a75c/,7350000,Пермь,2026,,5,400,1,Не требует ремонта,Оригинал,,"бензин, 30L xDrive 2.0 AT (258 л.с.) 4WD",автоматическая,полный,Левый,Внедорожник 5 дв. Long,чёрный,https://avatars.avto.ru/get-autoru-vos/16673081/c36c8bc4ea9887e2a668b7106cca4282/1200x900,2026-09-22T05:51:52Z
Tenet,T4L,Tenet T4L,https://auto.ru/cars/used/sale/tenet/t4l/1133941731-b63591ed/,2200000,Пермь,2026,,5,1350,1,Не требует ремонта,Оригинал,,"бензин, 1.5 AMT (147 л.с.)",робот,передний,Левый,Внедорожник 5 дв.,чёрный,https://avatars.avto.ru/get-autoru-vos/20335149/5a709fd0b4dc8ef94b81b65c637fef48/1200x900,2026-09-22T05:51:52Z
Hyundai,Creta,Hyundai Creta I,https://auto.ru/cars/used/sale/hyundai/creta/1133801444-d154ef95/,999000,Пермь,2019,,5,110000,1,Не требует ремонта,Оригинал,,"бензин, 1.6 MT (121 л.с.) 4WD",механическая,полный,Левый,Внедорожник 5 дв.,серый,https://avatars.avto.ru/get-autoru-vos/6394190/ffbfebc7523550b0ee00722187d8d794/1200x900,2026-09-22T05:51:52Z
Toyota,Sienna,Toyota Sienna IV,https://auto.ru/cars/used/sale/toyota/sienna/1132528635-073e9254/,3999000,Пермь,2021,,7,5000,1,Не требует ремонта,Оригинал,Comfort,"гибрид, 2.5hyb AT (245 л.с.)",автоматическая,передний,Левый,Минивэн,серебристый,https://avatars.avto.ru/get-autoru-vos/20363536/2a3be29eee1d470bb13667d8f3a525b0/1200x900,2026-09-22T05:51:52Z
Sollers,SF1,Sollers SF1,https://auto.ru/cars/used/sale/sollers/sf1/1133873374-a217d19b/,2809000,Пермь,2026,,7,30000,1,Не требует ремонта,Оригинал,,"бензин, 1.5 MT (136 л.с.)",механическая,задний,Левый,Минивэн,серебристый,https://avatars.avto.ru/get-autoru-vos/4758774/e483441af3adeb388b8aca74986ac7da/1200x900,2026-09-22T05:51:52Z
Hyundai,Solaris,Hyundai Solaris II Рестайлинг,https://auto.ru/cars/used/sale/hyundai/solaris/1134020261-8a016511/,999000,Пермь,2020,,5,181235,2,Не требует ремонта,Оригинал,,"бензин, 1.6 AT (123 л.с.)",автоматическая,передний,Левый,Седан,белый,https://avatars.avto.ru/get-autoru-vos/15580208/ba3292903eb35e690abbf824b1bfd0b2/1200x900,2026-09-22T05:51:52Z
Sollers,SF1,Sollers SF1,https://auto.ru/cars/used/sale/sollers/sf1/1133851881-5f882109/,2799000,Пермь,2026,,7,29650,1,Не требует ремонта,Оригинал,,"бензин, 1.5 MT (136 л.с.)",механическая,задний,Левый,Минивэн,чёрный,https://avatars.avto.ru/get-autoru-vos/2165712/0d36f6605b42fc5a3ed5f754ab922304/1200x900,2026-09-22T05:51:52Z
Nissan,X-Trail,Nissan X-Trail III,https://auto.ru/cars/used/sale/nissan/x_trail/1132774996-2c5f9e12/,1499000,Пермь,2017,,5,132381,2,Не требует ремонта,Оригинал,SE Яндекс.Авто,"бензин, 2.0 CVT (144 л.с.)",вариатор,передний,Левый,Внедорожник 5 дв.,синий,https://avatars.avto.ru/get-autoru-vos/16348430/0e520c0ba6401bd7e258c2b860c3602a/1200x900,2026-09-22T05:51:52Z
Hyundai,Santa Fe,Hyundai Santa Fe IV Рестайлинг,https://auto.ru/cars/used/sale/hyundai/santa_fe/1132153361-6c7d9c72/,3459000,Пермь,2021,,5,51000,1,Не требует ремонта,Оригинал,,"бензин, 2.5 AT (194 л.с.) 4WD",автоматическая,полный,Левый,Внедорожник 5 дв.,серебристый,https://avatars.avto.ru/get-autoru-vos/20193191/8fde7fb3ffbb34364eed2f2a76953294/1200x900,2026-09-22T05:51:52Z
Toyota,Probox,Toyota Probox I Рестайлинг,https://auto.ru/cars/used/sale/toyota/probox/1129478040-7f8db0bd/,999000,Пермь,2018,,5,104639,1,Не требует ремонта,Оригинал,,"бензин, 1.5 CVT (109 л.с.)",вариатор,передний,Правый,Универсал 5 дв.,белый,https://avatars.avto.ru/get-autoru-vos/19700919/4756de0e85ee1bbd7d8ddd5a61dccd3a/1200x900,2026-09-22T05:51:52Z
Nissan,X-Trail,Nissan X-Trail III,https://auto.ru/cars/used/sale/nissan/x_trail/1133801379-39480d83/,1799000,Пермь,2019,,5,162032,1,Не требует ремонта,Оригинал,,"бензин, 2.5 CVT (171 л.с.) 4WD",вариатор,полный,Левый,Внедорожник 5 дв.,чёрный,https://avatars.avto.ru/get-autoru-vos/14916128/cb5198b9ae4308466a59efd4931929e9/1200x900,2026-09-22T05:51:52Z
Haval,Dargo,Haval Dargo I,https://auto.ru/cars/used/sale/haval/dargo/1134138404-352033d9/,2249000,Пермь,2023,,5,85013,1,Не требует ремонта,Оригинал,,"бензин, 2.0 AMT (192 л.с.) 4WD",робот,полный,Левый,Внедорожник 5 дв.,серебристый,https://photo.auto.ru/photo/get-autoru-vos/17783177/Vs66cqD8mqBsH57nFH8lsi9D6pebc2tveQYbXy4COb06tpYSmijYlHPkNROjc3J7KCrs9Ma-4Ro3G-9GKqumzR5788ZNKh7C6oK_E6Yczcibg3EAumOwrfEewaIsogI106hZ3VvewvVHwrqNxawx5RLwF97HVNHynmf9rqzL57N_ouM/1200x900,2026-09-22T05:51:52Z
Jetour,Dashing,Jetour Dashing I,https://auto.ru/cars/used/sale/jetour/dashing/1132519953-d9044466/,1929000,Пермь,2024,,5,17358,1,Не требует ремонта,Оригинал,Премиум,"бензин, 1.6 AMT (190 л.с.)",робот,передний,Левый,Внедорожник 5 дв.,зелёный,https://avatars.avto.ru/get-autoru-vos/19634380/a7ee25ed29492f737c05a6191c4584f2/1200x900,2026-09-22T05:51:52Z
Subaru,Forester,Subaru Forester V Рестайлинг,https://auto.ru/cars/used/sale/subaru/forester/1133801427-8fc369da/,3329000,Пермь,2021,,5,60000,1,Не требует ремонта,Оригинал,,"бензин, 2.5 CVT (185 л.с.) 4WD",вариатор,полный,Левый,Внедорожник 5 дв.,чёрный,https://avatars.avto.ru/get-autoru-vos/2176999/1bdd64c591242e0650f4b1e1b25258b5/1200x900,2026-09-22T05:51:52Z
Kia,Rio,Kia Rio IV,https://auto.ru/cars/used/sale/kia/rio/1133944953-c950a6c0/,819000,Пермь,2018,,5,115456,1,Не требует ремонта,Оригинал,,"бензин, 1.4 MT (100 л.с.)",механическая,передний,Левый,Седан,синий,https://avatars.avto.ru/get-autoru-vos/3712861/c3eda65d34c8048a201a760381c0c4cf/1200x900,2026-09-22T05:51:52Z
Volkswagen,Jetta,Volkswagen Jetta 6-speed VII,https://auto.ru/cars/used/sale/volkswagen/jetta/1133801445-ce803d8c/,1510000,Пермь,2021,,5,149000,1,Не требует ремонта,Оригинал,,"бензин, 6-speed 1.4 AT (150 л.с.)",автоматическая,передний,Левый,Седан,белый,https://avatars.avto.ru/get-autoru-vos/17699839/eb5a7735eed995a6c156806691d7f00f/1200x900,2026-09-22T05:51:52Z
Subaru,Forester,Subaru Forester V Рестайлинг,https://auto.ru/cars/used/sale/subaru/forester/1134165866-80784e49/,3999000,Пермь,2024,,5,25635,1,Не требует ремонта,Оригинал,,"бензин, 2.5 CVT (185 л.с.) 4WD",вариатор,полный,Левый,Внедорожник 5 дв.,белый,https://avatars.avto.ru/get-autoru-vos/17777984/d7464259fdebd12e8e1a5c60fbb2919f/1200x900,2026-09-22T05:51:52Z
Skoda,Kodiaq,Skoda Kodiaq I,https://auto.ru/cars/used/sale/skoda/kodiaq/1134090985-a03e9afb/,2599000,Пермь,2020,,5,70156,2,Не требует ремонта,Оригинал,,"бензин, 2.0 AMT (186 л.с.)",робот,передний,Левый,Внедорожник 5 дв.,белый,https://avatars.avto.ru/get-autoru-vos/18139133/98ad817d4c29abf7e302b4350d28f868/1200x900,2026-09-22T05:51:52Z
Skoda,Roomster,Skoda Roomster I Рестайлинг,https://auto.ru/cars/used/sale/skoda/roomster/1134235195-78e10f69/,839000,Пермь,2013,,5,168000,2,Не требует ремонта,Оригинал,,"бензин, 1.6 AT (105 л.с.)",автоматическая,передний,Левый,Компактвэн,белый,https://avatars.avto.ru/get-autoru-vos/17024389/0ad61808be9c888f9e30f5ddac742523/1200x900,2026-09-22T05:51:52Z
Exeed,LX,Exeed LX I Рестайлинг 2,https://auto.ru/cars/used/sale/exeed/lx/1132766776-596cf03a/,2329000,Пермь,2024,,5,1750,1,Не требует ремонта,Оригинал,Бизнес / Business,"бензин, 1.5 CVT (147 л.с.)",вариатор,передний,Левый,Внедорожник 5 дв.,серебристый,https://avatars.avto.ru/get-autoru-vos/20894132/9f92af489b16fc89cd9967a97405247c/1200x900,2026-09-22T05:51:52Z
Kia,Optima,Kia Optima IV Рестайлинг,https://auto.ru/cars/used/sale/kia/optima/1133801503-87bfe522/,1299000,Пермь,2019,,5,185000,1,Не требует ремонта,Оригинал,,"бензин, 2.0 AT (150 л.с.)",автоматическая,передний,Левый,Седан,белый,https://photo.auto.ru/photo/get-autoru-vos/20444157/CQFu4_w-3C4GGvsf07tabKAZJ9K-LDxWVLYqwBl7QwPJCMjiX582Kn97HLn-vBXX0YgvxK9EmbKdcHQjGj-gjE9Lq4m-HYRRoIT_BSLysH8Z3Ozq61j7tCyAb4VcLYDn5Oj5OldboDHiD8qeoE5tWxaHg6f5bp-yDJy4r6Is-lDHbJY/1200x900,2026-09-22T05:51:52Z
Honda,CR-V,Honda CR-V III,https://auto.ru/cars/used/sale/honda/cr_v/1133801473-08e19680/,899000,Пермь,2008,,5,365500,3,Не требует ремонта,Оригинал,,"бензин, 2.4 AT (166 л.с.) 4WD",автоматическая,полный,Левый,Внедорожник 5 дв.,серебристый,https://avatars.avto.ru/get-autoru-vos/17831387/e2a5d508e199cf4b836fdea0d65ac73f/1200x900,2026-09-22T05:51:52Z
Haval,H3,Haval H3 I,https://auto.ru/cars/used/sale/haval/h3/1134138403-efc0ee3e/,2589000,Пермь,2025,,5,20325,1,Не требует ремонта,Оригинал,,"бензин, 1.5 AMT (143 л.с.)",робот,передний,Левый,Внедорожник 5 дв.,чёрный,https://photo.auto.ru/photo/get-autoru-vos/18536126/HZhmMlkAwMNxZWDDEFIwPkPmVkvJr7-O09vJXk9aLUpQiOoNTwYaqsNTKXpdT1XjI4MKn9AVmwwc0lOl4KtqMVFg6_It76okxiIcEmNKQDk1_aUtehTKKoNk_MkP4Bjvfng3OSWveAluwdkXUtm3lzERj5tMsaMYL1_io7EuafuDtuk/1200x900,2026-09-22T05:51:52Z
Nissan,Qashqai,Nissan Qashqai I Рестайлинг,https://auto.ru/cars/used/sale/nissan/qashqai/1130536340-96857c90/,829000,Пермь,2012,,5,175000,3,Не требует ремонта,Оригинал,360,"бензин, 1.6 MT (114 л.с.)",механическая,передний,Левый,Внедорожник 5 дв.,серебристый,https://avatars.avto.ru/get-autoru-vos/20180167/319dd3cc51b73032a208391194097b64/1200x900,2026-09-22T05:51:52Z
Chevrolet,Trax,Chevrolet Trax II,https://auto.ru/cars/used/sale/chevrolet/trax/1132197222-ce363f38/,2149000,Пермь,2023,,5,80331,1,Не требует ремонта,Оригинал,1RS,"бензин, 1.2 AT (137 л.с.)",автоматическая,передний,Левый,Внедорожник 5 дв.,синий,https://avatars.avto.ru/get-autoru-vos/2101836/685cbad9d2e583fbe2daebd0b96a3de1/1200x900,2026-09-22T05:51:52Z
Toyota,Corolla,"Toyota Corolla XI (E160, E170, E180)",https://auto.ru/cars/used/sale/toyota/corolla/1133943508-3ac9d6da/,959000,Пермь,2014,,5,186000,4,Не требует ремонта,Оригинал,,"бензин, 1.8 CVT (140 л.с.)",вариатор,передний,Левый,Седан,серебристый,https://photo.auto.ru/photo/get-autoru-vos/18105905/xob9cCTaZhXEPd6l5ypLcqmzi1PWSF3lUXNjhh7p71PyG52GsJw1WIs1BFyigqj4iwgHaj0UwSP9lq9aGqJ1zkqroQN50NQ0qazJcACeRkIhc--3WFJ7WOnbRiHxugR8y1hd5eRzEVA32jFs0WJ-OqZS5CY-e79Sqsi2VwxREsykuZ0/1200x900,2026-09-22T05:51:52Z
Changan,CS55,Changan CS55,https://auto.ru/cars/used/sale/changan/cs55/1134082754-663d9733/,1649000,Пермь,2020,,5,67327,1,Не требует ремонта,Оригинал,,"бензин, 1.5 AT (143 л.с.)",автоматическая,передний,Левый,Внедорожник 5 дв.,белый,https://avatars.avto.ru/get-autoru-vos/11396317/f88e7e264661e3c4da003964bcbb7ae6/1200x900,2026-09-22T05:51:52Z
Omoda,C5,Omoda C5 I Рестайлинг,https://auto.ru/cars/used/sale/omoda/c5/1134005892-28391ef0/,2149000,Пермь,2024,,5,22356,1,Не требует ремонта,Оригинал,,"бензин, 1.5 CVT (147 л.с.)",вариатор,передний,Левый,Внедорожник 5 дв.,белый,https://avatars.avto.ru/get-autoru-vos/10868311/eb53c5d9d875c9bbe66055ab3e1470dc/1200x900,2026-09-22T05:51:52Z
Nissan,Sentra,Nissan Sentra VIII (B18),https://auto.ru/cars/used/sale/nissan/sentra/1133212238-7914fa68/,2369000,Пермь,2022,,5,29900,1,Не требует ремонта,Оригинал,,"бензин, 2.0 CVT (149 л.с.)",вариатор,передний,Левый,Седан,серебристый,https://avatars.avto.ru/get-autoru-vos/20341802/e17ffe33401a5b3bca4ecae76c5322a9/1200x900,2026-09-22T05:51:52Z
Lada (ВАЗ),Priora,Lada (ВАЗ) Priora I Рестайлинг,https://auto.ru/cars/used/sale/vaz/2170/1133906321-ff8fdd52/,239000,Пермь,2013,,5,171258,4,Не требует ремонта,Оригинал,,"бензин, 1.6 MT (98 л.с.)",механическая,передний,Левый,Хэтчбек 5 дв.,зелёный,https://avatars.avto.ru/get-autoru-vos/11395092/3501b6e43a33b3cecdc5e7be1625bb38/1200x900,2026-09-22T05:51:52Z
SWM,G05 Pro,SWM G05 Pro,https://auto.ru/cars/used/sale/swm/g05pro/1134080748-f5d212ca/,2799000,Пермь,2024,,5,33265,1,Не требует ремонта,Оригинал,,"бензин, 1.5 AMT (139 л.с.)",робот,передний,Левый,Внедорожник 5 дв.,чёрный,https://avatars.avto.ru/get-autoru-vos/17981265/c3ee91f336d3b13b290cf5cefe2d458f/1200x900,2026-09-22T05:51:52Z
Chery,Tiggo 8,Chery Tiggo 8 I Рестайлинг,https://auto.ru/cars/used/sale/chery/tiggo_8/1134080745-d2e22de2/,1999000,Пермь,2023,,5,44587,1,Не требует ремонта,Оригинал,Prestige/Prestige Plus,"бензин, 1.5 AMT (147 л.с.)",робот,передний,Левый,Внедорожник 5 дв.,серебристый,https://avatars.avto.ru/get-autoru-vos/19816781/728ea960404dea2c00924c718284f651/1200x900,2026-09-22T05:51:52Z
Ford,Focus,Ford Focus II Рестайлинг,https://auto.ru/cars/used/sale/ford/focus/1133801485-cef36eac/,479000,Пермь,2011,,5,162000,3,Не требует ремонта,Оригинал,,"бензин, 1.8 MT (125 л.с.)",механическая,передний,Левый,Седан,серебристый,https://avatars.avto.ru/get-autoru-vos/2057538/de8f19863be6c4e4eaf75f47b3c685db/1200x900,2026-09-22T05:51:52Z
Infiniti,QX60,Infiniti QX60 I Рестайлинг,https://auto.ru/cars/used/sale/infiniti/qx60/1134230725-64dad697/,2099000,Пермь,2017,,7,218254,1,Не требует ремонта,Оригинал,,"бензин, 3.5 CVT (262 л.с.) 4WD",вариатор,полный,Левый,Внедорожник 5 дв.,чёрный,https://avatars.avto.ru/get-autoru-vos/1986413/d06ab5cc69bb0d8d6f58b7c6d583c390/1200x900,2026-09-22T05:51:52Z
Toyota,Camry,Toyota Camry VI (XV40),https://auto.ru/cars/used/sale/toyota/camry/1132421715-9b86d133/,679000,Пермь,2006,,5,404600,3,Не требует ремонта,Оригинал,Комфорт,"бензин, 2.4 MT (167 л.с.)",механическая,передний,Левый,Седан,золотистый,https://avatars.avto.ru/get-autoru-vos/20104625/cb5d65d2f5ad043f7545c968d264bfcc/1200x900,2026-09-22T05:51:52Z
Haval,H9,Haval H9 I Рестайлинг,https://auto.ru/cars/used/sale/haval/h9/1131083435-639eacae/,2919000,Пермь,2018,,7,35500,1,Не требует ремонта,Оригинал,Comfort,"бензин, 2.0 AT (245 л.с.) 4WD",автоматическая,полный,Левый,Внедорожник 5 дв.,чёрный,https://avatars.avto.ru/get-autoru-vos/20961665/1c94e9ff609bef30f0d7344ea7e61ac9/1200x900,2026-09-22T05:51:52Z
Omoda,C5,Omoda C5 I,https://auto.ru/cars/used/sale/omoda/c5/1134168442-8ef267e4/,1939000,Пермь,2023,,5,98693,1,Не требует ремонта,Оригинал,,"бензин, 1.6 AMT (150 л.с.) 4WD",робот,полный,Левый,Внедорожник 5 дв.,чёрный,https://avatars.avto.ru/get-autoru-vos/17786981/45753458bba1ff80c34c773c7b3f30d0/1200x900,2026-09-22T05:51:55Z
Honda,Freed,Honda Freed I Рестайлинг,https://auto.ru/cars/used/sale/honda/freed/1133823804-fea25bf8/,1459000,Пермь,2014,,6,170000,1,Не требует ремонта,Оригинал,,"бензин, 1.5 CVT (118 л.с.)",вариатор,передний,Правый,Компактвэн,белый,https://photo.auto.ru/photo/get-autoru-vos/19063053/sv_X-oA08XFIfmKuyqBrFMSpaRTCHWjn3Ig3Y3-O8nAElrLk6JBEiifygppkaUn4N1TCPi5vaC2WZ9Rkl0B6KVv_y-jy3y-JKTMpylnXqyBmyXbYlAWWQhWqG0DCN8pIvxzUFvhhal5xi9MqUnCaWrZ-37JognZzMlZUWNqj4YybP_k/1200x900,2026-09-22T05:51:55Z
Mitsubishi,Outlander,Mitsubishi Outlander III Рестайлинг 3,https://auto.ru/cars/used/sale/mitsubishi/outlander/1134198018-f8853dbf/,2049000,Пермь,2019,,5,161000,2,Не требует ремонта,Оригинал,,"бензин, 2.0 CVT (146 л.с.) 4WD",вариатор,полный,Левый,Внедорожник 5 дв.,белый,https://avatars.avto.ru/get-autoru-vos/18129838/c02d433269e3c46b609a7c6bd0afc01e/1200x900,2026-09-22T05:51:55Z
Hyundai,Tucson,Hyundai Tucson III,https://auto.ru/cars/used/sale/hyundai/tucson/1133285243-43abe7f0/,1799000,Пермь,2017,,5,142578,2,Не требует ремонта,Оригинал,Dynamic,"бензин, 2.0 AT (150 л.с.)",автоматическая,передний,Левый,Внедорожник 5 дв.,голубой,https://avatars.avto.ru/get-autoru-vos/20180167/7bb9ac6510d74cb623633533bf9d7f89/1200x900,2026-09-22T05:51:55Z
Hyundai,Tucson,Hyundai Tucson IV,https://auto.ru/cars/used/sale/hyundai/tucson/1133178141-e3c0ae72/,2699000,Пермь,2021,,5,102171,1,Не требует ремонта,Оригинал,Prestige + Smart Sense,"бензин, 2.0 AT (150 л.с.) 4WD",автоматическая,полный,Левый,Внедорожник 5 дв.,чёрный,https://avatars.avto.ru/get-autoru-vos/19063053/9eda98bbf65221dc5a07c67628713646/1200x900,2026-09-22T05:51:55Z
Mitsubishi,Outlander,Mitsubishi Outlander III Рестайлинг 2,https://auto.ru/cars/used/sale/mitsubishi/outlander/1133836875-fd60f694/,1899000,Пермь,2017,,5,189000,1,Не требует ремонта,Оригинал,,"бензин, 2.0 CVT (146 л.с.) 4WD",вариатор,полный,Левый,Внедорожник 5 дв.,серый,https://avatars.avto.ru/get-autoru-vos/20263483/294ddea079e9b97089dbbd9ec0d821de/1200x900,2026-09-22T05:51:55Z
Omoda,S5 GT,Omoda S5 GT,https://auto.ru/cars/used/sale/omoda/s5_gt/1133045945-2c398963/,1899000,Пермь,2024,,5,24412,1,Не требует ремонта,Оригинал,Tech,"бензин, 1.5 CVT (147 л.с.)",вариатор,передний,Левый,Седан,чёрный,https://avatars.avto.ru/get-autoru-vos/20410536/61c01623e61c9e51ef9dc01ca0ec6e9f/1200x900,2026-09-22T05:51:55Z
Chery,Tiggo 7 Pro Max,Chery Tiggo 7 Pro Max I,https://auto.ru/cars/used/sale/chery/tiggo_7_pro_max/1133208211-625b4284/,1859000,Пермь,2023,,5,69214,2,Не требует ремонта,Оригинал,Prestige,"бензин, 1.6 AMT (150 л.с.) 4WD",робот,полный,Левый,Внедорожник 5 дв.,серебристый,https://photo.auto.ru/photo/get-autoru-vos/20265681/W61B1hWT04EuGWCemX5SShlpHcXs3lt3vQ5q-zVZRjzDhqQUUL2LeUCgSwGffiLdMm-_ew3pmodO2vu8ERKBPi00sCNfqzGsi0c4Iv4bOvbBx_YlHOYICpE9opz1376vDErNqjd6se93BW24vViVjUTsvHbn3JtluHiaIZt2NC01eJ4/1200x900,2026-09-22T05:51:55Z
Lexus,RX,Lexus RX 350 II Рестайлинг,https://auto.ru/cars/used/sale/lexus/rx/1134149709-d2b639a2/,1429000,Пермь,2007,,5,210524,4,Не требует ремонта,Оригинал,,"бензин, 350 3.5 AT (276 л.с.) 4WD",автоматическая,полный,Левый,Внедорожник 5 дв.,коричневый,https://photo.auto.ru/photo/get-autoru-vos/19798937/jw6r4XjNIqMvlwnbuGsPnS5ze6It6TebP7OW9Q2AuqSPsvZ0C6egctMb05rwIfES5aZaaVCMFAr5Khlo9Xu46Z4eHxC5AtSOkgPX6YTwJHcfno7023ZBKR-iECP2Sm2mpQPV22uAcBNzPWyokyuTRJQPagYsz5nxbl1d0z_xaAV-1PQ/1200x900,2026-09-22T05:51:55Z
Mercedes-Benz,CLS,Mercedes-Benz CLS 350 d III (C257),https://auto.ru/cars/used/sale/mercedes/cls_klasse/1133997948-9ebb944e/,5349000,Пермь,2019,,4,120356,1,Не требует ремонта,Оригинал,,"дизель, 350 d 2.9d AT (286 л.с.) 4WD",автоматическая,полный,Левый,Седан,чёрный,https://avatars.avto.ru/get-autoru-vos/20606978/1c6d124f4e0770e7b4275faa7133f881/1200x900,2026-09-22T05:51:55Z
Toyota,Highlander,Toyota Highlander II (XU40) Рестайлинг,https://auto.ru/cars/used/sale/toyota/highlander/1133234116-35b3dea7/,1819000,Пермь,2011,,7,298500,3,Не требует ремонта,Оригинал,Комфорт,"бензин, 3.5 AT (273 л.с.) 4WD",автоматическая,полный,Левый,Внедорожник 5 дв.,серебристый,https://avatars.avto.ru/get-autoru-vos/19700919/9db663748fac67e83323f1dede9914cb/1200x900,2026-09-22T05:51:55Z
Audi,A4 allroad,Audi A4 allroad IV (B8) Рестайлинг,https://auto.ru/cars/used/sale/audi/a4_allroad/1134130987-1cff9f83/,1699000,Пермь,2013,,5,209454,4,Не требует ремонта,Оригинал,,"бензин, 2.0 AT (211 л.с.) 4WD",автоматическая,полный,Левый,Универсал 5 дв.,белый,https://avatars.avto.ru/get-autoru-vos/20390804/bc771711e36800ae2da1d2cfd1180c30/1200x900,2026-09-22T05:51:55Z
Skoda,Yeti,Skoda Yeti I Рестайлинг,https://auto.ru/cars/used/sale/skoda/yeti/1134043201-1155a219/,1249000,Пермь,2014,,5,146000,3,Не требует ремонта,Оригинал,,"бензин, 1.8 AMT (152 л.с.) 4WD",робот,полный,Левый,Внедорожник 5 дв.,белый,https://photo.auto.ru/photo/get-autoru-vos/20849947/38v7RSFoWZExTEGOghzC_o4hnjk8f-aL0eNU1JZcbn6aAmvBZN8qeMAEVluw8Wqj652qVMlFKngDlkdRjwGh6ofnxBoF8BV-Uzr3PPhD4v7usipzxemQu3kcbcihHXaFvsjiJc3iVYErvrmOfkHQ3c3FhalB942foQ_Xzaw4XQt0WcM/1200x900,2026-09-22T05:51:55Z
Kia,Sportage,Kia Sportage III,https://auto.ru/cars/used/sale/kia/sportage/1134005894-5356bd47/,1109000,Пермь,2012,,5,143550,4,Не требует ремонта,Оригинал,,"бензин, 2.0 MT (150 л.с.)",механическая,передний,Левый,Внедорожник 5 дв.,синий,https://avatars.avto.ru/get-autoru-vos/20976236/6db67a3ceeecb24db522a64e855e4b8a/1200x900,2026-09-22T05:51:55Z
Kia,Sportage,Kia Sportage V,https://auto.ru/cars/used/sale/kia/sportage/1133255511-b8b841be/,3199000,Пермь,2022,,5,82836,1,Не требует ремонта,Оригинал,Prestige,"бензин, 2.5 AT (190 л.с.) 4WD",автоматическая,полный,Левый,Внедорожник 5 дв.,белый,https://photo.auto.ru/photo/get-autoru-vos/17674678/t97V03fUf6GeJX5X6gxKkJKP_w46_EDCUQeHpztLu_2kYt-jUPLShXgzIseWApEeqD5e9ifvochgJpjEleW5MCzdi_AcFRFOXwQaw_WkMLUNRXGxIEDiAi7qq-I3YnxSzbmDxHpsYRm3L2HQ-TrOvH9NAl7LnaGIT4Rd0dq1txHzQp0/1200x900,2026-09-22T05:51:55Z
Geely,Atlas Pro,Geely Atlas Pro,https://auto.ru/cars/used/sale/geely/atlas_pro/1133091151-792d7bd0/,2279000,Пермь,2024,,5,50600,1,Не требует ремонта,Оригинал,Flagship,"бензин, 1.5 AMT (177 л.с.) 4WD",робот,полный,Левый,Внедорожник 5 дв.,белый,https://avatars.avto.ru/get-autoru-vos/20331633/215d0dc1cb151923f35562e29290bc17/1200x900,2026-09-22T05:51:55Z
Mitsubishi,Outlander,Mitsubishi Outlander III Рестайлинг 2,https://auto.ru/cars/used/sale/mitsubishi/outlander/1133161773-7dd52d7a/,1699000,Пермь,2017,,5,200125,1,Не требует ремонта,Оригинал,Instyle,"бензин, 2.0 CVT (146 л.с.) 4WD",вариатор,полный,Левый,Внедорожник 5 дв.,белый,https://avatars.avto.ru/get-autoru-vos/19811519/6c97e44a5e7fff4620ce8ec38afe1055/1200x900,2026-09-22T05:51:55Z
Maxus,G50,Maxus G50 I,https://auto.ru/cars/used/sale/maxus/g50/1133801566-ca87c270/,1759000,Пермь,2021,,6,88215,2,Не требует ремонта,Оригинал,,"бензин, 1.5 AMT (169 л.с.)",робот,передний,Левый,Минивэн,белый,https://avatars.avto.ru/get-autoru-vos/20291570/fcd9f3668908b0d7e838dfaaa42cc80b/1200x900,2026-09-22T05:51:55Z
Kia,Ceed,Kia Ceed I,https://auto.ru/cars/used/sale/kia/ceed/1133874084-85e44ad4/,349000,Пермь,2007,,5,186121,3,Не требует ремонта,Оригинал,,"бензин, 1.4 MT (109 л.с.)",механическая,передний,Левый,Хэтчбек 5 дв.,серый,https://avatars.avto.ru/get-autoru-vos/6087926/7115f04e0bcea5c3356682e435b106ac/1200x900,2026-09-22T05:51:55Z
Mazda,CX-9,Mazda CX-9 I,https://auto.ru/cars/used/sale/mazda/cx_9/1134210109-05b25a12/,859000,Пермь,2008,,6,311098,1,Не требует ремонта,Оригинал,Sport,"бензин, 3.7 AT (277 л.с.) 4WD",автоматическая,полный,Левый,Внедорожник 5 дв.,чёрный,https://photo.auto.ru/photo/get-autoru-vos/17786981/lYvLNL9If2SriIJuXpkU3vcqdvkGYEOJIWVqfyVKIGHJa6ggX9SQxCusMTD6Di9VmystVpDmTFw19r2prYncVoYpXzIXEoYD6JmSKvtymXgT8moVIV2vmLu2Xl8mzRiQuRi_n2A8ZP9hhEx46DJVX3-NSWg6esMbUpAcxC3KeJw1Z0o/1200x900,2026-09-22T05:51:55Z
Nissan,Almera Classic,Nissan Almera Classic I,https://auto.ru/cars/used/sale/nissan/almera_classic/1133129028-633d3998/,279000,Пермь,2006,,5,220000,3,Не требует ремонта,Оригинал,,"бензин, 1.6 MT (107 л.с.)",механическая,передний,Левый,Седан,чёрный,https://avatars.avto.ru/get-autoru-vos/17913096/68ab55e9092be3ceb888396d85bf3c4f/1200x900,2026-09-22T05:51:55Z
Mitsubishi,Outlander,Mitsubishi Outlander III Рестайлинг,https://auto.ru/cars/used/sale/mitsubishi/outlander/1134158620-988f48a0/,1629000,Пермь,2014,,5,181235,2,Не требует ремонта,Оригинал,,"бензин, 2.4 CVT (167 л.с.) 4WD",вариатор,полный,Левый,Внедорожник 5 дв.,белый,https://avatars.avto.ru/get-autoru-vos/21221080/3a894d4f2122824217d05821b6bdedfd/1200x900,2026-09-22T05:51:55Z
Renault,Sandero,Renault Sandero Stepway II,https://auto.ru/cars/used/sale/renault/sandero/1134235193-97a92dec/,999000,Пермь,2018,,5,64512,3,Не требует ремонта,Оригинал,,"бензин, Stepway 1.6 MT (82 л.с.)",механическая,передний,Левый,Хэтчбек 5 дв. Stepway,синий,https://avatars.avto.ru/get-autoru-vos/20444157/487a75f0452b589c2985971428a5b23f/1200x900,2026-09-22T05:51:55Z
Skoda,Karoq,Skoda Karoq I,https://auto.ru/cars/used/sale/skoda/karoq/1134210107-74f67409/,2419000,Пермь,2020,,5,113711,1,Не требует ремонта,Оригинал,,"бензин, 1.4 AT (150 л.с.)",автоматическая,передний,Левый,Внедорожник 5 дв.,синий,https://photo.auto.ru/photo/get-autoru-vos/18006848/3l_F6-sZYiHq-7yr7cSbJulQ8UKdLZWbB8oE5Y8_4hPz8nuldsdaeRRxEAs6ruZwzn_UpCMpYBlQdVWZyutCHuX-c4CSFuvuzguJ0fSYAr4QRFU5thss5iFA55DpwpQ4Ho2TM2no8b6hP5UoUwhUV-A6Y1K0cP3w9pgtP64Wof9n_KY/1200x900,2026-09-22T05:51:55Z
Mercedes-Benz,GLC Coupe,Mercedes-Benz GLC Coupe 300 I (C253),https://auto.ru/cars/used/sale/mercedes/glc_coupe/1131641552-6f84aeba/,3529000,Пермь,2017,,5,120000,4,Не требует ремонта,Оригинал,GLC 300 4MATIC Купе Sport,"бензин, 300 2.0 AT (245 л.с.) 4WD",автоматическая,полный,Левый,Внедорожник 5 дв.,синий,https://avatars.avto.ru/get-autoru-vos/19811519/8609ea9ecad3bcc4e96ed73a920d3add/1200x900,2026-09-22T05:51:55Z
Honda,Fit,Honda Fit III,https://auto.ru/cars/used/sale/honda/fit/1134235192-75b0f3c9/,1109000,Пермь,2015,,5,196846,1,Не требует ремонта,Оригинал,,"бензин, 1.3 CVT (100 л.с.)",вариатор,передний,Правый,Хэтчбек 5 дв.,серебристый,https://avatars.avto.ru/get-autoru-vos/15587868/cba9f5cd68ee22a0aa352102fdbb517c/1200x900,2026-09-22T05:51:55Z
Ford,Mustang,Ford Mustang VI Рестайлинг,https://auto.ru/cars/used/sale/ford/mustang/1133801569-dff5f025/,3679000,Пермь,2021,,4,45265,1,Не требует ремонта,Оригинал,,"бензин, 2.3 AT (317 л.с.)",автоматическая,задний,Левый,Кабриолет,чёрный,https://avatars.avto.ru/get-autoru-vos/17890514/5322a0a4b21911bdbbca55f5428da82c/1200x900,2026-09-22T05:51:55Z
Lexus,RX,Lexus RX 350 III,https://auto.ru/cars/used/sale/lexus/rx/1133801541-fc3e320f/,2429000,Пермь,2010,,5,165000,2,Не требует ремонта,Оригинал,,"бензин, 350 3.5 AT (277 л.с.) 4WD",автоматическая,полный,Левый,Внедорожник 5 дв.,белый,https://avatars.avto.ru/get-autoru-vos/17712067/5ce9fea6d550222e4c931f870f76d1d2/1200x900,2026-09-22T05:51:55Z
GMC,Terrain,GMC Terrain II Рестайлинг,https://auto.ru/cars/used/sale/gmc/terrain/1131036125-4495b29c/,3629000,Пермь,2022,,5,25023,1,Не требует ремонта,Оригинал,,"бензин, 1.5 AT (170 л.с.) 4WD",автоматическая,полный,Левый,Внедорожник 5 дв.,белый,https://avatars.avto.ru/get-autoru-vos/20180167/a74e70291fee6fd83825258da976798f/1200x900,2026-09-22T05:51:55Z
Toyota,Voxy,Toyota Voxy III (R80),https://auto.ru/cars/used/sale/toyota/voxy/1133825065-5265d119/,1749000,Пермь,2014,,7,149256,2,Не требует ремонта,Оригинал,,"гибрид, 1.8hyb CVT (99 л.с.)",вариатор,передний,Правый,Минивэн,белый,https://avatars.avto.ru/get-autoru-vos/20180167/d5d23f650f06276f7164fc2166e0fe15/1200x900,2026-09-22T05:51:55Z
Ford,Focus,Ford Focus III,https://auto.ru/cars/used/sale/ford/focus/1132974495-bf9f2ff0/,579000,Пермь,2013,,5,192982,4,Не требует ремонта,Оригинал,,"бензин, 1.6 AMT (105 л.с.)",робот,передний,Левый,Универсал 5 дв.,белый,https://avatars.avto.ru/get-autoru-vos/20035467/fb1e346faacce2b9d090183ada60bbb4/1200x900,2026-09-22T05:51:55Z
Lexus,RX,Lexus RX 350 IV,https://auto.ru/cars/used/sale/lexus/rx/1133264593-7ccac089/,3629000,Пермь,2017,,5,175400,3,Не требует ремонта,Оригинал,BLACK ROYAL,"бензин, 350 3.5 AT (300 л.с.) 4WD",автоматическая,полный,Левый,Внедорожник 5 дв.,чёрный,https://avatars.avto.ru/get-autoru-vos/15030811/67d445036a2d34d329d6d198df9d2fa9/1200x900,2026-09-22T05:51:55Z
Toyota,RAV4,Toyota RAV4 III (XA30),https://auto.ru/cars/used/sale/toyota/rav_4/1133974499-61a1ebd4/,949000,Пермь,2008,,5,320000,2,Не требует ремонта,Оригинал,,"бензин, 2.0 MT (152 л.с.) 4WD",механическая,полный,Левый,Внедорожник 5 дв.,серый,https://avatars.avto.ru/get-autoru-vos/1998570/1df56e4ea0d5560966f99a0da7befb80/1200x900,2026-09-22T05:51:55Z
Toyota,Venza,Toyota Venza I Рестайлинг,https://auto.ru/cars/used/sale/toyota/venza/1133823800-695727e6/,2099000,Пермь,2013,,5,199000,2,Не требует ремонта,Оригинал,,"бензин, 2.7 AT (185 л.с.) 4WD",автоматическая,полный,Левый,Внедорожник 5 дв.,чёрный,https://photo.auto.ru/photo/get-autoru-vos/19936221/UJul0EXN1mcv-JXHG7G_pIvHJeUNBbA9wGt_KUJb78DvmC6x_lrFzW50tVpawaFT4RvKI_wULZnjwHO4XsQdw87vp91WPim7ALasWHjaF8DVuQw7hPgoG_IbRaNBk2mHLi5yQSFZNHhl0v0EJLiz7USo6RN20HTaA_6qSVdr_5M2sIU/1200x900,2026-09-22T05:51:55Z
Lexus,RX,Lexus RX 350 IV,https://auto.ru/cars/used/sale/lexus/rx/1133801500-b88462a1/,3999000,Пермь,2017,,5,136233,2,Не требует ремонта,Оригинал,,"бензин, 350 3.5 AT (300 л.с.) 4WD",автоматическая,полный,Левый,Внедорожник 5 дв.,синий,https://photo.auto.ru/photo/get-autoru-vos/5551788/BENeJ4wj3edh7gIDhH8Ygpc018VxuIH8bC34PRxJa1SkGzIo-Yhb8uWzLQNU3HF3h4DcIlvOofU3TMZt-IhxPvDhJDrQ9dgvKeVJ0dnjcXeBCS15iyr8IGdcxMVTDlIs-9fkGFkaom7UR_gXl9ZzT0J_oFiCgl4wzuG_x0bTAp04fBE/1200x900,2026-09-22T05:51:55Z
Omoda,C5,Omoda C5 I,https://auto.ru/cars/used/sale/omoda/c5/1134210111-9622440f/,1909000,Пермь,2023,,5,56139,1,Не требует ремонта,Оригинал,,"бензин, 1.5 CVT (147 л.с.)",вариатор,передний,Левый,Внедорожник 5 дв.,белый,https://photo.auto.ru/photo/get-autoru-vos/17755365/tHzRHq5EJ1k5MbcN9cwK5DizBoTGQxdbJL7LdsQ_eLWGINqnRqMOrP3k4o7eaCqNinUq5VzCi8iTqeNv8mANC40XCG7hZ9hs7AggiqHZ4nHLXbJ28TzcDlR1QxWWOIAPhe_p0ahdA9H-eOh5JRnhTEJ3MMGOoWtEvdBPduqrwf1q4nk/1200x900,2026-09-22T05:51:55Z
Ford,Kuga,Ford Kuga II,https://auto.ru/cars/used/sale/ford/kuga/1133105184-6636d47b/,1529000,Пермь,2016,,5,49000,1,Не требует ремонта,Оригинал,Titanium,"бензин, 1.6 AT (150 л.с.) 4WD",автоматическая,полный,Левый,Внедорожник 5 дв.,белый,https://avatars.avto.ru/get-autoru-vos/19063053/69ff696a60047d1bf9d3144308076a50/1200x900,2026-09-22T05:51:55Z
Hyundai,Santa Fe,Hyundai Santa Fe III,https://auto.ru/cars/used/sale/hyundai/santa_fe/1134229495-9fc752f5/,1699000,Пермь,2014,,5,209326,2,Не требует ремонта,Оригинал,,"бензин, 2.4 AT (175 л.с.) 4WD",автоматическая,полный,Левый,Внедорожник 5 дв.,серый,https://avatars.avto.ru/get-autoru-vos/17913096/5c008bc629635636c26bf63272e60d9e/1200x900,2026-09-22T05:51:58Z
Chevrolet,Equinox,Chevrolet Equinox III,https://auto.ru/cars/used/sale/chevrolet/equinox/1132726343-90e132bc/,1959000,Пермь,2019,,5,90700,1,Не требует ремонта,Оригинал,,"бензин, 1.5 AT (170 л.с.) 4WD",автоматическая,полный,Левый,Внедорожник 5 дв.,белый,https://avatars.avto.ru/get-autoru-vos/20180167/24b62af29729bba14ad10ec922a92e8b/1200x900,2026-09-22T05:51:58Z
Fiat,Fullback,Fiat Fullback I,https://auto.ru/cars/used/sale/fiat/fullback/1133073870-17b42874/,1329000,Пермь,2018,,5,197025,4,Не требует ремонта,Оригинал,MT Active,"дизель, 2.4d MT (154 л.с.) 4WD",механическая,полный,Левый,Пикап Двойная кабина,белый,https://avatars.avto.ru/get-autoru-vos/19811519/4ced6aeec9af5947cf669edf2a98a991/1200x900,2026-09-22T05:51:58Z
Mitsubishi,L200,Mitsubishi L200 IV,https://auto.ru/cars/used/sale/mitsubishi/l200/1133441888-e2445009/,1549000,Пермь,2012,,5,314500,3,Не требует ремонта,Оригинал,DC Intense,"дизель, 2.5d MT (136 л.с.) 4WD",механическая,полный,Левый,Пикап Двойная кабина,серый,https://avatars.avto.ru/get-autoru-vos/17993102/91ef37984ebd008e404212b42600962c/1200x900,2026-09-22T05:51:58Z
Hyundai,Creta,Hyundai Creta I Рестайлинг,https://auto.ru/cars/used/sale/hyundai/creta/1134080750-092833ed/,2049000,Пермь,2020,,5,65235,1,Не требует ремонта,Оригинал,,"бензин, 1.6 AT (123 л.с.)",автоматическая,передний,Левый,Внедорожник 5 дв.,серебристый,https://avatars.avto.ru/get-autoru-vos/16569097/5d321d492764fcd6a41e10243e1588a0/1200x900,2026-09-22T05:51:58Z
Toyota,Hilux,Toyota Hilux VII Рестайлинг,https://auto.ru/cars/used/sale/toyota/hilux/1133997947-d81b9fa3/,1849000,Пермь,2012,,5,386100,4,Не требует ремонта,Дубликат,,"дизель, 2.5d MT (144 л.с.) 4WD",механическая,полный,Левый,Пикап Двойная кабина,чёрный,https://avatars.avto.ru/get-autoru-vos/6358557/8f5c6295143b6e8f517397533952bc52/1200x900,2026-09-22T05:51:58Z
Kia,Rio,Kia Rio IV,https://auto.ru/cars/used/sale/kia/rio/1134155536-f0990096/,1469000,Пермь,2018,,5,152365,1,Не требует ремонта,Оригинал,,"бензин, 1.6 AT (123 л.с.)",автоматическая,передний,Левый,Седан,чёрный,https://avatars.avto.ru/get-autoru-vos/18148556/1020db22a22840a6e68772ee836af008/1200x900,2026-09-22T05:51:58Z
Porsche,Cayenne,Porsche Cayenne II (958),https://auto.ru/cars/used/sale/porsche/cayenne/1133357426-66990e0e/,2079000,Пермь,2011,,5,234512,3,Не требует ремонта,Оригинал,Platinum Edition,"бензин, 3.6 AT (300 л.с.) 4WD",автоматическая,полный,Левый,Внедорожник 5 дв.,чёрный,https://avatars.avto.ru/get-autoru-vos/20315033/289d6cc736a5088ec1dbeee77737a8d5/1200x900,2026-09-22T05:51:58Z
Mazda,CX-5,Mazda CX-5 I,https://auto.ru/cars/used/sale/mazda/cx_5/1133801515-fab1b90d/,1849000,Пермь,2013,,5,194000,3,Не требует ремонта,Дубликат,,"бензин, 2.0 AT (150 л.с.) 4WD",автоматическая,полный,Левый,Внедорожник 5 дв.,синий,https://avatars.avto.ru/get-autoru-vos/19682479/fc40e623edf3f65083ba173d7595afda/1200x900,2026-09-22T05:51:58Z
Mitsubishi,Pajero Sport,Mitsubishi Pajero Sport II,https://auto.ru/cars/used/sale/mitsubishi/pajero_sport/1133801452-5b6b7bb4/,1399000,Пермь,2011,,5,309523,4,Не требует ремонта,Оригинал,,"дизель, 2.5d MT (178 л.с.) 4WD",механическая,полный,Левый,Внедорожник 5 дв.,чёрный,https://avatars.avto.ru/get-autoru-vos/17999629/4fc52ecce098db2008a8bc77c87d9562/1200x900,2026-09-22T05:51:58Z
Nissan,X-Trail,Nissan X-Trail II Рестайлинг,https://auto.ru/cars/used/sale/nissan/x_trail/1134186170-8beb5ec1/,1409000,Пермь,2013,,5,204100,4,Не требует ремонта,Оригинал,,"бензин, 2.0 CVT (141 л.с.) 4WD",вариатор,полный,Левый,Внедорожник 5 дв.,серый,https://avatars.avto.ru/get-autoru-vos/17690098/b5b7048013418e4e5d6cd3914dfa6a25/1200x900,2026-09-22T05:51:58Z
Honda,CR-V,Honda CR-V II,https://auto.ru/cars/used/sale/honda/cr_v/1134130986-8f4deed3/,649000,Пермь,2003,,5,355000,4,Не требует ремонта,Оригинал,,"бензин, 2.0 MT (150 л.с.) 4WD",механическая,полный,Левый,Внедорожник 5 дв.,серый,https://avatars.avto.ru/get-autoru-vos/4298023/afeac32ca008e072cbcfb206e9e08bf8/1200x900,2026-09-22T05:51:58Z
Chevrolet,Equinox,Chevrolet Equinox III Рестайлинг,https://auto.ru/cars/used/sale/chevrolet/equinox/1129791953-072676a8/,3069000,Пермь,2021,,5,88000,1,Не требует ремонта,Оригинал,,"бензин, 1.5 AT (173 л.с.) 4WD",автоматическая,полный,Левый,Внедорожник 5 дв.,чёрный,https://avatars.avto.ru/get-autoru-vos/20363536/dffbf9c69a2c1fd1c074d52a41dc45ab/1200x900,2026-09-22T05:51:58Z
Subaru,Forester,Subaru Forester III Рестайлинг,https://auto.ru/cars/used/sale/subaru/forester/1134097581-83d6a40e/,1249000,Пермь,2012,,5,136254,2,Не требует ремонта,Оригинал,,"бензин, 2.0 AT (150 л.с.) 4WD",автоматическая,полный,Левый,Внедорожник 5 дв.,серебристый,https://avatars.avto.ru/get-autoru-vos/16164821/14c4e1fa140dcb1a2c81ed196697e568/1200x900,2026-09-22T05:51:58Z
Skoda,Kodiaq,Skoda Kodiaq I,https://auto.ru/cars/used/sale/skoda/kodiaq/1133851878-39de6b73/,2199000,Пермь,2018,,5,152776,2,Не требует ремонта,Оригинал,,"бензин, 1.4 AMT (150 л.с.)",робот,передний,Левый,Внедорожник 5 дв.,белый,https://avatars.avto.ru/get-autoru-vos/5966122/6e632f606060e7a0832d29672779495b/1200x900,2026-09-22T05:51:58Z
Mitsubishi,Eclipse Cross,Mitsubishi Eclipse Cross I Рестайлинг,https://auto.ru/cars/used/sale/mitsubishi/eclipse_cross/1133801457-78a21035/,2309000,Пермь,2021,,5,46223,1,Не требует ремонта,Оригинал,,"бензин, 1.5 CVT (150 л.с.) 4WD",вариатор,полный,Левый,Внедорожник 5 дв.,чёрный,https://avatars.avto.ru/get-autoru-vos/18049305/adba71b7a6133bfb4ee0c09f370b977f/1200x900,2026-09-22T05:51:58Z
Haval,Jolion,Haval Jolion I,https://auto.ru/cars/used/sale/haval/jolion/1134096563-c96c1842/,1999000,Пермь,2022,,5,41935,1,Не требует ремонта,Оригинал,,"бензин, 1.5 AMT (143 л.с.)",робот,передний,Левый,Внедорожник 5 дв.,белый,https://avatars.avto.ru/get-autoru-vos/20369579/d89745dfb80184d45a483bf3198c83f4/1200x900,2026-09-22T05:51:58Z
Nissan,Juke,Nissan Juke I,https://auto.ru/cars/used/sale/nissan/juke/1134090984-c6702f66/,859000,Пермь,2012,,5,242032,3,Не требует ремонта,Оригинал,,"бензин, 1.6 MT (117 л.с.)",механическая,передний,Левый,Внедорожник 5 дв.,красный,https://avatars.avto.ru/get-autoru-vos/20951031/1fb75247aa376c3613d3b05100444936/1200x900,2026-09-22T05:51:58Z
Kia,Ray,Kia Ray I Рестайлинг,https://auto.ru/cars/used/sale/kia/ray/1133845739-3128ca2c/,1529000,Пермь,2021,,5,65050,1,Не требует ремонта,Оригинал,,"бензин, 1.0 AT (78 л.с.)",автоматическая,передний,Левый,Микровэн,белый,https://avatars.avto.ru/get-autoru-vos/19634380/c48d56edf9ad1dde2cb8f8ebfdad489c/1200x900,2026-09-22T05:51:58Z
Toyota,Highlander,Toyota Highlander II (XU40) Рестайлинг,https://auto.ru/cars/used/sale/toyota/highlander/1133911864-61a67149/,1899000,Пермь,2011,,7,249156,4,Не требует ремонта,Оригинал,,"бензин, 3.5 AT (273 л.с.) 4WD",автоматическая,полный,Левый,Внедорожник 5 дв.,белый,https://avatars.avto.ru/get-autoru-vos/20507677/303139fcb4bd5ffeb591cdbcda0f90ee/1200x900,2026-09-22T05:51:58Z
Volkswagen,Touareg,Volkswagen Touareg I Рестайлинг,https://auto.ru/cars/used/sale/volkswagen/touareg/1131927898-fff59267/,929000,Пермь,2008,,5,427000,3,Не требует ремонта,Оригинал,R5 2.5TDI,"дизель, 2.5d AT (174 л.с.) 4WD",автоматическая,полный,Левый,Внедорожник 5 дв.,белый,https://avatars.avto.ru/get-autoru-vos/17890514/af62512ff692365d08a574ead9cf1ceb/1200x900,2026-09-22T05:51:58Z
Nissan,X-Trail,Nissan X-Trail III Рестайлинг,https://auto.ru/cars/used/sale/nissan/x_trail/1133316728-b8b9cb35/,1979000,Пермь,2018,,5,108258,1,Не требует ремонта,Оригинал,LE+,"дизель, 1.6d CVT (130 л.с.)",вариатор,передний,Левый,Внедорожник 5 дв.,белый,https://avatars.avto.ru/get-autoru-vos/20770109/10c5425559f14433992f2b62c23bec22/1200x900,2026-09-22T05:51:58Z
Toyota,RAV4,Toyota RAV4 IV (XA40) Рестайлинг,https://auto.ru/cars/used/sale/toyota/rav_4/1133186455-3ca35232/,2099000,Пермь,2017,,5,210000,1,Не требует ремонта,Оригинал,Комфорт Плюс,"бензин, 2.0 CVT (146 л.с.) 4WD",вариатор,полный,Левый,Внедорожник 5 дв.,чёрный,https://avatars.avto.ru/get-autoru-vos/20656151/1810fc016c1a9da11fa76857af252523/1200x900,2026-09-22T05:51:58Z
Nissan,Qashqai,Nissan Qashqai I Рестайлинг,https://auto.ru/cars/used/sale/nissan/qashqai/1134082753-61a15c63/,889000,Пермь,2013,,5,299345,1,Не требует ремонта,Оригинал,,"бензин, 1.6 MT (114 л.с.)",механическая,передний,Левый,Внедорожник 5 дв.,чёрный,https://avatars.avto.ru/get-autoru-vos/20439065/0e16da96e677cbbc7357ee3b5a39a0c5/1200x900,2026-09-22T05:51:58Z
Infiniti,QX80,Infiniti QX80 I,https://auto.ru/cars/used/sale/infiniti/qx80/1133801387-e22fdae8/,2149000,Пермь,2014,,7,275000,3,Не требует ремонта,Дубликат,,"бензин, 5.6 AT (405 л.с.) 4WD",автоматическая,полный,Левый,Внедорожник 5 дв.,белый,https://avatars.avto.ru/get-autoru-vos/18104669/df9daf1d63fa3a132ceea39b35f842d4/1200x900,2026-09-22T05:51:58Z
Toyota,Prius,Toyota Prius PHV ZVW52 Prime IV (XW50),https://auto.ru/cars/used/sale/toyota/prius/1134130984-60da1257/,2999000,Пермь,2019,,4,92000,1,Не требует ремонта,Оригинал,,"гибрид, Prime 1.8hyb AT (98 л.с.)",автоматическая,передний,Левый,Лифтбек PHV ZVW52,синий,https://avatars.avto.ru/get-autoru-vos/15587596/ade602723afafcc281a7a0e58b95fb39/1200x900,2026-09-22T05:51:58Z
Lada (ВАЗ),2131 (4x4),Lada (ВАЗ) 2131 (4x4) I,https://auto.ru/cars/used/sale/vaz/2131_4x4/1132321315-6cc6cc99/,559000,Пермь,2018,,5,118218,1,Не требует ремонта,Оригинал,Black Edition,"бензин, 1.7 MT (83 л.с.) 4WD",механическая,полный,Левый,Внедорожник 5 дв.,серый,https://avatars.avto.ru/get-autoru-vos/19063053/5f549b62ef00a3c153b987365671c1a4/1200x900,2026-09-22T05:51:58Z
Toyota,Sienta,Toyota Sienta II,https://auto.ru/cars/used/sale/toyota/sienta/1133219078-7478aa59/,1379000,Пермь,2016,,7,126202,1,Не требует ремонта,Оригинал,,"бензин, 1.5 CVT (109 л.с.)",вариатор,передний,Правый,Компактвэн,коричневый,https://avatars.avto.ru/get-autoru-vos/18790574/0b1524d9d5fb8cb6b5e896c7bd43b590/1200x900,2026-09-22T05:51:58Z
Toyota,Sienta,Toyota Sienta II,https://auto.ru/cars/used/sale/toyota/sienta/1134036232-1a336dbb/,1349000,Пермь,2016,,7,114000,1,Не требует ремонта,Оригинал,,"бензин, 1.5 CVT (109 л.с.)",вариатор,передний,Правый,Компактвэн,серый,https://avatars.avto.ru/get-autoru-vos/2146320/9b9fc803a64a99a968567c9ac2e37e30/1200x900,2026-09-22T05:51:58Z
Jetour,Dashing,Jetour Dashing I,https://auto.ru/cars/used/sale/jetour/dashing/1133174092-d3de43b1/,1999000,Пермь,2024,,5,23516,1,Не требует ремонта,Оригинал,Престиж,"бензин, 1.5 AMT (147 л.с.)",робот,передний,Левый,Внедорожник 5 дв.,белый,https://avatars.avto.ru/get-autoru-vos/17913096/a1dbbf5106450cd2e8d0d371ddcac203/1200x900,2026-09-22T05:51:58Z
Mercedes-Benz,GLE Coupe,Mercedes-Benz GLE Coupe 400 I (C292),https://auto.ru/cars/used/sale/mercedes/gle_klasse_coupe/1134043202-96a863a2/,3799000,Пермь,2017,,5,151235,4,Не требует ремонта,Оригинал,GLE 400 4MATIC Купе Особая серия,"бензин, 400 3.0 AT (333 л.с.) 4WD",автоматическая,полный,Левый,Внедорожник 5 дв.,красный,https://photo.auto.ru/photo/get-autoru-vos/2079997/yW2-6HNB8CnEsuGBWJB4edOfF4jqFoA7m2I03CUer5rYMyA-3mOoNPeoUOoShz_HoHqamB70oXcUF4WFfz9QwEZpI-CIxIdE9OT_rh8Mw22p6ZzTLyRym6D1MZyN9zUFXhRVfmt0eSvtNQsuC01fvEBoGSqTLYZBsRZbKEkDty_v-x8/1200x900,2026-09-22T05:51:58Z
Nissan,X-Trail,Nissan X-Trail III,https://auto.ru/cars/used/sale/nissan/x_trail/1133869230-a257a0aa/,1899000,Пермь,2018,,5,194123,3,Не требует ремонта,Оригинал,,"бензин, 2.0 CVT (144 л.с.) 4WD",вариатор,полный,Левый,Внедорожник 5 дв.,чёрный,https://avatars.avto.ru/get-autoru-vos/2105933/ce10a8832dd594b72a1e3469e8c7becb/1200x900,2026-09-22T05:51:58Z
Mitsubishi,Outlander,Mitsubishi Outlander II Рестайлинг,https://auto.ru/cars/used/sale/mitsubishi/outlander/1133990524-78a57153/,1149000,Пермь,2010,,5,244000,4,Не требует ремонта,Оригинал,,"бензин, 2.0 CVT (147 л.с.) 4WD",вариатор,полный,Левый,Внедорожник 5 дв.,чёрный,https://avatars.avto.ru/get-autoru-vos/4797722/bc068fdbdba4c96474c4209ca38fd8d8/1200x900,2026-09-22T05:51:58Z
Mazda,CX-5,Mazda CX-5 I Рестайлинг,https://auto.ru/cars/used/sale/mazda/cx_5/1132673551-618c6f7d/,1799000,Пермь,2016,,5,198736,2,Не требует ремонта,Оригинал,Active,"бензин, 2.0 AT (150 л.с.) 4WD",автоматическая,полный,Левый,Внедорожник 5 дв.,белый,https://avatars.avto.ru/get-autoru-vos/17783177/e3d49f895221dbfc64a8e85ba50a869e/1200x900,2026-09-22T05:51:58Z
Renault,Kaptur,Renault Kaptur I,https://auto.ru/cars/used/sale/renault/kaptur/1133439888-acdc9718/,1199000,Пермь,2018,,5,157000,1,Не требует ремонта,Оригинал,Play,"бензин, 1.6 CVT (114 л.с.)",вариатор,передний,Левый,Внедорожник 5 дв.,коричневый,https://avatars.avto.ru/get-autoru-vos/21074985/28861a5f75069696e060bf34f5848510/1200x900,2026-09-22T05:51:58Z
Haval,Jolion,Haval Jolion I,https://auto.ru/cars/used/sale/haval/jolion/1133060530-f603d4de/,1559000,Пермь,2023,,5,128000,1,Не требует ремонта,Оригинал,Comfort Plus,"бензин, 1.5 AMT (143 л.с.)",робот,передний,Левый,Внедорожник 5 дв.,белый,https://avatars.avto.ru/get-autoru-vos/20363536/74acdf88c0294cdf2b34bd051cbb719d/1200x900,2026-09-22T05:51:58Z
УАЗ,Пикап,УАЗ Пикап I,https://auto.ru/cars/used/sale/uaz/pickup/1134197108-6f3d79d4/,909000,Пермь,2012,,5,113400,2,Не требует ремонта,Оригинал,,"бензин, 2.7 MT (128 л.с.) 4WD",механическая,полный,Левый,Пикап Двойная кабина,золотистый,https://photo.auto.ru/photo/get-autoru-vos/20140694/oLN52vSpWrpV-DTBu1tgE185_u8kzEdD8JdbzqNv70lUH-Z5_dTbNDwiPkNM2TgBv3nE3jH197ZpQLO5Y5HGzDnRhIUZt-cmEOMX4rzdSkYrMH7T1ibvEjVhRTwajoH1PcYq7oIsMzPMv5C-RemZaTbl2PmXUmta1qcoilJVcKWbo6w/1200x900,2026-09-22T05:51:58Z
Hyundai,ix35,Hyundai ix35 I,https://auto.ru/cars/used/sale/hyundai/ix35/1133801443-6aca3669/,1179000,Пермь,2012,,5,240152,1,Не требует ремонта,Оригинал,,"бензин, 2.0 AT (150 л.с.)",автоматическая,передний,Левый,Внедорожник 5 дв.,чёрный,https://avatars.avto.ru/get-autoru-vos/7067970/73111f1d465a86c4d8b7b0ee88cd0cdc/1200x900,2026-09-22T05:52:02Z
Ford,Escape,Ford Escape III Рестайлинг,https://auto.ru/cars/used/sale/ford/escape/1132549428-725821f4/,1329000,Пермь,2016,,5,144500,3,Не требует ремонта,Оригинал,,"бензин, 1.5 AT (182 л.с.) 4WD",автоматическая,полный,Левый,Внедорожник 5 дв.,синий,https://avatars.avto.ru/get-autoru-vos/20193191/25dc3232ea6461c166063525c7477f6c/1200x900,2026-09-22T05:52:02Z
Nissan,Qashqai,Nissan Qashqai II Рестайлинг,https://auto.ru/cars/used/sale/nissan/qashqai/1133801523-1a169162/,1659000,Пермь,2018,,5,130000,2,Не требует ремонта,Оригинал,,"бензин, 2.0 CVT (140 л.с.)",вариатор,передний,Левый,Внедорожник 5 дв.,белый,https://avatars.avto.ru/get-autoru-vos/20055049/5e78dd7a47272829c772c9964b0aaf64/1200x900,2026-09-22T05:52:02Z
Mazda,6,Mazda 6 II (GH),https://auto.ru/cars/used/sale/mazda/6/1134169252-5e37c751/,1099000,Пермь,2008,,5,310026,1,Не требует ремонта,Оригинал,,"бензин, 2.0 MT (147 л.с.)",механическая,передний,Левый,Универсал 5 дв.,фиолетовый,https://avatars.avto.ru/get-autoru-vos/20487659/291d317814be6188a4890cedf97a16f9/1200x900,2026-09-22T05:52:02Z
Lada (ВАЗ),Niva Travel,Lada (ВАЗ) Niva Travel I,https://auto.ru/cars/used/sale/vaz/niva_travel/1133853521-55866844/,919000,Пермь,2022,,5,73156,1,Не требует ремонта,Оригинал,,"бензин, 1.7 MT (80 л.с.) 4WD",механическая,полный,Левый,Внедорожник 5 дв.,чёрный,https://avatars.avto.ru/get-autoru-vos/20272960/24fac82dd22f7608e07d9fb91834ef42/1200x900,2026-09-22T05:52:02Z
Chevrolet,Trax,Chevrolet Trax I Рестайлинг,https://auto.ru/cars/used/sale/chevrolet/trax/1132024245-51d3e79a/,1729000,Пермь,2020,,5,94121,1,Не требует ремонта,Оригинал,,"бензин, 1.4 AT (140 л.с.)",автоматическая,передний,Левый,Внедорожник 5 дв.,чёрный,https://avatars.avto.ru/get-autoru-vos/14637477/70e6d7cbc4516e34e96efb0c843936a6/1200x900,2026-09-22T05:52:02Z
BMW,X3,BMW X3 20d xDrive II (F25),https://auto.ru/cars/used/sale/bmw/x3/1133885650-32e996b2/,1699000,Пермь,2011,,5,257415,2,Не требует ремонта,Дубликат,,"дизель, 20d xDrive 2.0d AT (184 л.с.) 4WD",автоматическая,полный,Левый,Внедорожник 5 дв.,серебристый,https://avatars.avto.ru/get-autoru-vos/2155444/be388f7de02258fd4340840c667d4892/1200x900,2026-09-22T05:52:02Z
Lada (ВАЗ),Niva Travel,Lada (ВАЗ) Niva Travel I,https://auto.ru/cars/used/sale/vaz/niva_travel/1134155534-4f99e0c9/,989000,Пермь,2022,,5,75245,2,Не требует ремонта,Оригинал,,"бензин, 1.7 MT (80 л.с.) 4WD",механическая,полный,Левый,Внедорожник 5 дв.,чёрный,https://avatars.avto.ru/get-autoru-vos/20141841/2631e263c44198a3352ae5db0d25b791/1200x900,2026-09-22T05:52:02Z
Subaru,Impreza,Subaru Impreza V,https://auto.ru/cars/used/sale/subaru/impreza/1133823786-85a608d4/,1339000,Пермь,2018,,5,134000,1,Не требует ремонта,Оригинал,,"бензин, 1.6 CVT (115 л.с.) 4WD",вариатор,полный,Правый,Седан,серебристый,https://avatars.avto.ru/get-autoru-vos/20200701/8c9a331b8c00acf867151c09b7b91803/1200x900,2026-09-22T05:52:02Z
Haval,F7,Haval F7 I Рестайлинг,https://auto.ru/cars/used/sale/haval/f7/1133801477-c9e15681/,1749000,Пермь,2022,,5,94886,2,Не требует ремонта,Оригинал,,"бензин, 1.5 AMT (150 л.с.)",робот,передний,Левый,Внедорожник 5 дв.,чёрный,https://avatars.avto.ru/get-autoru-vos/20671634/a8d1cd8bbea5450febf76a7b2ea258f4/1200x900,2026-09-22T05:52:02Z
Mazda,CX-5,Mazda CX-5 II,https://auto.ru/cars/used/sale/mazda/cx_5/1132307659-c9885be5/,3679000,Пермь,2021,,5,66000,1,Не требует ремонта,Оригинал,,"бензин, 2.5 AT (188 л.с.) 4WD",автоматическая,полный,Левый,Внедорожник 5 дв.,серебристый,https://avatars.avto.ru/get-autoru-vos/20394542/1819a5234ce6839823bc5aa2fb42289c/1200x900,2026-09-22T05:52:02Z
Kia,Sportage,Kia Sportage II,https://auto.ru/cars/used/sale/kia/sportage/1133992456-2cea3e07/,799000,Пермь,2007,,5,246565,4,Не требует ремонта,Оригинал,,"бензин, 2.0 MT (141 л.с.) 4WD",механическая,полный,Левый,Внедорожник 5 дв.,коричневый,https://avatars.avto.ru/get-autoru-vos/16673081/7b0ff76eebfc3c13e4be593bb03b7a98/1200x900,2026-09-22T05:52:02Z
Ford,Escape,Ford Escape IV,https://auto.ru/cars/used/sale/ford/escape/1134026520-b542c9c1/,1849000,Пермь,2020,,5,152566,1,Не требует ремонта,Оригинал,,"бензин, 1.5 AT (180 л.с.)",автоматическая,передний,Левый,Внедорожник 5 дв.,серебристый,https://avatars.avto.ru/get-autoru-vos/17969032/f9b19dae591adead66bb946989dfd541/1200x900,2026-09-22T05:52:02Z
Renault,Logan,Renault Logan II,https://auto.ru/cars/used/sale/renault/logan/1127682947-2a3453b2/,549000,Пермь,2016,,5,93552,1,Не требует ремонта,Оригинал,Access,"бензин, 1.6 MT (82 л.с.)",механическая,передний,Левый,Седан,белый,https://avatars.avto.ru/get-autoru-vos/21119147/fefdba9a143dcbfed21854c8b25ca64f/1200x900,2026-09-22T05:52:02Z
Hyundai,Creta,Hyundai Creta I,https://auto.ru/cars/used/sale/hyundai/creta/1134228727-8020316e/,1979000,Пермь,2019,,5,157265,1,Не требует ремонта,Оригинал,,"бензин, 2.0 AT (150 л.с.)",автоматическая,передний,Левый,Внедорожник 5 дв.,чёрный,https://avatars.avto.ru/get-autoru-vos/20979348/271fee47e0a3b3667583694458019aeb/1200x900,2026-09-22T05:52:02Z
Mazda,CX-5,Mazda CX-5 I Рестайлинг,https://auto.ru/cars/used/sale/mazda/cx_5/1133174093-16099c7c/,1699000,Пермь,2016,,5,192000,3,Не требует ремонта,Оригинал,Active,"бензин, 2.0 AT (150 л.с.)",автоматическая,передний,Левый,Внедорожник 5 дв.,синий,https://avatars.avto.ru/get-autoru-vos/20335149/5c1d538182bf98f1d96103c7e036cfba/1200x900,2026-09-22T05:52:02Z
Toyota,RAV4,Toyota RAV4 IV (XA40),https://auto.ru/cars/used/sale/toyota/rav_4/1134140735-bc9ef528/,1709000,Пермь,2013,,5,180971,3,Не требует ремонта,Оригинал,,"бензин, 2.0 CVT (146 л.с.) 4WD",вариатор,полный,Левый,Внедорожник 5 дв.,серебристый,https://avatars.avto.ru/get-autoru-vos/17714294/c7bcafbe5ae4089083a4c5360ae90b03/1200x900,2026-09-22T05:52:02Z
Subaru,Outback,Subaru Outback III,https://auto.ru/cars/used/sale/subaru/outback/1131720872-e6999515/,579000,Пермь,2005,,5,213000,4,Не требует ремонта,Оригинал,,"бензин, 2.5 AT (165 л.с.) 4WD",автоматическая,полный,Левый,Универсал 5 дв.,синий,https://avatars.avto.ru/get-autoru-vos/16793145/c8c1824c1316f218d87375c3c17b5758/1200x900,2026-09-22T05:52:02Z
Volkswagen,Touran,Volkswagen Touran I Рестайлинг,https://auto.ru/cars/used/sale/volkswagen/touran/1132862199-75896d6e/,759000,Пермь,2007,,5,528635,2,Не требует ремонта,Дубликат,Highline,"дизель, 2.0d AMT (140 л.с.)",робот,передний,Левый,Компактвэн,серый,https://avatars.avto.ru/get-autoru-vos/20104625/b415add86c29045e7b399b65e1aac370/1200x900,2026-09-22T05:52:02Z
Mazda,CX-5,Mazda CX-5 I,https://auto.ru/cars/used/sale/mazda/cx_5/1133939257-8eae73ac/,2049000,Пермь,2014,,5,116300,2,Не требует ремонта,Оригинал,,"бензин, 2.0 AT (150 л.с.) 4WD",автоматическая,полный,Левый,Внедорожник 5 дв.,белый,https://avatars.avto.ru/get-autoru-vos/2144487/8e07d3349af5e6f2ab3a450e65a8a070/1200x900,2026-09-22T05:52:02Z
BMW,X5,BMW X5 35i II (E70) Рестайлинг,https://auto.ru/cars/used/sale/bmw/x5/1134109032-df2fc9c6/,2149000,Пермь,2011,,5,254000,3,Не требует ремонта,Оригинал,,"бензин, 35i 3.0 AT (306 л.с.) 4WD",автоматическая,полный,Левый,Внедорожник 5 дв.,чёрный,https://avatars.avto.ru/get-autoru-vos/15416179/e66235428b2bb51f8c2916e7626b9ffc/1200x900,2026-09-22T05:52:02Z
Kia,Seltos,Kia Seltos I,https://auto.ru/cars/used/sale/kia/seltos/1133979419-cdace876/,2229000,Пермь,2020,,5,60215,2,Не требует ремонта,Оригинал,,"бензин, 1.6 AMT (177 л.с.)",робот,передний,Левый,Внедорожник 5 дв.,белый,https://avatars.avto.ru/get-autoru-vos/18008089/df68fc091eb82cc6848dbb8c3da4f61b/1200x900,2026-09-22T05:52:02Z
Geely,Coolray,Geely Coolray I Рестайлинг,https://auto.ru/cars/used/sale/geely/coolray/1133801564-d8d725d5/,1999000,Пермь,2023,,5,60259,1,Не требует ремонта,Оригинал,,"бензин, 1.5 AMT (172 л.с.)",робот,передний,Левый,Внедорожник 5 дв.,серебристый,https://avatars.avto.ru/get-autoru-vos/19815194/92407a42094f08c75dfba7c870e9e651/1200x900,2026-09-22T05:52:02Z
Haval,F7,Haval F7 I Рестайлинг,https://auto.ru/cars/used/sale/haval/f7/1134043200-ac31c7a5/,2549000,Пермь,2024,,5,59268,1,Не требует ремонта,Оригинал,,"бензин, 2.0 AMT (190 л.с.) 4WD",робот,полный,Левый,Внедорожник 5 дв.,белый,https://photo.auto.ru/photo/get-autoru-vos/18129838/kN6ZYSdCW9gBPCmPlK_MITMTjbQ3b0ov6hl4dpzua1stN5tzAaRXARvOjRqe2oLdCn1MBFaAJxWkKWBWOSGq_ECKL9K4gQneOaPryfqVIp6RqS2bR-N3HiWduLPszcrPbBxLbRNTg-XFRrehpnUQerkCCw4Haoq3a2WDQ2Fott_6v6I/1200x900,2026-09-22T05:52:02Z
Volkswagen,Taos,Volkswagen Taos I,https://auto.ru/cars/used/sale/volkswagen/taos/1134184535-13802e42/,2619000,Пермь,2021,,5,80000,1,Не требует ремонта,Оригинал,,"бензин, 1.4 AT (150 л.с.)",автоматическая,передний,Левый,Внедорожник 5 дв.,чёрный,https://avatars.avto.ru/get-autoru-vos/17973062/b9e9ed7175da7008696ca43ab219ef42/1200x900,2026-09-22T05:52:02Z
Nissan,Qashqai,Nissan Qashqai II Рестайлинг,https://auto.ru/cars/used/sale/nissan/qashqai/1134042493-cdec1dc3/,2199000,Пермь,2020,,5,126900,2,Не требует ремонта,Оригинал,,"бензин, 2.0 CVT (144 л.с.) 4WD",вариатор,полный,Левый,Внедорожник 5 дв.,серебристый,https://avatars.avto.ru/get-autoru-vos/19297093/6eb9f5fc76fb15f44f93fd4ec110cfa5/1200x900,2026-09-22T05:52:02Z
Mitsubishi,Pajero,Mitsubishi Pajero IV Рестайлинг 1,https://auto.ru/cars/used/sale/mitsubishi/pajero/1134168439-8d1a5931/,2149000,Пермь,2012,,5,195256,4,Не требует ремонта,Оригинал,,"дизель, 3.2d AT (200 л.с.) 4WD",автоматическая,полный,Левый,Внедорожник 5 дв.,серый,https://avatars.avto.ru/get-autoru-vos/18106725/ae1b7c4fb18dc42c7c3585682750e8e2/1200x900,2026-09-22T05:52:02Z
Subaru,Forester,Subaru Forester III,https://auto.ru/cars/used/sale/subaru/forester/1133360678-2631dc34/,799000,Пермь,2008,,5,309000,4,Не требует ремонта,Оригинал,2.0XS (VR),"бензин, 2.0 MT (150 л.с.) 4WD",механическая,полный,Левый,Внедорожник 5 дв.,бежевый,https://avatars.avto.ru/get-autoru-vos/20439065/e6551ed8045d39fc1521a3ed4a272eb8/1200x900,2026-09-22T05:52:02Z
Audi,Q5,Audi Q5 I (8R) Рестайлинг,https://auto.ru/cars/used/sale/audi/q5/1133229159-f5343907/,2419000,Пермь,2016,,5,138282,2,Не требует ремонта,Оригинал,Comfort,"бензин, 2.0 AT (180 л.с.) 4WD",автоматическая,полный,Левый,Внедорожник 5 дв.,чёрный,https://avatars.avto.ru/get-autoru-vos/20657148/c2b47be0e79e29bb9642a74c76c4a356/1200x900,2026-09-22T05:52:02Z
Exeed,LX,Exeed LX I Рестайлинг,https://auto.ru/cars/used/sale/exeed/lx/1133994650-a02fbfcf/,2099000,Пермь,2023,,5,21056,1,Не требует ремонта,Оригинал,,"бензин, 1.5 CVT (147 л.с.)",вариатор,передний,Левый,Внедорожник 5 дв.,серебристый,https://avatars.avto.ru/get-autoru-vos/17777984/27a1d9e7afef111125557870c1535b34/1200x900,2026-09-22T05:52:02Z
Mazda,5,Mazda 5 I (CR) Рестайлинг,https://auto.ru/cars/used/sale/mazda/5/1133853522-b71c3e6a/,579000,Пермь,2007,,5,308000,4,Не требует ремонта,Дубликат,,"бензин, 1.8 MT (115 л.с.)",механическая,передний,Левый,Компактвэн,бежевый,https://avatars.avto.ru/get-autoru-vos/15049662/7b83e39c2300fcb071bb771dfcf41e6a/1200x900,2026-09-22T05:52:02Z
Geely,Emgrand X7,Geely Emgrand X7 I,https://auto.ru/cars/used/sale/geely/emgrand_x7/1129822175-5820d156/,719000,Пермь,2014,,5,147000,3,Не требует ремонта,Оригинал,Comfort,"бензин, 2.0 MT (139 л.с.)",механическая,передний,Левый,Внедорожник 5 дв.,белый,https://avatars.avto.ru/get-autoru-vos/17783177/3fe5c4f9beafa2fa9ec9d5bd237409e2/1200x900,2026-09-22T05:52:02Z
Kia,Sorento,Kia Sorento II Рестайлинг,https://auto.ru/cars/used/sale/kia/sorento/1133801393-9a8d21c9/,1999000,Пермь,2018,,5,178000,1,Не требует ремонта,Оригинал,,"бензин, 2.4 MT (175 л.с.) 4WD",механическая,полный,Левый,Внедорожник 5 дв.,белый,https://avatars.avto.ru/get-autoru-vos/20335149/cc820b60f2e37676423219bc25151c74/1200x900,2026-09-22T05:52:02Z
SsangYong,Kyron,SsangYong Kyron I Рестайлинг,https://auto.ru/cars/used/sale/ssang_yong/kyron/1133823810-730d9819/,699000,Пермь,2012,,5,278000,2,Не требует ремонта,Оригинал,,"бензин, 2.3 MT (150 л.с.) 4WD",механическая,полный,Левый,Внедорожник 5 дв.,серый,https://photo.auto.ru/photo/get-autoru-vos/20104625/Pr3Z7T2LpT2SNhfFYZIi3169b95oNsJB6uJ6jfOtUntd3b3getXq1N9eMmTOxxcwpOqNVPxjUiFfZzlmRrZsF_Pg69_TCmUpqjQ-kIa2ol3vB0H3i_aw7Jjg1Vlw66gtUh_wyC47GDdKF8fsMvwdZP9LO0FBzoOPCNApfoAjCw6KXiY/1200x900,2026-09-22T05:52:02Z
Mitsubishi,Outlander,Mitsubishi Outlander II,https://auto.ru/cars/used/sale/mitsubishi/outlander/1134192011-3bf8ad91/,949000,Пермь,2008,,5,252000,4,Не требует ремонта,Оригинал,,"бензин, 2.4 CVT (170 л.с.) 4WD",вариатор,полный,Левый,Внедорожник 5 дв.,чёрный,https://photo.auto.ru/photo/get-autoru-vos/20016218/FBLm6xLgGNaHq9mNkXVIpYJ6ieVURlmhMfhlTKmmPzll1rcHPLDjcwtGygBOo3qM_xwN0ZbZ8EI3oS9sDM_7ALGojxdGfVAvlN4vFCnaW3c_p2YLwd1VUscWuNOSgFHzO41ve73rQ_8JBKfu37NgiSz57uHRcgtOdsGqybSJCtYSYP4/1200x900,2026-09-22T05:52:02Z
Nissan,Qashqai,Nissan Qashqai I Рестайлинг,https://auto.ru/cars/used/sale/nissan/qashqai/1134138402-938754bf/,1299000,Пермь,2012,,5,191100,3,Не требует ремонта,Оригинал,,"бензин, 2.0 CVT (141 л.с.) 4WD",вариатор,полный,Левый,Внедорожник 5 дв.,чёрный,https://photo.auto.ru/photo/get-autoru-vos/17833075/cfP-stQ_k0j9a5C78Hjb-H5w2pF8N7jM-ZaIIkJ4oaBMFMtKtWyCgtEc4evhBYMUJShixzI3Ex9BZVGy7jjtqaiSjSgOc52SUGTgMS37cELigoaqKHH3HFM6yS_kjIgak3NYXWEP6irDvG-OYza6QlSj-g3Wmkc4b3RKzHDtWe2C7gc/1200x900,2026-09-22T05:52:02Z
Renault,Duster,Renault Duster I Рестайлинг,https://auto.ru/cars/used/sale/renault/duster/1134107325-356b17b6/,1199000,Пермь,2016,,5,170000,2,Не требует ремонта,Дубликат,,"бензин, 2.0 AT (143 л.с.) 4WD",автоматическая,полный,Левый,Внедорожник 5 дв.,белый,https://avatars.avto.ru/get-autoru-vos/4581701/adfef09e9a1e7bda20596265864c672b/1200x900,2026-09-22T05:52:02Z
Subaru,Impreza WRX,Subaru Impreza WRX II Рестайлинг 1,https://auto.ru/cars/used/sale/subaru/impreza_wrx/1134087554-d274b7ee/,1349000,Пермь,2004,,5,80221,4,Не требует ремонта,Дубликат,,"бензин, 2.0 MT (225 л.с.) 4WD",механическая,полный,Левый,Седан,синий,https://avatars.avto.ru/get-autoru-vos/2157278/0e14294c51a2525cae8e84330b3f0667/1200x900,2026-09-22T05:52:05Z
Mazda,CX-5,Mazda CX-5 II Рестайлинг,https://auto.ru/cars/used/sale/mazda/cx_5/1134048161-af09762f/,3699000,Пермь,2022,,5,8525,1,Не требует ремонта,Оригинал,,"бензин, 2.5 AT (188 л.с.) 4WD",автоматическая,полный,Левый,Внедорожник 5 дв.,синий,https://avatars.avto.ru/get-autoru-vos/18621059/be7669a64a4a021e638e8bb53c2e4dd3/1200x900,2026-09-22T05:52:05Z
Volkswagen,Tiguan,Volkswagen Tiguan II,https://auto.ru/cars/used/sale/volkswagen/tiguan/1134139301-86017800/,2149000,Пермь,2018,,5,149025,1,Не требует ремонта,Оригинал,,"бензин, 1.4 AMT (150 л.с.) 4WD",робот,полный,Левый,Внедорожник 5 дв.,синий,https://photo.auto.ru/photo/get-autoru-vos/19811519/3Zo46pXn_5Nqs1E9Pjr3J3cQQmVQWN0DC0TgZH9jvuU3GaueH8IdOyjdJ1u8cHS62vvzQ3YJ3ZVBPL0X3_X9f2p-Twp_aG72sQ4BXOuQOgdGO1v_9UWvHNY2mV9tG2AMDb52L7hIySql-R3yZYIuoA2BG9FdVYOT4JIBO1ObEh8K6j8/1200x900,2026-09-22T05:52:05Z
Lada (ВАЗ),2114,Lada (ВАЗ) 2114,https://auto.ru/cars/used/sale/vaz/2114/1131633281-4f8f8cb3/,229000,Пермь,2013,,5,254898,3,Не требует ремонта,Оригинал,Люкс,"бензин, 1.6 MT (81 л.с.)",механическая,передний,Левый,Хэтчбек 5 дв.,чёрный,https://avatars.avto.ru/get-autoru-vos/17969032/b6239ffec2fbcbd739c035323c99cf45/1200x900,2026-09-22T05:52:05Z
Renault,Kaptur,Renault Kaptur I,https://auto.ru/cars/used/sale/renault/kaptur/1134199469-23c52a33/,1759000,Пермь,2017,,5,75000,1,Не требует ремонта,Оригинал,,"бензин, 2.0 AT (143 л.с.) 4WD",автоматическая,полный,Левый,Внедорожник 5 дв.,синий,https://avatars.avto.ru/get-autoru-vos/20035467/5e0f1841c2c1303821ae7dfe91fcd61d/1200x900,2026-09-22T05:52:05Z
Kia,Soul,Kia Soul III,https://auto.ru/cars/used/sale/kia/soul/1131802513-89776869/,1799000,Пермь,2020,,5,63200,2,Не требует ремонта,Оригинал,Classic,"бензин, 1.6 AT (123 л.с.)",автоматическая,передний,Левый,Хэтчбек 5 дв.,белый,https://avatars.avto.ru/get-autoru-vos/20141841/0a2e7df4beff21c4c1c09e89e2e0ae66/1200x900,2026-09-22T05:52:05Z
Mercedes-Benz,S-Класс,Mercedes-Benz S-Класс 500 Long V (W221),https://auto.ru/cars/used/sale/mercedes/s_klasse/1133825262-5291e0dc/,1349000,Пермь,2007,,4,210256,3,Не требует ремонта,Оригинал,S 500 4MATIC Long,"бензин, 500 Long 5.5 AT (388 л.с.) 4WD",автоматическая,полный,Левый,Седан Long,чёрный,https://avatars.avto.ru/get-autoru-vos/5232198/e46809a0ba6c834149e713ece7896fbe/1200x900,2026-09-22T05:52:05Z
Kaiyi,E5,Kaiyi E5,https://auto.ru/cars/used/sale/kaiyi/e5/1133801386-23867329/,1429000,Пермь,2023,,5,67000,1,Не требует ремонта,Оригинал,,"бензин, 1.5 CVT (147 л.с.)",вариатор,передний,Левый,Седан,белый,https://avatars.avto.ru/get-autoru-vos/16673081/8cdb66a979485bdfece7c58b30d62ca8/1200x900,2026-09-22T05:52:05Z
Nissan,X-Trail,Nissan X-Trail III,https://auto.ru/cars/used/sale/nissan/x_trail/1133801478-fd7ee498/,1599000,Пермь,2015,,5,140600,3,Не требует ремонта,Оригинал,,"бензин, 2.0 CVT (144 л.с.) 4WD",вариатор,полный,Левый,Внедорожник 5 дв.,чёрный,https://avatars.avto.ru/get-autoru-vos/5551788/477234fc71efca24f1d3c7447c213aeb/1200x900,2026-09-22T05:52:05Z
Hyundai,Tucson,Hyundai Tucson I,https://auto.ru/cars/used/sale/hyundai/tucson/1133983887-1655bf03/,659000,Пермь,2007,,5,269680,4,Не требует ремонта,Дубликат,,"бензин, 2.0 MT (141 л.с.) 4WD",механическая,полный,Левый,Внедорожник 5 дв.,серебристый,https://avatars.avto.ru/get-autoru-vos/20141841/0700031a62e64a7f2b6f3c36970d7182/1200x900,2026-09-22T05:52:05Z
Subaru,Impreza,Subaru Impreza V,https://auto.ru/cars/used/sale/subaru/impreza/1134047286-8a1090f5/,1449000,Пермь,2019,,5,97000,1,Не требует ремонта,Оригинал,,"бензин, 1.6 CVT (115 л.с.)",вариатор,передний,Правый,Хэтчбек 5 дв.,синий,https://avatars.avto.ru/get-autoru-vos/21020305/ef330ce423309faff1b22a3d90b031c4/1200x900,2026-09-22T05:52:05Z
Lada (ВАЗ),Niva Travel,Lada (ВАЗ) Niva Travel I,https://auto.ru/cars/used/sale/vaz/niva_travel/1133961083-0f1c6884/,1199000,Пермь,2023,,5,48030,2,Не требует ремонта,Оригинал,,"бензин, 1.7 MT (80 л.с.) 4WD",механическая,полный,Левый,Внедорожник 5 дв.,зелёный,https://avatars.avto.ru/get-autoru-vos/20346480/501c6a7e5e489099d5487f7e08149f5f/1200x900,2026-09-22T05:52:05Z
Geely,Coolray,Geely Coolray I Рестайлинг,https://auto.ru/cars/used/sale/geely/coolray/1134197107-74dccb9c/,2509000,Пермь,2025,,5,4650,1,Не требует ремонта,Оригинал,,"бензин, 1.5 AMT (172 л.с.)",робот,передний,Левый,Внедорожник 5 дв.,серебристый,https://photo.auto.ru/photo/get-autoru-vos/19873021/fukYCJIJPFHO1thbCclPJnrZr9cmfpmIK18XWO1pnAAYGB3Xz7gEmVutrQBFJeyvGQkQjrqPspg2C84QQjWhP_hC3pIYNQiu4BqhIDAit9KF5g24St6uSkfGjUvrZTJt9KZdk9R_fkEI364J2w9ITviKUknK0PkzpkD4R3EwwtFYTZI/1200x900,2026-09-22T05:52:05Z
Ford,Kuga,Ford Kuga II Рестайлинг,https://auto.ru/cars/used/sale/ford/kuga/1133976114-0cf66e6b/,1569000,Пермь,2017,,5,115963,3,Не требует ремонта,Оригинал,,"бензин, 1.5 AT (182 л.с.) 4WD",автоматическая,полный,Левый,Внедорожник 5 дв.,чёрный,https://avatars.avto.ru/get-autoru-vos/15256414/68c02bd52937cf85a198951950bb5bbb/1200x900,2026-09-22T05:52:05Z
Mazda,CX-5,Mazda CX-5 I,https://auto.ru/cars/used/sale/mazda/cx_5/1134198019-4d44e513/,1649000,Пермь,2012,,5,143474,4,Не требует ремонта,Дубликат,,"бензин, 2.0 AT (150 л.с.) 4WD",автоматическая,полный,Левый,Внедорожник 5 дв.,белый,https://avatars.avto.ru/get-autoru-vos/20829654/d5c9def7cb777b6c78b108ea97d85c7e/1200x900,2026-09-22T05:52:05Z
Great Wall,Hover H3,Great Wall Hover H3 I Рестайлинг,https://auto.ru/cars/used/sale/great_wall/hoverh3/1134149708-060a22d1/,1049000,Пермь,2015,,5,163704,3,Не требует ремонта,Оригинал,,"бензин, 2.0 MT (150 л.с.) 4WD",механическая,полный,Левый,Внедорожник 5 дв.,серебристый,https://photo.auto.ru/photo/get-autoru-vos/15268379/KidC3OL0j6uiecZCOOSRcfA6kuHIPasKIq4t-YrSI4LuvX9ibJzjOboSKg7LarEgrK0bt-D3KdyOOPAJ-CiPYMMvA-hej6VUgoo8KTWHEC8VB83t7beeW21LMKzdW3cl70t2XLPSGhAXIFtUmZ2dEiWw3ngV71djUu5HFF9AfHWB5fo/1200x900,2026-09-22T05:52:05Z
Toyota,RAV4,Toyota RAV4 III (XA30),https://auto.ru/cars/used/sale/toyota/rav_4/1134093861-142f4682/,1449000,Пермь,2005,,5,290356,4,Не требует ремонта,Оригинал,,"бензин, 2.0 AT (152 л.с.) 4WD",автоматическая,полный,Левый,Внедорожник 5 дв.,серый,https://avatars.avto.ru/get-autoru-vos/21151957/dae5cf25667f7fa80fba4063fd2d129d/1200x900,2026-09-22T05:52:05Z
Nissan,Tiida,Nissan Tiida I Рестайлинг,https://auto.ru/cars/used/sale/nissan/tiida/1133801571-ad8f5c81/,749000,Пермь,2013,,5,285456,1,Не требует ремонта,Оригинал,,"бензин, 1.6 AT (110 л.с.)",автоматическая,передний,Левый,Хэтчбек 5 дв.,серебристый,https://avatars.avto.ru/get-autoru-vos/17394937/21f442ed98db93bd923e0718f1d8e494/1200x900,2026-09-22T05:52:05Z
Skoda,Kodiaq,Skoda Kodiaq I,https://auto.ru/cars/used/sale/skoda/kodiaq/1134158621-e505cdd2/,2859000,Пермь,2018,,5,124168,1,Не требует ремонта,Оригинал,,"бензин, 2.0 AMT (180 л.с.) 4WD",робот,полный,Левый,Внедорожник 5 дв.,белый,https://avatars.avto.ru/get-autoru-vos/20694092/186e870cbec19fef2ef485b203e11ba2/1200x900,2026-09-22T05:52:05Z
Toyota,RAV4,Toyota RAV4 III (XA30),https://auto.ru/cars/used/sale/toyota/rav_4/1134096564-6895b2b0/,1149000,Пермь,2007,,5,300258,1,Не требует ремонта,Оригинал,,"бензин, 2.0 AT (152 л.с.) 4WD",автоматическая,полный,Левый,Внедорожник 5 дв.,серебристый,https://avatars.avto.ru/get-autoru-vos/18106725/8cc9a59e00a21a0db5566de446d53689/1200x900,2026-09-22T05:52:05Z
Toyota,Corolla Verso,Toyota Corolla Verso I Рестайлинг,https://auto.ru/cars/used/sale/toyota/corolla_verso/1133932233-6d5a3ff7/,569000,Пермь,2005,,5,369067,4,Не требует ремонта,Оригинал,,"бензин, 1.8 AMT (129 л.с.)",робот,передний,Левый,Компактвэн,серый,https://avatars.avto.ru/get-autoru-vos/2107167/ec2acb52f82ac9c780d11fe039610145/1200x900,2026-09-22T05:52:05Z
Nissan,Terrano,Nissan Terrano III (D10),https://auto.ru/cars/used/sale/nissan/terrano/1134106183-0b42299f/,1429000,Пермь,2014,,5,63000,3,Не требует ремонта,Оригинал,,"бензин, 2.0 MT (135 л.с.) 4WD",механическая,полный,Левый,Внедорожник 5 дв.,серебристый,https://avatars.avto.ru/get-autoru-vos/20272960/17b52099dd18e77f0d42825983378bba/1200x900,2026-09-22T05:52:05Z
Toyota,Highlander,Toyota Highlander III (XU50),https://auto.ru/cars/used/sale/toyota/highlander/1133801486-f58a21a1/,2829000,Пермь,2014,,7,172000,3,Не требует ремонта,Оригинал,,"бензин, 2.7 AT (188 л.с.)",автоматическая,передний,Левый,Внедорожник 5 дв.,серый,https://avatars.avto.ru/get-autoru-vos/17906453/e0dd1f417a236a2201cc614faf167963/1200x900,2026-09-22T05:52:05Z
Mitsubishi,Lancer,Mitsubishi Lancer X,https://auto.ru/cars/used/sale/mitsubishi/lancer/1134210108-eab1389c/,879000,Пермь,2008,,5,220000,2,Не требует ремонта,Оригинал,,"бензин, 1.8 CVT (143 л.с.)",вариатор,передний,Левый,Седан,синий,https://photo.auto.ru/photo/get-autoru-vos/17711405/USVkjkou86hZ0i8dw5aIDFdviv1WkKXElwybiuPC0jdDInpr-_pNNEX2jqacVgCt0IYT-cXYScPN5XqD3dBhttMZ0-y7kg2bRkAQHNrxIW_rbLtKKsFGvGJpNXkZ9izlaLQIm-9dfgov3SNEEA2Dltyk8xb8x-z88un10DPGz7f5J4Y/1200x900,2026-09-22T05:52:05Z
Volkswagen,Tiguan,Volkswagen Tiguan I Рестайлинг,https://auto.ru/cars/used/sale/volkswagen/tiguan/1133801561-7bdfb4ef/,1699000,Пермь,2016,,5,203164,3,Не требует ремонта,Оригинал,,"бензин, 2.0 AT (180 л.с.) 4WD",автоматическая,полный,Левый,Внедорожник 5 дв.,чёрный,https://avatars.avto.ru/get-autoru-vos/17783177/536296f822334c19acdce352aff6a09f/1200x900,2026-09-22T05:52:05Z
Peugeot,308,Peugeot 308 I Рестайлинг,https://auto.ru/cars/used/sale/peugeot/308/1133399484-64bcd5f2/,399000,Пермь,2012,,5,229745,3,Не требует ремонта,Оригинал,Access,"бензин, 1.6 MT (120 л.с.)",механическая,передний,Левый,Хэтчбек 5 дв.,красный,https://avatars.avto.ru/get-autoru-vos/17844485/8e493128075dca926c7a6193fb2948a9/1200x900,2026-09-22T05:52:05Z
Chevrolet,Niva,Chevrolet Niva I Рестайлинг,https://auto.ru/cars/used/sale/chevrolet/niva/1133801412-15dc9ea8/,599000,Пермь,2015,,5,98000,2,Не требует ремонта,Оригинал,,"бензин, 1.7 MT (80 л.с.) 4WD",механическая,полный,Левый,Внедорожник 5 дв.,серый,https://avatars.avto.ru/get-autoru-vos/6214220/2a46e81834b3f5eca877a6952ac8b80e/1200x900,2026-09-22T05:52:05Z
Hyundai,Solaris,Hyundai Solaris II,https://auto.ru/cars/used/sale/hyundai/solaris/1133932234-d1df33c2/,999000,Пермь,2017,,5,208000,1,Не требует ремонта,Оригинал,,"бензин, 1.6 MT (123 л.с.)",механическая,передний,Левый,Седан,белый,https://avatars.avto.ru/get-autoru-vos/2197485/ef552a4e7e91a30547d189c1b0368e9e/1200x900,2026-09-22T05:52:05Z
Renault,Duster,Renault Duster I,https://auto.ru/cars/used/sale/renault/duster/1133801506-81a1ab74/,699000,Пермь,2014,,5,327012,4,Не требует ремонта,Оригинал,,"бензин, 1.6 MT (102 л.с.)",механическая,передний,Левый,Внедорожник 5 дв.,серебристый,https://photo.auto.ru/photo/get-autoru-vos/6376310/vNewA-81N6VpHm5x4R7SiPP44EobbKsTUQ9_VR1VAeVdHVK8fYxpGkNQZz_igQewFAQ64K61Tyy2e1O6lRAtmLseF4hR9S8vnipg-mNptfpxELKb-Bnq1JCkwHlkIPHl-mvSdLAQUEkYbc8hhg2nXyLR6z6CJM4lRiJbLzBF86pvDUA/1200x900,2026-09-22T05:52:05Z
Lada (ВАЗ),XRAY,Lada (ВАЗ) XRAY I,https://auto.ru/cars/used/sale/vaz/xray/1134143922-9eefa628/,769000,Пермь,2017,,5,176235,2,Не требует ремонта,Оригинал,,"бензин, 1.6 MT (106 л.с.)",механическая,передний,Левый,Хэтчбек 5 дв.,коричневый,https://avatars.avto.ru/get-autoru-vos/18621059/ebba93ae0490ba847b1a84d9840c75bc/1200x900,2026-09-22T05:52:05Z
Renault,Logan,Renault Logan I Рестайлинг,https://auto.ru/cars/used/sale/renault/logan/1131606306-53915c61/,399000,Пермь,2013,,5,161500,4,Не требует ремонта,Оригинал,Arctic,"бензин, 1.6 MT (84 л.с.)",механическая,передний,Левый,Седан,чёрный,https://photo.auto.ru/photo/get-autoru-vos/20180167/X6KEIgCJKDjzva6EshLb_K6V91iX5BYSIIW3Lh4k0w82rKvM9v9qjP2b6E69sGOcP8AmtTt-0x4_mUY1GrEK4XTU7vIIlMKiv0Af6tPHNFP0hzw7iSBGjhOIboCzHnPjcOYmJrx820i2EWXlS_1Ij7R2TGvIfcjEQHA7nxJMCeGouis/1200x900,2026-09-22T05:52:05Z
Nissan,Almera Classic,Nissan Almera Classic I,https://auto.ru/cars/used/sale/nissan/almera_classic/1133868856-cf111736/,679000,Пермь,2011,,5,211200,1,Не требует ремонта,Оригинал,,"бензин, 1.6 AT (107 л.с.)",автоматическая,передний,Левый,Седан,серый,https://avatars.avto.ru/get-autoru-vos/18006848/7bd70684ce0bb255242a94732c0478cb/1200x900,2026-09-22T05:52:05Z
Opel,Meriva,Opel Meriva B,https://auto.ru/cars/used/sale/opel/meriva/1134224875-c5ba4ece/,629000,Пермь,2012,,5,222563,4,Не требует ремонта,Оригинал,,"бензин, 1.4 MT (100 л.с.)",механическая,передний,Левый,Компактвэн,белый,https://avatars.avto.ru/get-autoru-vos/20358835/65b175105c4b5326e3822a780e926741/1200x900,2026-09-22T05:52:05Z
Nissan,Qashqai,Nissan Qashqai I Рестайлинг,https://auto.ru/cars/used/sale/nissan/qashqai/1133922997-773a13a1/,1119000,Пермь,2012,,5,180802,4,Не требует ремонта,Оригинал,,"бензин, 1.6 CVT (117 л.с.)",вариатор,передний,Левый,Внедорожник 5 дв.,белый,https://avatars.avto.ru/get-autoru-vos/16813311/7a8d983644857627dbca75d3e0ed46ec/1200x900,2026-09-22T05:52:05Z
Nissan,Leaf,Nissan Leaf II (ZE1),https://auto.ru/cars/used/sale/nissan/leaf/1133823803-343edd28/,1749000,Пермь,2018,,5,140100,2,Не требует ремонта,Оригинал,,"электро, Electro AT (110.0 кВт)",автоматическая,передний,Правый,Хэтчбек 5 дв.,чёрный,https://photo.auto.ru/photo/get-autoru-vos/17394937/Q-y1b1Y-X7Yv1ADo8UpUEQUv0dqxUBCeotzVYB8amOs-hJKj1jyX5PgSdKYsvLTKB5dO2IDUGmXG7-yoUM_qTuw1QpyZAKnG6Z-LafZo7BJhaQCsMFZdf0D_AZHexSk9x__OKe0edokDQkRfofJy4uIn-L_r935V-o324FEwn-TRKn0/1200x900,2026-09-22T05:52:05Z
Chery,Tiggo 4 Pro,Chery Tiggo 4 Pro I,https://auto.ru/cars/used/sale/chery/tiggo_4_pro/1133801413-92d051ec/,1559000,Пермь,2024,,5,39000,1,Не требует ремонта,Оригинал,,"бензин, 1.5 CVT (113 л.с.)",вариатор,передний,Левый,Внедорожник 5 дв.,серебристый,https://avatars.avto.ru/get-autoru-vos/6034272/6d9d8dc9b115725265fd6215ef3750b5/1200x900,2026-09-22T05:52:05Z
Toyota,Probox,Toyota Probox I,https://auto.ru/cars/used/sale/toyota/probox/1133825064-87623c26/,599000,Пермь,2008,,5,177777,3,Не требует ремонта,Оригинал,,"бензин, 1.5 AT (109 л.с.)",автоматическая,передний,Правый,Универсал 5 дв.,серебристый,https://avatars.avto.ru/get-autoru-vos/17981265/a758f3cffb4ff965e119fe4bfca47cc5/1200x900,2026-09-22T05:52:05Z
Hyundai,Sonata,Hyundai Sonata VI (YF),https://auto.ru/cars/used/sale/hyundai/sonata/1127558561-acf61db8/,829000,Пермь,2012,,5,332154,1,Не требует ремонта,Оригинал,Comfort,"бензин, 2.0 AT (150 л.с.)",автоматическая,передний,Левый,Седан,белый,https://avatars.avto.ru/get-autoru-vos/20291570/3a513c13f04aaed2fec8dc3fa21d54e1/1200x900,2026-09-22T05:52:08Z
Lada (ВАЗ),2110,Lada (ВАЗ) 2110,https://auto.ru/cars/used/sale/vaz/2110/1132036266-6b087ce0/,139000,Пермь,2007,,5,349770,4,Не требует ремонта,Оригинал,,"бензин, 1.6 MT (90 л.с.)",механическая,передний,Левый,Седан,серебристый,https://avatars.avto.ru/get-autoru-vos/17757189/2a51d889b519a51626cf247dee23d6f5/1200x900,2026-09-22T05:52:08Z
Toyota,Camry,Toyota Camry VII (XV50) Рестайлинг,https://auto.ru/cars/used/sale/toyota/camry/1133413411-acc459ce/,1849000,Пермь,2015,,5,236835,4,Не требует ремонта,Оригинал,Престиж,"бензин, 2.5 AT (181 л.с.)",автоматическая,передний,Левый,Седан,чёрный,https://photo.auto.ru/photo/get-autoru-vos/19873021/-a610rN4nHO9cdd8ypXqaeE_VCMbpmHFyT3wsNAaTsxHg19xzwvrntqP4I0kKk43ywJ0Y4m9RaSSf460ydHvfMBL0EgOVGgwClK_mDATmXUJTzB_RTBcavc6vG50hlfilhHprNPe8X9hjwPdvGCbjSu_yjxWwLUu0IoE93VHftqGdA/1200x900,2026-09-22T05:52:08Z
SEAT,Ibiza,SEAT Ibiza IV,https://auto.ru/cars/used/sale/seat/ibiza/1133016459-526405cc/,529000,Пермь,2011,,5,218000,2,Не требует ремонта,Оригинал,Sport,"бензин, 1.2 MT (105 л.с.)",механическая,передний,Левый,Хэтчбек 5 дв.,чёрный,https://avatars.avto.ru/get-autoru-vos/20181844/3595d3f35633bae233c04f6a1d001e1a/1200x900,2026-09-22T05:52:08Z
Renault,Fluence,Renault Fluence I,https://auto.ru/cars/used/sale/renault/fluence/1133331287-d83f7961/,679000,Пермь,2011,,5,235000,4,Не требует ремонта,Оригинал,,"бензин, 1.6 MT (106 л.с.)",механическая,передний,Левый,Седан,серебристый,https://avatars.avto.ru/get-autoru-vos/18861955/49669755bf5174fff0a7af79d8360616/1200x900,2026-09-22T05:52:08Z
Mazda,6,Mazda 6 II (GH) Рестайлинг,https://auto.ru/cars/used/sale/mazda/6/1134005893-5cde2d50/,1039000,Пермь,2011,,5,151265,2,Не требует ремонта,Оригинал,,"бензин, 2.0 AT (147 л.с.)",автоматическая,передний,Левый,Седан,белый,https://avatars.avto.ru/get-autoru-vos/5287620/92559b8553da9bd08bfd516d787d5797/1200x900,2026-09-22T05:52:08Z
Audi,A6,Audi A6 IV (C7),https://auto.ru/cars/used/sale/audi/a6/1132500111-7251cf13/,1739000,Пермь,2014,,5,211797,2,Не требует ремонта,Оригинал,Базовая,"бензин, 3.0 AMT (310 л.с.) 4WD",робот,полный,Левый,Седан,серебристый,https://photo.auto.ru/photo/get-autoru-vos/19700919/kXg4zdtl5bm_6GIkSrW1KZnlSZWOkeZIVrEiFtvxkFaORRyoYoyucADytgspt9gy4QZx6H3JniWHrL_FbZygXpdrCzbQ5dhHlMRfBrmaAlwlaG_2uyAEeqyf4XpVK-YhBNPH0jmDVp0bPOHXZNMPziC_tj6o82NYI-Tf_NaVqFGOUg/1200x900,2026-09-22T05:52:08Z
BMW,7 серии,BMW 7 серии 750i xDrive V (F01/F02/F04),https://auto.ru/cars/used/sale/bmw/7er/1131747069-a2153b73/,1619000,Пермь,2011,,5,119500,3,Не требует ремонта,Оригинал,750,"бензин, 750i xDrive 4.4 AT (407 л.с.) 4WD",автоматическая,полный,Левый,Седан,чёрный,https://avatars.avto.ru/get-autoru-vos/20341802/5558d84ebab6903ee0230c90fcc9980c/1200x900,2026-09-22T05:52:08Z
Mercedes-Benz,C-Класс,Mercedes-Benz C-Класс 300 III (W204) Рестайлинг,https://auto.ru/cars/used/sale/mercedes/c_klasse/1133801516-34c79599/,1519000,Пермь,2011,,5,238196,3,Не требует ремонта,Оригинал,C 300 4MATIC,"бензин, 300 3.5 AT (250 л.с.) 4WD",автоматическая,полный,Левый,Седан,серебристый,https://avatars.avto.ru/get-autoru-vos/17394937/2556a6044e68da861f0d7df86039b1bf/1200x900,2026-09-22T05:52:08Z
Toyota,Corolla,"Toyota Corolla X (E140, E150) Рестайлинг",https://auto.ru/cars/used/sale/toyota/corolla/1133801409-389b6935/,1069000,Пермь,2012,,5,164100,1,Не требует ремонта,Оригинал,,"бензин, 1.6 MT (124 л.с.)",механическая,передний,Левый,Седан,белый,https://photo.auto.ru/photo/get-autoru-vos/20134224/iGmPhXvnWWOya4xlbfZd1DmenxUz31rJ5wceI3NnD7iL0KaCXDxPD2QGVwXv9e6lCzNrGO6SQ5wZgAmOhVk3FB8yZMZ-zDVufIodjFFev32CQLHNoc9jrliePnxTWOLtkcAzLNuZBfbD2fRBufF62L0fYDVctsLrTM7hnJVms1tExg/1200x900,2026-09-22T05:52:08Z
Chevrolet,Spark,Chevrolet Spark III,https://auto.ru/cars/used/sale/chevrolet/spark/1132614649-07b3501b/,519000,Пермь,2011,,5,106500,3,Не требует ремонта,Оригинал,LS,"бензин, 1.0 AT (67 л.с.)",автоматическая,передний,Левый,Хэтчбек 5 дв.,красный,https://avatars.avto.ru/get-autoru-vos/20341802/75120280890052682ff7a64427004ea7/1200x900,2026-09-22T05:52:08Z
Mazda,3,Mazda 3 III (BM),https://auto.ru/cars/used/sale/mazda/3/1134199470-1b92a5d3/,1559000,Пермь,2014,,5,138000,1,Не требует ремонта,Оригинал,,"бензин, 1.6 AT (104 л.с.)",автоматическая,передний,Левый,Хэтчбек 5 дв.,красный,https://avatars.avto.ru/get-autoru-vos/18129838/bcbfa47c9ba813eee035a8edeb5de5d7/1200x900,2026-09-22T05:52:08Z
Geely,Emgrand X7,Geely Emgrand X7 I,https://auto.ru/cars/used/sale/geely/emgrand_x7/1133801553-ad5ef9f5/,619000,Пермь,2014,,5,171000,3,Не требует ремонта,Оригинал,,"бензин, 2.0 MT (139 л.с.)",механическая,передний,Левый,Внедорожник 5 дв.,серый,https://avatars.avto.ru/get-autoru-vos/17783177/c394b4f4b96fdd8268349ff18f8e4c65/1200x900,2026-09-22T05:52:08Z
Volvo,S40,Volvo S40 II,https://auto.ru/cars/used/sale/volvo/s40/1133941379-e465f48a/,839000,Пермь,2007,,5,59236,2,Не требует ремонта,Дубликат,,"бензин, 2.4 AT (140 л.с.)",автоматическая,передний,Левый,Седан,зелёный,https://avatars.avto.ru/get-autoru-vos/5235686/acdde3780917ad1b427c7dbdf40b9369/1200x900,2026-09-22T05:52:08Z
Ford,Focus,Ford Focus III Рестайлинг,https://auto.ru/cars/used/sale/ford/focus/1133801529-08179878/,1179000,Пермь,2017,,5,90300,1,Не требует ремонта,Оригинал,,"бензин, 1.6 AMT (105 л.с.)",робот,передний,Левый,Седан,белый,https://avatars.avto.ru/get-autoru-vos/18375018/1e9c5733d7ba713484b90ebf3aa43914/1200x900,2026-09-22T05:52:08Z
Renault,Sandero,Renault Sandero I,https://auto.ru/cars/used/sale/renault/sandero/1134093102-98fe158c/,569000,Пермь,2013,,5,181649,2,Не требует ремонта,Оригинал,,"бензин, 1.4 MT (75 л.с.)",механическая,передний,Левый,Хэтчбек 5 дв.,чёрный,https://photo.auto.ru/photo/get-autoru-vos/20181844/842lEygWr7BLqqxi1erpXZezG-MrqK17unS2T-BSn3PyEh7bJH35KLb4hx3xfNYi8QQ7wLcUykpzw2DaFNXSzu40SWpc2Y5hdklVLGZN-I_2AGYHvE56fRppciTa0kd_VjLXtdecM3D_pbhU3gsxFwDUKkuct254rwjEAHSzFDrZsg/1200x900,2026-09-22T05:52:08Z
Mazda,CX-5,Mazda CX-5 I Рестайлинг,https://auto.ru/cars/used/sale/mazda/cx_5/1133801524-43ceb9cb/,1979000,Пермь,2015,,5,205000,4,Не требует ремонта,Оригинал,,"бензин, 2.5 AT (192 л.с.) 4WD",автоматическая,полный,Левый,Внедорожник 5 дв.,чёрный,https://avatars.avto.ru/get-autoru-vos/20360782/2331816dd91dd94b7a40c7c74fdbe6ac/1200x900,2026-09-22T05:52:08Z
Kia,Cerato,Kia Cerato III,https://auto.ru/cars/used/sale/kia/cerato/1133801459-9a80bc59/,1139000,Пермь,2014,,5,196000,2,Не требует ремонта,Оригинал,,"бензин, 2.0 AT (150 л.с.)",автоматическая,передний,Левый,Седан,чёрный,https://avatars.avto.ru/get-autoru-vos/20055049/5161c8ed9e960ad2ec511156142f0fc1/1200x900,2026-09-22T05:52:08Z
Lada (ВАЗ),Vesta,Lada (ВАЗ) Vesta SW Sportline I Рестайлинг (NG),https://auto.ru/cars/used/sale/vaz/vesta/1134210106-a497438f/,1909000,Пермь,2024,,5,17600,1,Не требует ремонта,Оригинал,,"бензин, SW Sportline 1.6 MT (118 л.с.)",механическая,передний,Левый,Универсал 5 дв. SW Sportline,чёрный,https://photo.auto.ru/photo/get-autoru-vos/17755365/kHtQ3sU48xmRpFpOZNePfzHnNW8-zCDw4inC0UaD8skHpRya47ZNxQn2k1qyatqITEDBChbcikc3MxLaxwkCrZRRoBj0rdlENWsybGGBWxkhEUnVbLV4buYoM9HYQrLhYRNgMgn4TTateI1x5Y-ZJ4za3DdMf05naYdywskAbbSwfA/1200x900,2026-09-22T05:52:08Z
Nissan,Qashqai,Nissan Qashqai I,https://auto.ru/cars/used/sale/nissan/qashqai/1133801510-0f21d706/,899000,Пермь,2008,,5,214563,4,Не требует ремонта,Оригинал,,"бензин, 2.0 CVT (141 л.с.) 4WD",вариатор,полный,Левый,Внедорожник 5 дв.,чёрный,https://photo.auto.ru/photo/get-autoru-vos/16976417/76vL5snsM0USMCoGQzvTNmp4_GWg-bHYuuvr7i2KOeX96_BppaJ4RPWTvHiGvk1ZGIdjx3ynvuF0nHMBpWJISCLC_5axVZdaPSgxrqp9fjmFEsWQ9Kr1t56F7L5VKBCBfpEH0th_NrE_pRu1CBuALkBghRxjJ_Bye5XrfwgqZC-c3A/1200x900,2026-09-22T05:52:08Z
Toyota,Camry,Toyota Camry VII (XV50),https://auto.ru/cars/used/sale/toyota/camry/1133806825-ca1ea883/,1499000,Пермь,2012,,5,224426,1,Не требует ремонта,Оригинал,,"бензин, 2.5 AT (181 л.с.)",автоматическая,передний,Левый,Седан,фиолетовый,https://avatars.avto.ru/get-autoru-vos/4575350/d746b57305943dfa512b0da57790ca55/1200x900,2026-09-22T05:52:08Z
Suzuki,Grand Vitara,Suzuki Grand Vitara II Рестайлинг,https://auto.ru/cars/used/sale/suzuki/grand_vitara/1134001840-54bf6074/,889000,Пермь,2011,,4,194565,4,Не требует ремонта,Оригинал,,"бензин, 1.6 MT (106 л.с.) 4WD",механическая,полный,Левый,Внедорожник 3 дв.,золотистый,https://avatars.avto.ru/get-autoru-vos/1711983/1652b09085b25129077e001560ee4e23/1200x900,2026-09-22T05:52:08Z
Mercedes-Benz,E-Класс,"Mercedes-Benz E-Класс 200 IV (W212, S212, C207) Рестайлинг",https://auto.ru/cars/used/sale/mercedes/e_klasse/1133454083-c491d57f/,1789000,Пермь,2014,,5,161000,1,Не требует ремонта,Оригинал,E200,"бензин, 200 2.0 AT (184 л.с.)",автоматическая,задний,Левый,Седан,чёрный,https://avatars.avto.ru/get-autoru-vos/2181439/a6165ae636f4da6a88db12b5a55905d3/1200x900,2026-09-22T05:52:08Z
Hyundai,Tucson,Hyundai Tucson III,https://auto.ru/cars/used/sale/hyundai/tucson/1134127635-befb8e34/,2149000,Пермь,2017,,5,172456,3,Не требует ремонта,Оригинал,,"бензин, 2.0 AT (150 л.с.) 4WD",автоматическая,полный,Левый,Внедорожник 5 дв.,чёрный,https://avatars.avto.ru/get-autoru-vos/20138408/4c726f3432f961fa9063a180d2e090a8/1200x900,2026-09-22T05:52:08Z
Ravon,R2,Ravon R2,https://auto.ru/cars/used/sale/ravon/r2/1129395393-7b6b5cb3/,619000,Пермь,2016,,5,104233,2,Не требует ремонта,Оригинал,Comfort,"бензин, 1.3 AT (85 л.с.)",автоматическая,передний,Левый,Хэтчбек 5 дв.,белый,https://avatars.avto.ru/get-autoru-vos/20265681/091f40cb03cbe39d0a04e3d23cde5759/1200x900,2026-09-22T05:52:08Z
Suzuki,Swift,Suzuki Swift V,https://auto.ru/cars/used/sale/suzuki/swift/1133219074-f1d667bf/,1439000,Пермь,2017,,5,139245,1,Не требует ремонта,Оригинал,,"бензин, 1.2 CVT (91 л.с.) 4WD",вариатор,полный,Правый,Хэтчбек 5 дв.,синий,https://avatars.avto.ru/get-autoru-vos/16409627/8e2a26e7d3252b165bd5c1dbb7b7c526/1200x900,2026-09-22T05:52:08Z
Skoda,Octavia,Skoda Octavia III (A7),https://auto.ru/cars/used/sale/skoda/octavia/1133868857-70f5d8a2/,899000,Пермь,2014,,5,226000,3,Не требует ремонта,Оригинал,,"бензин, 1.6 MT (110 л.с.)",механическая,передний,Левый,Лифтбек,белый,https://avatars.avto.ru/get-autoru-vos/16164821/3a3a324ca7eec482738d59396cbc1bd3/1200x900,2026-09-22T05:52:08Z
Chevrolet,Niva,Chevrolet Niva I Рестайлинг,https://auto.ru/cars/used/sale/chevrolet/niva/1133825261-97124933/,539000,Пермь,2012,,5,128456,2,Не требует ремонта,Оригинал,,"бензин, 1.7 MT (80 л.с.) 4WD",механическая,полный,Левый,Внедорожник 5 дв.,серебристый,https://avatars.avto.ru/get-autoru-vos/19700919/7d102e735eab313a6b4ddc1383603e31/1200x900,2026-09-22T05:52:08Z
Lada (ВАЗ),2112,Lada (ВАЗ) 2112,https://auto.ru/cars/used/sale/vaz/2112/1133801388-2c9dbbf5/,189000,Пермь,2007,,5,200021,3,Не требует ремонта,Дубликат,,"бензин, 1.6 MT (81 л.с.)",механическая,передний,Левый,Хэтчбек 5 дв.,зелёный,https://avatars.avto.ru/get-autoru-vos/21177414/dc49f5753f72c2e1d489f84fc220dd8e/1200x900,2026-09-22T05:52:08Z
Mitsubishi,ASX,Mitsubishi ASX I Рестайлинг,https://auto.ru/cars/used/sale/mitsubishi/asx/1133848313-44216ff5/,1199000,Пермь,2014,,5,176480,4,Не требует ремонта,Оригинал,,"бензин, 1.8 CVT (140 л.с.)",вариатор,передний,Левый,Внедорожник 5 дв.,синий,https://avatars.avto.ru/get-autoru-vos/16483913/b0f3776d125883d306d84e4a1d99da19/1200x900,2026-09-22T05:52:08Z
Toyota,Sienta,Toyota Sienta II Рестайлинг,https://auto.ru/cars/used/sale/toyota/sienta/1133944010-9c28b4ff/,1849000,Пермь,2020,,5,86254,1,Не требует ремонта,Оригинал,,"бензин, 1.5 CVT (109 л.с.)",вариатор,передний,Правый,Компактвэн,чёрный,https://photo.auto.ru/photo/get-autoru-vos/4805398/hgdbKVBVrPoCe4Fhu4l5eutNId3jAV9xg5ISrrn2whArmm4V-YF6X9ANlm08Gv7h89f26iMRKIPn8t5Jk85LDAM5mGJFbQZAC2d75SW1Z-doVVvXmfknWzYL6oWkkaqjRCPfa_QEQGVKq1is_lM36oo52ehJVFIOG9P62-1BdZtTMg/1200x900,2026-09-22T05:52:08Z
Nissan,Qashqai,Nissan Qashqai I Рестайлинг,https://auto.ru/cars/used/sale/nissan/qashqai/1133801539-dbc57495/,959000,Пермь,2012,,5,206611,2,Не требует ремонта,Оригинал,,"бензин, 1.6 CVT (117 л.с.)",вариатор,передний,Левый,Внедорожник 5 дв.,чёрный,https://avatars.avto.ru/get-autoru-vos/16124386/87611a03c67299002494084367a83cd5/1200x900,2026-09-22T05:52:08Z
Hyundai,i40,Hyundai i40 I,https://auto.ru/cars/used/sale/hyundai/i40/1134192009-6084d0cb/,1389000,Пермь,2014,,5,146800,4,Не требует ремонта,Оригинал,,"бензин, 2.0 AT (150 л.с.)",автоматическая,передний,Левый,Седан,чёрный,https://photo.auto.ru/photo/get-autoru-vos/20369579/9tH7ZMio0OUc8pavzzxSzXyHKf2lDJoaLzHktySOHxGOA1-UVYRYFPBt4pFJ8qQNegxnR8MhjNT-6Eh7oysLqyT4Ojfu1jqrlR2KHYi7OJt4vO3704mjkBXfyKqZYddjxCEb8WJHTBCnCkxtvVq_0M2AMkOJSTjhja473S3uhnrI8A/1200x900,2026-09-22T05:52:08Z
Lada (ВАЗ),Largus,Lada (ВАЗ) Largus I Рестайлинг,https://auto.ru/cars/used/sale/vaz/largus/1134020260-8613c0aa/,1199000,Пермь,2021,,5,77565,2,Не требует ремонта,Оригинал,,"бензин, 1.6 MT (106 л.с.)",механическая,передний,Левый,Универсал 5 дв.,чёрный,https://avatars.avto.ru/get-autoru-vos/15584432/e81104114f0f19aa61e24dfa6729f8fb/1200x900,2026-09-22T05:52:08Z
Renault,Sandero,Renault Sandero Stepway II Рестайлинг,https://auto.ru/cars/used/sale/renault/sandero/1134101823-3eef745a/,1249000,Пермь,2020,,5,182600,1,Не требует ремонта,Оригинал,,"бензин, Stepway 1.6 MT (113 л.с.)",механическая,передний,Левый,Хэтчбек 5 дв. Stepway,серый,https://avatars.avto.ru/get-autoru-vos/20009446/f148fa9b9229934186383cb0eaf38bfc/1200x900,2026-09-22T05:52:08Z
Toyota,RAV4,Toyota RAV4 II (XA20),https://auto.ru/cars/used/sale/toyota/rav_4/1134045638-f34f6c2f/,649000,Пермь,2003,,5,470236,4,Не требует ремонта,Дубликат,,"бензин, 2.0 AT (150 л.с.) 4WD",автоматическая,полный,Левый,Внедорожник 5 дв.,чёрный,https://avatars.avto.ru/get-autoru-vos/18152297/0950a31e1853c041a327c7e3c1e61f07/1200x900,2026-09-22T05:52:08Z
Lada (ВАЗ),Largus,Lada (ВАЗ) Largus I,https://auto.ru/cars/used/sale/vaz/largus/1131620169-ae38b1d8/,679000,Пермь,2014,,5,259000,4,Не требует ремонта,Оригинал,Luxe (5 мест) (2015-2017),"бензин, 1.6 MT (105 л.с.)",механическая,передний,Левый,Универсал 5 дв.,серый,https://avatars.avto.ru/get-autoru-vos/20315033/3489d118cb84236bdba293f25c312127/1200x900,2026-09-22T05:52:08Z
Lada (ВАЗ),2121 (4x4),Lada (ВАЗ) 2121 (4x4) I Рестайлинг,https://auto.ru/cars/used/sale/vaz/2121/1134198020-2960de68/,699000,Пермь,2014,,4,60000,3,Не требует ремонта,Дубликат,,"бензин, 1.7 MT (83 л.с.) 4WD",механическая,полный,Левый,Внедорожник 3 дв.,белый,https://avatars.avto.ru/get-autoru-vos/20507677/afb72eb51ac8ffe9b36825b282bb7a15/1200x900,2026-09-22T05:52:11Z
Skoda,Rapid,Skoda Rapid I Рестайлинг,https://auto.ru/cars/used/sale/skoda/rapid/1134155535-e7675728/,1539000,Пермь,2019,,5,117239,2,Не требует ремонта,Оригинал,,"бензин, 1.4 AMT (125 л.с.)",робот,передний,Левый,Лифтбек,чёрный,https://avatars.avto.ru/get-autoru-vos/20033387/df8c8f73a761648ef785463658f13bdf/1200x900,2026-09-22T05:52:11Z
Opel,Astra,Opel Astra J,https://auto.ru/cars/used/sale/opel/astra/1133173603-232559a0/,599000,Пермь,2011,,5,216000,3,Не требует ремонта,Оригинал,Cosmo,"бензин, 1.6 MT (115 л.с.)",механическая,передний,Левый,Хэтчбек 5 дв.,белый,https://photo.auto.ru/photo/get-autoru-vos/18861955/JLwSFYcZixtoLG5bez4xrxCLHoUT7IgkP45hux6p1ugNewYbWJXxHwk7QieIhl18rJ3u3-8T2bLlzVvWLF4lS6AdkKL2rWu4IudNWmZRrsrVr_GXB5duwEbxhsUJEH9z-vx0flpWklTG73DwC7tL5v5NIDwPikkuhsoWijQ8AqpNzg/1200x900,2026-09-22T05:52:11Z
Volkswagen,Jetta,Volkswagen Jetta VI,https://auto.ru/cars/used/sale/volkswagen/jetta/1133420977-25fb85a4/,779000,Пермь,2012,,5,374000,1,Не требует ремонта,Оригинал,Comfortline,"бензин, 1.6 MT (105 л.с.)",механическая,передний,Левый,Седан,чёрный,https://avatars.avto.ru/get-autoru-vos/19831563/14ad0cbc6d1e7ec8a2509415632f7570/1200x900,2026-09-22T05:52:11Z
Subaru,Outback,Subaru Outback III Рестайлинг,https://auto.ru/cars/used/sale/subaru/outback/1134130985-bf2980e9/,1009000,Пермь,2006,,5,224154,2,Не требует ремонта,Оригинал,,"бензин, 2.5 AT (165 л.с.) 4WD",автоматическая,полный,Левый,Универсал 5 дв.,серый,https://avatars.avto.ru/get-autoru-vos/21020531/0d306a2eadefc2e32a33fa436509289a/1200x900,2026-09-22T05:52:11Z
Kia,Ceed,Kia Ceed II,https://auto.ru/cars/used/sale/kia/ceed/1133801557-895c6f45/,799000,Пермь,2014,,5,166255,2,Не требует ремонта,Оригинал,Classic,"бензин, 1.4 MT (100 л.с.)",механическая,передний,Левый,Хэтчбек 5 дв.,синий,https://avatars.avto.ru/get-autoru-vos/17923922/d4e9d8bee659a42b19cb486d3fbef3dd/1200x900,2026-09-22T05:52:11Z
Opel,Insignia,Opel Insignia I Рестайлинг,https://auto.ru/cars/used/sale/opel/insignia/1133944011-445505eb/,1149000,Пермь,2013,,5,191245,3,Не требует ремонта,Оригинал,,"бензин, 1.6 AT (170 л.с.)",автоматическая,передний,Левый,Лифтбек,чёрный,https://photo.auto.ru/photo/get-autoru-vos/5232449/DianTeN5S2UR_qRLejIIFO6CJH1lbajBjzJ8X-xEFpfbeDpQkj6jaKGxUdym-YX6IM5CbCJsCVzEe2yWT6SUcIBHcxbhTYXXa1lUgHRxZ8Aqt5u8rT0OHvD81Ejh5pnJUp5cv7OOIS0zVS3uUTEPmiNfNzUEZ1Pr8E9VJx6Z1bldwA/1200x900,2026-09-22T05:52:11Z
Lada (ВАЗ),Largus,Lada (ВАЗ) Largus I,https://auto.ru/cars/used/sale/vaz/largus/1133941728-c554600e/,629000,Пермь,2015,,5,251000,1,Не требует ремонта,Оригинал,,"бензин, 1.6 MT (84 л.с.)",механическая,передний,Левый,Универсал 5 дв.,золотистый,https://avatars.avto.ru/get-autoru-vos/1773638/bc613b2031ab00edcc6eaa41ee2822e8/1200x900,2026-09-22T05:52:11Z
Lada (ВАЗ),Largus,Lada (ВАЗ) Largus I,https://auto.ru/cars/used/sale/vaz/largus/1133801450-b406e0ad/,619000,Пермь,2013,,5,207200,3,Не требует ремонта,Оригинал,,"бензин, 1.6 MT (105 л.с.)",механическая,передний,Левый,Универсал 5 дв.,золотистый,https://avatars.avto.ru/get-autoru-vos/16383606/c2c23633c08eabddc5c6b3b931a74b86/1200x900,2026-09-22T05:52:11Z
Hyundai,Sonata,Hyundai Sonata ТагАЗ IV (EF) Рестайлинг,https://auto.ru/cars/used/sale/hyundai/sonata/1133823812-084f8b33/,549000,Пермь,2007,,5,207500,1,Не требует ремонта,Оригинал,,"бензин, ТагАЗ 2.0 MT (137 л.с.)",механическая,передний,Левый,Седан,серый,https://avatars.avto.ru/get-autoru-vos/20392446/ccfb50327e5863712d73808ab65ad25b/1200x900,2026-09-22T05:52:11Z
Mazda,6,Mazda 6 II (GH) Рестайлинг,https://auto.ru/cars/used/sale/mazda/6/1134232957-9e0d4824/,869000,Пермь,2011,,5,238154,4,Не требует ремонта,Оригинал,,"бензин, 1.8 MT (120 л.с.)",механическая,передний,Левый,Седан,серый,https://avatars.avto.ru/get-autoru-vos/20657148/e482ecd869054c5a359e47540eafea88/1200x900,2026-09-22T05:52:11Z
Toyota,Camry,Toyota Camry VII (XV50) Рестайлинг,https://auto.ru/cars/used/sale/toyota/camry/1134199468-2a87bae8/,2059000,Пермь,2015,,5,185000,3,Не требует ремонта,Оригинал,,"бензин, 2.5 AT (181 л.с.)",автоматическая,передний,Левый,Седан,чёрный,https://avatars.avto.ru/get-autoru-vos/17993102/e69d8c9da05a93bac85e071f8e448e5b/1200x900,2026-09-22T05:52:11Z
Lada (ВАЗ),Priora,Lada (ВАЗ) Priora I,https://auto.ru/cars/used/sale/vaz/2170/1133219066-b6a1f018/,329000,Пермь,2011,,5,334000,4,Не требует ремонта,Оригинал,Люкс,"бензин, 1.6 MT (98 л.с.)",механическая,передний,Левый,Универсал 5 дв.,белый,https://avatars.avto.ru/get-autoru-vos/18536126/175bc0d456f11c41e234597b1b659c60/1200x900,2026-09-22T05:52:11Z
Lada (ВАЗ),Largus,Lada (ВАЗ) Largus I Рестайлинг,https://auto.ru/cars/used/sale/vaz/largus/1134192010-23610db0/,1449000,Пермь,2024,,5,45146,1,Не требует ремонта,Оригинал,,"бензин, 1.6 MT (106 л.с.)",механическая,передний,Левый,Универсал 5 дв.,серебристый,https://photo.auto.ru/photo/get-autoru-vos/20829654/UyXqpiKYuWhTxPKlZ_KvrQb2T4H0hDmVwwoy_Iq4wOboYCcRTV_41KvcJDQ71WWwsixRJs3ZwLh9CdWYlDBgHZNtBtZTodlJbZ1PL2BADPZeEmizgXc8yR9iQ0RL690JzANC8hjD_uTAGMu9PvaG1Soxtcz2QGe9zskOjQkv7U415g/1200x900,2026-09-22T05:52:11Z
Mazda,3,Mazda 3 III (BM),https://auto.ru/cars/used/sale/mazda/3/1133941730-c5f2559d/,2249000,Пермь,2015,,5,12350,1,Не требует ремонта,Оригинал,,"бензин, 1.5 AT (120 л.с.)",автоматическая,передний,Левый,Седан,чёрный,https://avatars.avto.ru/get-autoru-vos/17971448/59b502578be15594f6870b2235431740/1200x900,2026-09-22T05:52:11Z
Suzuki,SX4,Suzuki SX4 I (Classic) Рестайлинг,https://auto.ru/cars/used/sale/suzuki/sx4/1134173434-8c56b194/,929000,Пермь,2013,,5,137523,4,Не требует ремонта,Оригинал,,"бензин, 1.6 MT (112 л.с.)",механическая,передний,Левый,Хэтчбек 5 дв.,чёрный,https://avatars.avto.ru/get-autoru-vos/20360782/4e87429a766ddf154590544ffd835add/1200x900,2026-09-22T05:52:11Z
Chrysler,300C,Chrysler 300C I,https://auto.ru/cars/used/sale/chrysler/300c/1133804667-fb91188d/,1379000,Пермь,2007,,5,157000,4,Не требует ремонта,Оригинал,,"бензин, 3.5 AT (249 л.с.)",автоматическая,задний,Левый,Седан,серебристый,https://avatars.avto.ru/get-autoru-vos/17750516/7a29bbc418aaa0f5546de01bc5043bd5/1200x900,2026-09-22T05:52:11Z
Peugeot,Partner,Peugeot Partner I Рестайлинг,https://auto.ru/cars/used/sale/peugeot/partner/1133316731-fe571147/,329000,Пермь,2011,,5,250500,3,Не требует ремонта,Оригинал,,"бензин, 1.4 MT (75 л.с.)",механическая,передний,Левый,Компактвэн,синий,https://avatars.avto.ru/get-autoru-vos/20543926/2d74698b0408ff97039b4e22356586e8/1200x900,2026-09-22T05:52:11Z
Toyota,Corolla,"Toyota Corolla XI (E160, E170, E180)",https://auto.ru/cars/used/sale/toyota/corolla/1130923312-6121ec53/,1059000,Пермь,2013,,5,147500,4,Не требует ремонта,Оригинал,Классик,"бензин, 1.6 CVT (122 л.с.)",вариатор,передний,Левый,Седан,чёрный,https://avatars.avto.ru/get-autoru-vos/20961665/bccf1accb457c599d101c0a0aa20616d/1200x900,2026-09-22T05:52:11Z
Opel,Astra,Opel Astra H Рестайлинг,https://auto.ru/cars/used/sale/opel/astra/1133385190-5ce14604/,579000,Пермь,2012,,5,148800,1,Не требует ремонта,Оригинал,Cosmo,"бензин, 1.6 MT (115 л.с.)",механическая,передний,Левый,Хэтчбек 5 дв.,чёрный,https://avatars.avto.ru/get-autoru-vos/20315033/fffbac89cd7269644c2bbfab7cbf482f/1200x900,2026-09-22T05:52:11Z
Lada (ВАЗ),Granta,Lada (ВАЗ) Granta I Рестайлинг,https://auto.ru/cars/used/sale/vaz/granta/1133284869-8c11f597/,679000,Пермь,2022,,5,110258,1,Не требует ремонта,Оригинал,Classic Optima,"бензин, 1.6 MT (90 л.с.)",механическая,передний,Левый,Седан,чёрный,https://avatars.avto.ru/get-autoru-vos/17642370/89286c4481f7dd7d6efb6a1bd55f4714/1200x900,2026-09-22T05:52:11Z
Opel,Zafira,Opel Zafira A Рестайлинг,https://auto.ru/cars/used/sale/opel/zafira/1133983888-ac356503/,529000,Пермь,2004,,7,283000,4,Не требует ремонта,Оригинал,,"бензин, 1.8 MT (125 л.с.)",механическая,передний,Левый,Компактвэн,серый,https://avatars.avto.ru/get-autoru-vos/20894132/e74c0eceda7b137bc3f53284df77b80f/1200x900,2026-09-22T05:52:11Z
Kia,Sportage,Kia Sportage IV Рестайлинг,https://auto.ru/cars/used/sale/kia/sportage/1133801570-844597a9/,2629000,Пермь,2020,,5,91100,1,Не требует ремонта,Оригинал,,"бензин, 2.0 AT (150 л.с.)",автоматическая,передний,Левый,Внедорожник 5 дв.,коричневый,https://avatars.avto.ru/get-autoru-vos/20444157/4b525cee43f7adc7b5116a0fb8f1c2cd/1200x900,2026-09-22T05:52:11Z
Lada (ВАЗ),Priora,Lada (ВАЗ) Priora I,https://auto.ru/cars/used/sale/vaz/2170/1133040444-c081219f/,239000,Пермь,2007,,5,245600,4,Не требует ремонта,Оригинал,Люкс,"бензин, 1.6 MT (98 л.с.)",механическая,передний,Левый,Седан,серебристый,https://avatars.avto.ru/get-autoru-vos/19811519/4bf42d3b87dc0279347767409f740d66/1200x900,2026-09-22T05:52:11Z
Ford,Focus,Ford Focus III,https://auto.ru/cars/used/sale/ford/focus/1132610643-6961ad5a/,789000,Пермь,2011,,5,191000,4,Не требует ремонта,Оригинал,SYNC Edition,"бензин, 1.6 MT (105 л.с.)",механическая,передний,Левый,Хэтчбек 5 дв.,синий,https://avatars.avto.ru/get-autoru-vos/20315033/7b62437dd3f8ed822bf9d7c18296554a/1200x900,2026-09-22T05:52:11Z
Renault,Logan,Renault Logan Stepway II Рестайлинг,https://auto.ru/cars/used/sale/renault/logan/1133072783-3bb695e7/,1449000,Пермь,2022,,5,122000,2,Не требует ремонта,Оригинал,Stepway Life City,"бензин, Stepway 1.6 CVT (113 л.с.)",вариатор,передний,Левый,Седан Stepway,белый,https://avatars.avto.ru/get-autoru-vos/19811519/217622baca9d5bdeb227a6f4db0ff20c/1200x900,2026-09-22T05:52:11Z
Volkswagen,Touran,Volkswagen Touran I Рестайлинг 2,https://auto.ru/cars/used/sale/volkswagen/touran/1134235191-09275584/,889000,Пермь,2010,,5,222690,4,Не требует ремонта,Оригинал,,"бензин, 1.4 AMT (140 л.с.)",робот,передний,Левый,Компактвэн,серебристый,https://avatars.avto.ru/get-autoru-vos/17926310/ae0ded2a51f289a9e235a94da55ee81a/1200x900,2026-09-22T05:52:11Z
BMW,5 серии,BMW 5 серии Gran Turismo 535i xDrive VI (F10/F11/F07),https://auto.ru/cars/used/sale/bmw/5er/1133801511-265557db/,1749000,Пермь,2010,,5,246000,4,Не требует ремонта,Дубликат,535i,"бензин, 535i xDrive 3.0 AT (306 л.с.) 4WD",автоматическая,полный,Левый,Лифтбек Gran Turismo,чёрный,https://photo.auto.ru/photo/get-autoru-vos/21116822/Chmw8oMiIfBfcAioKkKMh4iTDcjmMm0sDCbAF6Rz9vsmkg4odp4nCVtk_7juJ4OymuJy-Yp36J1jvz8n8DvGqHbTGWJOvCyNWuzchnAlqyuG8LLrtWvZswpJ-oOvj8hVWiYXyt0nEJnlgFsYWHmVAvHS79qGvyDg5Me4zV37Nj9EKQ/1200x900,2026-09-22T05:52:11Z
BMW,1 серии,BMW 1 серии 116i II (F20/F21),https://auto.ru/cars/used/sale/bmw/1er/1132504161-1373b02f/,1329000,Пермь,2013,,5,117900,1,Не требует ремонта,Оригинал,116i,"бензин, 116i 1.6 AT (136 л.с.)",автоматическая,задний,Правый,Хэтчбек 5 дв.,белый,https://avatars.avto.ru/get-autoru-vos/20358835/e1b15e245be37ba87990147a2f33850a/1200x900,2026-09-22T05:52:11Z
Opel,Astra,Opel Astra H Рестайлинг,https://auto.ru/cars/used/sale/opel/astra/1134186169-400bfb4f/,719000,Пермь,2010,,5,110000,3,Не требует ремонта,Оригинал,,"бензин, 1.6 MT (115 л.с.)",механическая,передний,Левый,Седан,серый,https://avatars.avto.ru/get-autoru-vos/16348430/6e96e651b2eb88a7892c9463363a9856/1200x900,2026-09-22T05:52:11Z
Chevrolet,Aveo,Chevrolet Aveo II,https://auto.ru/cars/used/sale/chevrolet/aveo/1134165865-d7af1a9d/,579000,Пермь,2013,,5,172546,3,Не требует ремонта,Оригинал,,"бензин, 1.6 MT (115 л.с.)",механическая,передний,Левый,Седан,красный,https://avatars.avto.ru/get-autoru-vos/20761562/eb49a4e9bb308f60aa8793454fb62837/1200x900,2026-09-22T05:52:11Z
Kia,K5,Kia K5 II,https://auto.ru/cars/used/sale/kia/k5/1134155533-30c6454c/,1999000,Пермь,2018,,5,182890,1,Не требует ремонта,Оригинал,,"бензин, 2.0 AT (163 л.с.)",автоматическая,передний,Левый,Седан,серебристый,https://avatars.avto.ru/get-autoru-vos/18129838/55f3d77583f43bbfb2a8014895089918/1200x900,2026-09-22T05:52:11Z
Peugeot,308,Peugeot 308 I Рестайлинг,https://auto.ru/cars/used/sale/peugeot/308/1131966647-8269796d/,419000,Пермь,2011,,5,187000,4,Не требует ремонта,Оригинал,Access,"бензин, 1.6 AT (120 л.с.)",автоматическая,передний,Левый,Хэтчбек 5 дв.,золотистый,https://avatars.avto.ru/get-autoru-vos/20848677/9319a926e5546af19b43eab4e2b7f9d1/1200x900,2026-09-22T05:52:11Z
Subaru,Legacy,Subaru Legacy IV Рестайлинг,https://auto.ru/cars/used/sale/subaru/legacy/1133316729-5b45f918/,959000,Пермь,2006,,5,101106,4,Не требует ремонта,Оригинал,,"бензин, 2.0 MT (164 л.с.) 4WD",механическая,полный,Левый,Седан,синий,https://avatars.avto.ru/get-autoru-vos/20016218/719f829a4ff8dc2f774a252dc21afc67/1200x900,2026-09-22T05:52:11Z
Lada (ВАЗ),Vesta,Lada (ВАЗ) Vesta I,https://auto.ru/cars/used/sale/vaz/vesta/1133869231-14f89c8f/,839000,Пермь,2020,,5,130000,2,Не требует ремонта,Оригинал,,"бензин, 1.6 MT (106 л.с.)",механическая,передний,Левый,Седан,серебристый,https://avatars.avto.ru/get-autoru-vos/2073325/c29efed89e3f9b2cac8896b10f617b53/1200x900,2026-09-22T05:52:11Z
Kia,Rio,Kia Rio III Рестайлинг,https://auto.ru/cars/used/sale/kia/rio/1133801522-7e2c4de0/,699000,Пермь,2015,,5,182000,4,Не требует ремонта,Оригинал,,"бензин, 1.4 MT (107 л.с.)",механическая,передний,Левый,Седан,белый,https://avatars.avto.ru/get-autoru-vos/20141841/965a85ec88bba3cc2a3a932c1843a832/1200x900,2026-09-22T05:52:11Z
Lada (ВАЗ),2121 (4x4),Lada (ВАЗ) 2121 (4x4) I Рестайлинг,https://auto.ru/cars/used/sale/vaz/2121/1133941378-d23f7e6c/,529000,Пермь,2019,,4,129489,3,Не требует ремонта,Оригинал,,"бензин, 1.7 MT (83 л.с.) 4WD",механическая,полный,Левый,Внедорожник 3 дв.,серебристый,https://avatars.avto.ru/get-autoru-vos/20369579/ac484fa9a608e7620df2742192b7e08f/1200x900,2026-09-22T05:52:11Z
Toyota,RAV4,Toyota RAV4 III (XA30) Рестайлинг,https://auto.ru/cars/used/sale/toyota/rav_4/1133801507-07b11158/,1539000,Пермь,2011,,5,256790,4,Не требует ремонта,Оригинал,,"бензин, 2.0 CVT (148 л.с.) 4WD",вариатор,полный,Левый,Внедорожник 5 дв.,чёрный,https://photo.auto.ru/photo/get-autoru-vos/4304177/T3Fh3icTEjRCOI-cdav1ttKsM1X7YyQhTYi4JlyvXwQmyoFD181K1oxJIQ2isnwopYAYYhzjJOheYjoqEeFtgIvcz6xb8WEAqMFmlrYsEguqM-xoN1FSCvUaMqepwxLjzLkIDRfn0W9IU7MvC5dY3cwoQJKLiyzbyMezDSFO7LhK6w/1200x900,2026-09-22T05:52:14Z
Lada (ВАЗ),Largus,Lada (ВАЗ) Largus I Рестайлинг,https://auto.ru/cars/used/sale/vaz/largus/1130753422-82601508/,1319000,Пермь,2024,,5,11300,1,Не требует ремонта,Оригинал,Comfort 5 мест (2021-2022),"бензин, 1.6 MT (106 л.с.)",механическая,передний,Левый,Универсал 5 дв.,белый,https://avatars.avto.ru/get-autoru-vos/20487659/e89549f2632414e41a1d57659e961a39/1200x900,2026-09-22T05:52:14Z
Chevrolet,Lacetti,Chevrolet Lacetti I,https://auto.ru/cars/used/sale/chevrolet/lacetti/1133992455-56c96303/,699000,Пермь,2012,,5,118767,1,Не требует ремонта,Оригинал,,"бензин, 1.6 AT (109 л.с.)",автоматическая,передний,Левый,Седан,чёрный,https://avatars.avto.ru/get-autoru-vos/2146320/be9ace31c2e302eb82c7332d1355b0a7/1200x900,2026-09-22T05:52:14Z
Lada (ВАЗ),Largus,Lada (ВАЗ) Largus I,https://auto.ru/cars/used/sale/vaz/largus/1133801499-d1f74d94/,829000,Пермь,2021,,5,338000,1,Не требует ремонта,Оригинал,,"бензин, 1.6 MT (106 л.с.)",механическая,передний,Левый,Универсал 5 дв.,белый,https://avatars.avto.ru/get-autoru-vos/17038387/72391c296f431b6ad1f19cc7a1a711c3/1200x900,2026-09-22T05:52:14Z
Toyota,Camry,Toyota Camry VI (XV40),https://auto.ru/cars/used/sale/toyota/camry/1133801451-e13e6646/,1079000,Пермь,2006,,5,279025,2,Не требует ремонта,Оригинал,,"бензин, 2.4 AT (167 л.с.)",автоматическая,передний,Левый,Седан,золотистый,https://avatars.avto.ru/get-autoru-vos/21116822/204441fe4f3a1a339af0175e189128a1/1200x900,2026-09-22T05:52:14Z
Renault,Symbol,Renault Symbol I Рестайлинг 2,https://auto.ru/cars/used/sale/renault/clio_symbol/1132962789-68bcc2e9/,359000,Пермь,2007,,5,208300,4,Не требует ремонта,Оригинал,Expression,"бензин, 1.4 AT (98 л.с.)",автоматическая,передний,Левый,Седан,голубой,https://avatars.avto.ru/get-autoru-vos/20997557/8a64d217ed45ac6ba19aa4609546601a/1200x900,2026-09-22T05:52:14Z
Lada (ВАЗ),Granta,Lada (ВАЗ) Granta Drive Active I Рестайлинг,https://auto.ru/cars/used/sale/vaz/granta/1133873373-52a98286/,959000,Пермь,2024,,5,86550,2,Не требует ремонта,Оригинал,,"бензин, Drive Active 1.6 MT (106 л.с.)",механическая,передний,Левый,Седан Drive Active/Sportline,чёрный,https://avatars.avto.ru/get-autoru-vos/4256155/39577c578a759dbfdaeb77d5761bd29b/1200x900,2026-09-22T05:52:14Z
Kia,Rio,Kia Rio 5-speed III,https://auto.ru/cars/used/sale/kia/rio/1134235196-0838ff30/,819000,Пермь,2013,,5,212032,3,Не требует ремонта,Оригинал,,"бензин, 5-speed 1.6 MT (123 л.с.)",механическая,передний,Левый,Седан,красный,https://avatars.avto.ru/get-autoru-vos/20849947/4534fbc22c229f9457a29e37a91cdd0c/1200x900,2026-09-22T05:52:14Z
Volkswagen,Touareg,Volkswagen Touareg II Рестайлинг,https://auto.ru/cars/used/sale/volkswagen/touareg/1133801475-96f38e14/,3100000,Пермь,2015,,5,144000,4,Не требует ремонта,Оригинал,,"дизель, 3.0d AT (245 л.с.) 4WD",автоматическая,полный,Левый,Внедорожник 5 дв.,синий,https://avatars.avto.ru/get-autoru-vos/17435526/fda8d09861e61a0d44926cd483e10268/1200x900,2026-09-22T05:52:14Z
Honda,Fit Shuttle,Honda Fit Shuttle I,https://auto.ru/cars/used/sale/honda/fit_shuttle/1134228726-e0ebb044/,899000,Пермь,2012,,5,107235,1,Не требует ремонта,Оригинал,,"гибрид, 1.3hyb CVT (88 л.с.)",вариатор,передний,Правый,Универсал 5 дв.,чёрный,https://avatars.avto.ru/get-autoru-vos/20556383/0184ac129c5b64cc64dfa566d30b4c16/1200x900,2026-09-22T05:52:14Z
Renault,Logan,Renault Logan I Рестайлинг,https://auto.ru/cars/used/sale/renault/logan/1133806823-3c323dcc/,349000,Пермь,2012,,5,185866,4,Не требует ремонта,Оригинал,,"бензин, 1.6 MT (84 л.с.)",механическая,передний,Левый,Седан,синий,https://avatars.avto.ru/get-autoru-vos/19936221/7ba7d0709f0126bb158eb48349ba5f66/1200x900,2026-09-22T05:52:14Z
Kia,Sportage,Kia Sportage III,https://auto.ru/cars/used/sale/kia/sportage/1134043203-72aac0e7/,1399000,Пермь,2013,,5,213510,3,Не требует ремонта,Оригинал,,"бензин, 2.0 AT (150 л.с.) 4WD",автоматическая,полный,Левый,Внедорожник 5 дв.,коричневый,https://photo.auto.ru/photo/get-autoru-vos/21221080/ArfClxn-0GmTNLUJsk_fQo0Scx5FOnHv0Kdy9ahYpUKdJKfnG6safjxvMY-S_f3Y9dTuvUgsXtqxxfMagq-QK_AQ7LQbdhkeGTtMOx2q5s3BAWWHZVe4CDyY5M9hNtXCiE0dlEB5Mgi5d3vedpzoqAmrRt_QfrtPkgzT8E8AOznZvw/1200x900,2026-09-22T05:52:14Z
Kia,Rio,Kia Rio IV Рестайлинг,https://auto.ru/cars/used/sale/kia/rio/1129795340-6623e852/,1739000,Пермь,2020,,5,41259,1,Не требует ремонта,Оригинал,Comfort,"бензин, 1.6 AT (123 л.с.)",автоматическая,передний,Левый,Седан,красный,https://avatars.avto.ru/get-autoru-vos/20035467/d98262e1b3999bd99ec6b5928ec4a240/1200x900,2026-09-22T05:52:14Z
Hyundai,Solaris,Hyundai Solaris II,https://auto.ru/cars/used/sale/hyundai/solaris/1132946549-3712964c/,1129000,Пермь,2020,,5,183000,1,Не требует ремонта,Оригинал,Elegance + Safety,"бензин, 1.6 MT (123 л.с.)",механическая,передний,Левый,Седан,белый,https://avatars.avto.ru/get-autoru-vos/20022717/d805e1850584983ec3c6d5b6e2ef9050/1200x900,2026-09-22T05:52:14Z
Opel,Corsa,Opel Corsa D Рестайлинг II,https://auto.ru/cars/used/sale/opel/corsa/1133990522-f57bd5a4/,599000,Пермь,2013,,5,154461,2,Не требует ремонта,Оригинал,,"бензин, 1.4 AT (100 л.с.)",автоматическая,передний,Левый,Хэтчбек 5 дв.,чёрный,https://avatars.avto.ru/get-autoru-vos/4364158/bee42f30ae677ebf70a21564a7a050a1/1200x900,2026-09-22T05:52:14Z
Kia,Cerato,Kia Cerato III,https://auto.ru/cars/used/sale/kia/cerato/1133994651-a61092db/,899000,Пермь,2014,,5,307560,4,Не требует ремонта,Оригинал,,"бензин, 1.6 AT (130 л.с.)",автоматическая,передний,Левый,Седан,синий,https://avatars.avto.ru/get-autoru-vos/4470305/c1aef2dd6dc4ac6bee99ef00d8ca1c70/1200x900,2026-09-22T05:52:14Z
Lada (ВАЗ),Largus,Lada (ВАЗ) Largus I,https://auto.ru/cars/used/sale/vaz/largus/1133801383-0d986903/,779000,Пермь,2018,,5,187895,4,Не требует ремонта,Оригинал,,"бензин, 1.6 MT (106 л.с.)",механическая,передний,Левый,Универсал 5 дв.,серый,https://avatars.avto.ru/get-autoru-vos/18720861/ce6d13e1e3e6b0cb556d5fb8e994c169/1200x900,2026-09-22T05:52:14Z
Chevrolet,Niva,Chevrolet Niva I Рестайлинг,https://auto.ru/cars/used/sale/chevrolet/niva/1134035291-05f35f56/,849000,Пермь,2019,,5,87000,1,Не требует ремонта,Оригинал,,"бензин, 1.7 MT (80 л.с.) 4WD",механическая,полный,Левый,Внедорожник 5 дв.,зелёный,https://avatars.avto.ru/get-autoru-vos/2168768/f42375fbca826bc596dddb3f1a491230/1200x900,2026-09-22T05:52:14Z
Volkswagen,Amarok,Volkswagen Amarok I,https://auto.ru/cars/used/sale/volkswagen/amarok/1134222870-1fa72e69/,1499000,Пермь,2010,,5,263152,3,Не требует ремонта,Оригинал,,"дизель, 2.0d MT (163 л.с.) 4WD",механическая,полный,Левый,Пикап Двойная кабина Double Cab,золотистый,https://avatars.avto.ru/get-autoru-vos/18106725/0fbefadee563dd436d67fb25c319a25b/1200x900,2026-09-22T05:52:14Z
Nissan,Almera,Nissan Almera III (G15),https://auto.ru/cars/used/sale/nissan/almera/1133482019-a80f9bc3/,599000,Пермь,2017,,5,144000,4,Не требует ремонта,Оригинал,Welcome,"бензин, 1.6 MT (102 л.с.)",механическая,передний,Левый,Седан,синий,https://avatars.avto.ru/get-autoru-vos/15317912/78f57255f0169a8e8c04599266411193/1200x900,2026-09-22T05:52:14Z
Hyundai,Solaris,Hyundai Solaris I Рестайлинг,https://auto.ru/cars/used/sale/hyundai/solaris/1134126548-b87ae8d5/,1199000,Пермь,2016,,5,155425,2,Не требует ремонта,Оригинал,,"бензин, 1.6 AT (123 л.с.)",автоматическая,передний,Левый,Седан,синий,https://avatars.avto.ru/get-autoru-vos/21020305/d76e08706ef5d92820db62253aedef47/1200x900,2026-09-22T05:52:14Z
Hyundai,Solaris,Hyundai Solaris I,https://auto.ru/cars/used/sale/hyundai/solaris/1133427990-33be7b09/,749000,Пермь,2014,,5,167456,4,Не требует ремонта,Оригинал,Classic,"бензин, 1.4 MT (107 л.с.)",механическая,передний,Левый,Седан,чёрный,https://avatars.avto.ru/get-autoru-vos/20761562/1cb07d1ab527d6f488de1b6fd1cba04b/1200x900,2026-09-22T05:52:14Z
Chevrolet,Cruze,Chevrolet Cruze I Рестайлинг,https://auto.ru/cars/used/sale/chevrolet/cruze/1134168440-4571ee25/,869000,Пермь,2014,,5,166100,4,Не требует ремонта,Оригинал,,"бензин, 1.6 MT (124 л.с.)",механическая,передний,Левый,Универсал 5 дв.,чёрный,https://avatars.avto.ru/get-autoru-vos/16308788/0ec4ebcc2f241d9e20989964d1f2558c/1200x900,2026-09-22T05:52:14Z
Renault,Duster,Renault Duster I,https://auto.ru/cars/used/sale/renault/duster/1133801428-dc4afb92/,789000,Пермь,2013,,5,182050,2,Не требует ремонта,Оригинал,,"бензин, 1.6 MT (102 л.с.) 4WD",механическая,полный,Левый,Внедорожник 5 дв.,синий,https://avatars.avto.ru/get-autoru-vos/20272960/0b535ec5374b61b408472278bdd334e9/1200x900,2026-09-22T05:52:14Z
Chevrolet,Niva,Chevrolet Niva I Рестайлинг,https://auto.ru/cars/used/sale/chevrolet/niva/1134126545-7644d21f/,749000,Пермь,2015,,5,93000,3,Не требует ремонта,Оригинал,,"бензин, 1.7 MT (80 л.с.) 4WD",механическая,полный,Левый,Внедорожник 5 дв.,серый,https://avatars.avto.ru/get-autoru-vos/20181844/f6ae097bce813a3c15900d64f428e266/1200x900,2026-09-22T05:52:14Z
Skoda,Octavia,Skoda Octavia II (A5) Рестайлинг,https://auto.ru/cars/used/sale/skoda/octavia/1133801567-1cb9f0aa/,659000,Пермь,2012,,5,333453,4,Не требует ремонта,Дубликат,,"бензин, 1.6 AT (102 л.с.)",автоматическая,передний,Левый,Лифтбек,белый,https://avatars.avto.ru/get-autoru-vos/2057538/8c63c1b445ef53431aef7408f8a34fb7/1200x900,2026-09-22T05:52:14Z
Lada (ВАЗ),Granta,Lada (ВАЗ) Granta I Рестайлинг,https://auto.ru/cars/used/sale/vaz/granta/1134230726-89e8950b/,919000,Пермь,2021,,5,49621,2,Не требует ремонта,Оригинал,,"бензин, 1.6 MT (106 л.с.)",механическая,передний,Левый,Седан,чёрный,https://avatars.avto.ru/get-autoru-vos/17674678/055680e2d39a02e5e0e40531ae64f20f/1200x900,2026-09-22T05:52:14Z
Skoda,Octavia,Skoda Octavia III (A7),https://auto.ru/cars/used/sale/skoda/octavia/1134183180-87a2ab71/,1469000,Пермь,2013,,5,192000,3,Не требует ремонта,Оригинал,,"бензин, 1.8 AMT (180 л.с.)",робот,передний,Левый,Лифтбек,коричневый,https://avatars.avto.ru/get-autoru-vos/15496515/5e39bff724d859423c713ff092d92a43/1200x900,2026-09-22T05:52:14Z
Hyundai,Solaris,Hyundai Solaris I Рестайлинг,https://auto.ru/cars/used/sale/hyundai/solaris/1133801436-6693404a/,1159000,Пермь,2016,,5,173625,1,Не требует ремонта,Оригинал,,"бензин, 1.6 AT (123 л.с.)",автоматическая,передний,Левый,Седан,чёрный,https://avatars.avto.ru/get-autoru-vos/20829654/86c59d37be3e581b5095b1e448bbf33f/1200x900,2026-09-22T05:52:14Z
Lada (ВАЗ),Niva Travel,Lada (ВАЗ) Niva Travel I,https://auto.ru/cars/used/sale/vaz/niva_travel/1133801497-8d427141/,1229000,Пермь,2023,,5,45000,1,Не требует ремонта,Оригинал,,"бензин, 1.7 MT (80 л.с.) 4WD",механическая,полный,Левый,Внедорожник 5 дв.,зелёный,https://avatars.avto.ru/get-autoru-vos/20116688/c1b079f8f7cf4ecb47ced6017dfcde38/1200x900,2026-09-22T05:52:14Z
Renault,Symbol,Renault Symbol ll,https://auto.ru/cars/used/sale/renault/clio_symbol/1134026522-70498543/,449000,Пермь,2008,,5,380265,4,Не требует ремонта,Оригинал,,"бензин, 1.4 AT (98 л.с.)",автоматическая,передний,Левый,Седан,синий,https://avatars.avto.ru/get-autoru-vos/17926310/0009f27add3b6e246a22c152ccd4db8a/1200x900,2026-09-22T05:52:14Z
Mercedes-Benz,CLA,"Mercedes-Benz CLA 200 I (C117, X117)",https://auto.ru/cars/used/sale/mercedes/cla_klasse/1132847030-6ddc2668/,1619000,Пермь,2014,,5,179370,3,Не требует ремонта,Оригинал,CLA 200 Особая серия,"бензин, 200 1.6 AMT (156 л.с.)",робот,передний,Левый,Седан,фиолетовый,https://avatars.avto.ru/get-autoru-vos/20487659/ffffe332c656a4410cd46c2179295b5e/1200x900,2026-09-22T05:52:14Z
Opel,Zafira,Opel Zafira B Рестайлинг,https://auto.ru/cars/used/sale/opel/zafira/1134036234-b90ecc84/,679000,Пермь,2012,,5,360000,4,Не требует ремонта,Оригинал,,"бензин, 1.8 MT (140 л.с.)",механическая,передний,Левый,Компактвэн,белый,https://avatars.avto.ru/get-autoru-vos/17690098/36b4da9521e72177e962011a09bf72b5/1200x900,2026-09-22T05:52:14Z
Hyundai,Solaris,Hyundai Solaris II,https://auto.ru/cars/used/sale/hyundai/solaris/1134229498-d5e9cf0c/,1249000,Пермь,2019,,5,263258,1,Не требует ремонта,Оригинал,,"бензин, 1.6 AT (123 л.с.)",автоматическая,передний,Левый,Седан,коричневый,https://avatars.avto.ru/get-autoru-vos/18148556/b8f3bd04870e301d10fb0f7e45f9f182/1200x900,2026-09-22T05:52:14Z
Suzuki,Solio,Suzuki Solio III,https://auto.ru/cars/used/sale/suzuki/solio/1133823784-ec908c0f/,989000,Пермь,2019,,5,167000,1,Не требует ремонта,Оригинал,,"гибрид, 1.2hyb AMT (91 л.с.)",робот,передний,Правый,Микровэн,синий,https://avatars.avto.ru/get-autoru-vos/18005086/fb716fb113bc13dbc69f74d59ac6bc37/1200x900,2026-09-22T05:52:14Z
Skoda,Octavia,Skoda Octavia II (A5) Рестайлинг,https://auto.ru/cars/used/sale/skoda/octavia/1133801562-42a15448/,779000,Пермь,2013,,5,281000,1,Не требует ремонта,Оригинал,,"бензин, 1.6 MT (102 л.с.)",механическая,передний,Левый,Лифтбек,белый,https://avatars.avto.ru/get-autoru-vos/2166487/d5cafe6a4b6f1529f99425b096ab55bd/1200x900,2026-09-22T05:52:14Z
Opel,Astra,Opel Astra GTC J Рестайлинг,https://auto.ru/cars/used/sale/opel/astra/1133801373-6cd0b0f3/,759000,Пермь,2012,,5,163048,4,Не требует ремонта,Оригинал,,"бензин, GTC 1.6 MT (180 л.с.)",механическая,передний,Левый,Хэтчбек 3 дв. GTC,красный,https://avatars.avto.ru/get-autoru-vos/18152297/e25dff9d6d63efca99b672151d0a9764/1200x900,2026-09-22T05:52:14Z
Ford,Mondeo,Ford Mondeo IV Рестайлинг,https://auto.ru/cars/used/sale/ford/mondeo/1133470337-588c6c47/,949000,Пермь,2011,,5,240000,3,Не требует ремонта,Оригинал,Titanium,"бензин, 2.0 AMT (240 л.с.)",робот,передний,Левый,Седан,коричневый,https://avatars.avto.ru/get-autoru-vos/18557545/fbd938aba8df2190c8fcbc8562e5c7ec/1200x900,2026-09-22T05:52:17Z
Mazda,3,Mazda 3 II (BL),https://auto.ru/cars/used/sale/mazda/3/1133263912-96b379a3/,839000,Пермь,2010,,5,225030,4,Не требует ремонта,Оригинал,Direct Plus,"бензин, 1.6 AT (105 л.с.)",автоматическая,передний,Левый,Седан,серый,https://avatars.avto.ru/get-autoru-vos/20335149/bf3d0bbce55412e6946426c370021db4/1200x900,2026-09-22T05:52:17Z
Lada (ВАЗ),Largus,Lada (ВАЗ) Largus I Рестайлинг,https://auto.ru/cars/used/sale/vaz/largus/1133801528-12f1fde1/,1339000,Пермь,2024,,5,62000,1,Не требует ремонта,Оригинал,,"бензин, 1.6 MT (106 л.с.)",механическая,передний,Левый,Универсал 5 дв.,серый,https://avatars.avto.ru/get-autoru-vos/21116822/1c7b700d11ffd626b63db7cc7e851937/1200x900,2026-09-22T05:52:17Z
Lada (ВАЗ),Vesta,Lada (ВАЗ) Vesta SW Cross I,https://auto.ru/cars/used/sale/vaz/vesta/1133801488-256a7aca/,879000,Пермь,2021,,5,215000,2,Не требует ремонта,Оригинал,,"бензин, SW Cross 1.6 CVT (113 л.с.)",вариатор,передний,Левый,Универсал 5 дв. SW Cross,белый,https://avatars.avto.ru/get-autoru-vos/1705366/7e320dd2fd99689e7e01cc379c193ae6/1200x900,2026-09-22T05:52:17Z
Lada (ВАЗ),Granta,Lada (ВАЗ) Granta I,https://auto.ru/cars/used/sale/vaz/granta/1133801548-c603ecd6/,569000,Пермь,2015,,5,68256,3,Не требует ремонта,Оригинал,,"бензин, 1.6 AT (87 л.с.)",автоматическая,передний,Левый,Седан,белый,https://avatars.avto.ru/get-autoru-vos/16417992/d37a2effcdf55aa5ddb319cbedbe1649/1200x900,2026-09-22T05:52:17Z
Ford,Fusion,Ford Fusion I Рестайлинг,https://auto.ru/cars/used/sale/ford/fusion/1133438492-31c7a0a9/,379000,Пермь,2007,,5,214000,4,Не требует ремонта,Оригинал,Elegance,"бензин, 1.6 MT (101 л.с.)",механическая,передний,Левый,Хэтчбек 5 дв.,зелёный,https://avatars.avto.ru/get-autoru-vos/20289822/c2b80965e7b3c3920cb51a5c0644eeed/1200x900,2026-09-22T05:52:17Z
Toyota,Corolla,"Toyota Corolla X (E140, E150)",https://auto.ru/cars/used/sale/toyota/corolla/1134093101-57a94c4d/,819000,Пермь,2007,,5,244758,3,Не требует ремонта,Оригинал,,"бензин, 1.6 MT (124 л.с.)",механическая,передний,Левый,Седан,серебристый,https://photo.auto.ru/photo/get-autoru-vos/18106725/kUY_muLZ-lK8_DQuAmgUlMRDsTtRUypNbSw_nHS6nzNBJd57mhqT7Jkn8vvw5mSwRi1XALESbzp8qKYHVVtFVldCNr_V0UEy5Z6kI3MbNz7uXkewSSb2vupB39yrP_40PMKgCDClaU13VeHd8XIaHuO-UD8tCgGnmpaEno75xAVipw/1200x900,2026-09-22T05:52:17Z
Lada (ВАЗ),Priora,Lada (ВАЗ) Priora I,https://auto.ru/cars/used/sale/vaz/2170/1133801494-0d88ef95/,339000,Пермь,2011,,5,339000,3,Не требует ремонта,Оригинал,,"бензин, 1.6 MT (98 л.с.)",механическая,передний,Левый,Хэтчбек 3 дв.,синий,https://avatars.avto.ru/get-autoru-vos/18090779/fc40da7fec8de26d1e3fc57cb6b5bbea/1200x900,2026-09-22T05:52:17Z
Hyundai,Solaris,Hyundai Solaris II,https://auto.ru/cars/used/sale/hyundai/solaris/1133801461-c2edb464/,1309000,Пермь,2018,,5,175000,4,Не требует ремонта,Оригинал,,"бензин, 1.6 AT (123 л.с.)",автоматическая,передний,Левый,Седан,белый,https://avatars.avto.ru/get-autoru-vos/4254438/72ff45e41320115b52dd441edaf086fd/1200x900,2026-09-22T05:52:17Z
Opel,Astra,Opel Astra H Рестайлинг,https://auto.ru/cars/used/sale/opel/astra/1133263913-87a88e5e/,579000,Пермь,2010,,5,209000,4,Не требует ремонта,Оригинал,Cosmo,"бензин, 1.8 AT (140 л.с.)",автоматическая,передний,Левый,Универсал 5 дв.,серый,https://avatars.avto.ru/get-autoru-vos/20487659/58f4cfb43825a63a2c478699f8fa533f/1200x900,2026-09-22T05:52:17Z
Lada (ВАЗ),Niva Legend,Lada (ВАЗ) Niva Legend I,https://auto.ru/cars/used/sale/vaz/niva_legend/1133422377-a2ee3487/,1099000,Пермь,2026,,4,7524,1,Не требует ремонта,Оригинал,Люкс,"бензин, 1.7 MT (83 л.с.) 4WD",механическая,полный,Левый,Внедорожник 3 дв.,чёрный,https://avatars.avto.ru/get-autoru-vos/19700919/9277da1eaa43a3cee7a99d9770887859/1200x900,2026-09-22T05:52:17Z
Audi,A4,Audi A4 IV (B8),https://auto.ru/cars/used/sale/audi/a4/1133360431-961788f6/,999000,Пермь,2009,,5,312571,4,Не требует ремонта,Оригинал,Стандарт,"бензин, 1.8 CVT (160 л.с.)",вариатор,передний,Левый,Седан,чёрный,https://avatars.avto.ru/get-autoru-vos/20656151/15d3198737a1f44f42a6300694606372/1200x900,2026-09-22T05:52:17Z
Mazda,3,Mazda 3 I (BK),https://auto.ru/cars/used/sale/mazda/3/1134229496-47fd9bde/,719000,Пермь,2005,,5,229635,3,Не требует ремонта,Оригинал,,"бензин, 2.0 MT (150 л.с.)",механическая,передний,Левый,Седан,серебристый,https://avatars.avto.ru/get-autoru-vos/17973062/93e21cd125bf7013ad33e922ee69e8ae/1200x900,2026-09-22T05:52:17Z
Lada (ВАЗ),Granta,Lada (ВАЗ) Granta I,https://auto.ru/cars/used/sale/vaz/granta/1133219057-17bc8eda/,629000,Пермь,2017,,5,22365,1,Не требует ремонта,Оригинал,Comfort 21911-51-72A,"бензин, 1.6 MT (87 л.с.)",механическая,передний,Левый,Лифтбек,голубой,https://avatars.avto.ru/get-autoru-vos/18986119/7501e198b8a8c5e2d0b67e3d667235e8/1200x900,2026-09-22T05:52:17Z
Mazda,3,Mazda 3 II (BL),https://auto.ru/cars/used/sale/mazda/3/1134106184-7921b215/,829000,Пермь,2011,,5,208100,4,Не требует ремонта,Оригинал,,"бензин, 1.6 MT (105 л.с.)",механическая,передний,Левый,Седан,чёрный,https://avatars.avto.ru/get-autoru-vos/15580208/fc2d10b52b822230d9e21050ab3334f3/1200x900,2026-09-22T05:52:17Z
Volkswagen,Passat,Volkswagen Passat B6,https://auto.ru/cars/used/sale/volkswagen/passat/1134005895-0d2729fc/,699000,Пермь,2006,,5,275489,4,Не требует ремонта,Оригинал,,"бензин, 2.0 MT (150 л.с.)",механическая,передний,Левый,Седан,чёрный,https://avatars.avto.ru/get-autoru-vos/20291570/afe2b09a9186ee9f110fa76c46bd7634/1200x900,2026-09-22T05:52:17Z
BMW,1 серии,BMW 1 серии 116i I (E81/E82/E87/E88) Рестайлинг,https://auto.ru/cars/used/sale/bmw/1er/1133326114-ea554d0d/,839000,Пермь,2011,,4,169000,4,Не требует ремонта,Оригинал,116,"бензин, 116i 1.6 AT (115 л.с.)",автоматическая,задний,Левый,Хэтчбек 3 дв.,белый,https://avatars.avto.ru/get-autoru-vos/14637477/6bdbb0b3abef7231a93adfd24f15d6b9/1200x900,2026-09-22T05:52:17Z
Ford,Focus,Ford Focus III,https://auto.ru/cars/used/sale/ford/focus/1134143568-39a97817/,849000,Пермь,2012,,5,154346,4,Не требует ремонта,Оригинал,,"бензин, 1.6 MT (105 л.с.)",механическая,передний,Левый,Хэтчбек 5 дв.,чёрный,https://avatars.avto.ru/get-autoru-vos/2162504/322953a148644ee8da54fdbd2709fb5e/1200x900,2026-09-22T05:52:17Z
Volkswagen,Tiguan,Volkswagen Tiguan II,https://auto.ru/cars/used/sale/volkswagen/tiguan/1132591366-8f61a1b0/,3139000,Пермь,2018,,5,92000,3,Не требует ремонта,Оригинал,OFFROAD,"бензин, 2.0 AMT (180 л.с.) 4WD",робот,полный,Левый,Внедорожник 5 дв.,коричневый,https://avatars.avto.ru/get-autoru-vos/20265681/5d5fc23615fd53a38474f66d36b9ab16/1200x900,2026-09-22T05:52:17Z
Lada (ВАЗ),Niva Travel,Lada (ВАЗ) Niva Travel I,https://auto.ru/cars/used/sale/vaz/niva_travel/1133801385-cd717635/,929000,Пермь,2021,,5,105597,1,Не требует ремонта,Оригинал,,"бензин, 1.7 MT (80 л.с.) 4WD",механическая,полный,Левый,Внедорожник 5 дв.,серебристый,https://avatars.avto.ru/get-autoru-vos/17714294/76fd901ca3d3613ee2d943677d73a2cb/1200x900,2026-09-22T05:52:17Z
Suzuki,SX4,Suzuki SX4 I (Classic),https://auto.ru/cars/used/sale/suzuki/sx4/1134101822-fa69234f/,819000,Пермь,2008,,5,118023,2,Не требует ремонта,Оригинал,,"бензин, 1.6 AT (106 л.с.)",автоматическая,передний,Левый,Седан,серебристый,https://avatars.avto.ru/get-autoru-vos/17777984/eb98049f040f66ce3231904d56b1e6ab/1200x900,2026-09-22T05:52:17Z
Hyundai,Solaris,Hyundai Solaris I,https://auto.ru/cars/used/sale/hyundai/solaris/1133285244-8019a1c7/,729000,Пермь,2011,,5,163805,4,Не требует ремонта,Оригинал,Active,"бензин, 1.4 AT (107 л.с.)",автоматическая,передний,Левый,Хэтчбек 5 дв.,серебристый,https://avatars.avto.ru/get-autoru-vos/20104625/8d592205f679de629bad0ce365846e39/1200x900,2026-09-22T05:52:17Z
Audi,A6,Audi A6 III (C6) Рестайлинг,https://auto.ru/cars/used/sale/audi/a6/1133461670-b1bb5da8/,859000,Пермь,2011,,5,264000,4,Не требует ремонта,Оригинал,Стандарт,"бензин, 3.0 AT (290 л.с.) 4WD",автоматическая,полный,Левый,Седан,серебристый,https://avatars.avto.ru/get-autoru-vos/20363536/bae5cadf0f278df571cb8559828f9ebe/1200x900,2026-09-22T05:52:17Z
Skoda,Rapid,Skoda Rapid II,https://auto.ru/cars/used/sale/skoda/rapid/1134080746-9c8c2ec1/,1829000,Пермь,2022,,5,145320,3,Не требует ремонта,Оригинал,,"бензин, 1.6 AT (110 л.с.)",автоматическая,передний,Левый,Лифтбек,белый,https://avatars.avto.ru/get-autoru-vos/20181844/10bb6f3eaa36e49a71d0f8f5d234ebb3/1200x900,2026-09-22T05:52:17Z
Lada (ВАЗ),Vesta,Lada (ВАЗ) Vesta SW Sportline I Рестайлинг (NG),https://auto.ru/cars/used/sale/vaz/vesta/1134229497-6047bf67/,1799000,Пермь,2024,,5,20402,1,Не требует ремонта,Оригинал,,"бензин, SW Sportline 1.6 MT (118 л.с.)",механическая,передний,Левый,Универсал 5 дв. SW Sportline,чёрный,https://avatars.avto.ru/get-autoru-vos/20467659/ad2e44b36d6a4a79d34cb27e6df551a1/1200x900,2026-09-22T05:52:17Z
Skoda,Octavia,Skoda Octavia II (A5) Рестайлинг,https://auto.ru/cars/used/sale/skoda/octavia/1134224877-e09551db/,679000,Пермь,2011,,5,314023,2,Не требует ремонта,Оригинал,,"бензин, 1.6 MT (102 л.с.)",механическая,передний,Левый,Лифтбек,серый,https://avatars.avto.ru/get-autoru-vos/20289822/3ce8794d2070104d56e6209411964db8/1200x900,2026-09-22T05:52:17Z
Daewoo,Matiz,Daewoo Matiz I Рестайлинг,https://auto.ru/cars/used/sale/daewoo/matiz/1132260545-f37d6110/,289000,Пермь,2014,,5,85000,1,Не требует ремонта,Оригинал,M 16,"бензин, 0.8 MT (52 л.с.)",механическая,передний,Левый,Хэтчбек 5 дв.,зелёный,https://avatars.avto.ru/get-autoru-vos/20656151/355d0d9af716e32d4e2af63247eb3a58/1200x900,2026-09-22T05:52:17Z
Toyota,Corolla,"Toyota Corolla X (E140, E150) Рестайлинг",https://auto.ru/cars/used/sale/toyota/corolla/1133801526-7e6845ac/,929000,Пермь,2011,,5,311536,3,Не требует ремонта,Оригинал,,"бензин, 1.6 AT (124 л.с.)",автоматическая,передний,Левый,Седан,серебристый,https://avatars.avto.ru/get-autoru-vos/20134224/01bfce68235a2930522de1f4603ba4f0/1200x900,2026-09-22T05:52:17Z
BMW,1 серии,BMW 1 серии 116i I (E81/E82/E87/E88) Рестайлинг,https://auto.ru/cars/used/sale/bmw/1er/1132383510-e8025643/,779000,Пермь,2011,,5,120000,1,Не требует ремонта,Оригинал,116,"бензин, 116i 1.6 AT (115 л.с.)",автоматическая,задний,Правый,Хэтчбек 5 дв.,белый,https://photo.auto.ru/photo/get-autoru-vos/20410536/wi5dGy4OnLayYuTYZcN4oLI1jhn_-ioOzcAmxvYT6-l7nEiyW36cTB3sKodtqiDggHbR3fnYFnfl2PTmghwxb2rlhtHWlWrIDloZ2M_6gp70bhj0ouBuZbF8fjI0mQg61FF4wMBabSCEn7ThCgBZ5EcxFXhHD-CkF_pG0cj0v8r8Jw/1200x900,2026-09-22T05:52:17Z
Hyundai,Solaris,Hyundai Solaris I Рестайлинг,https://auto.ru/cars/used/sale/hyundai/solaris/1132993960-e6298cbc/,1119000,Пермь,2016,,5,178700,3,Не требует ремонта,Оригинал,Special Edition,"бензин, 1.6 AT (123 л.с.)",автоматическая,передний,Левый,Седан,красный,https://avatars.avto.ru/get-autoru-vos/20358835/d917927b8d6d9c6f0de2ffca0957dbf6/1200x900,2026-09-22T05:52:17Z
Volkswagen,Passat,Volkswagen Passat B7,https://auto.ru/cars/used/sale/volkswagen/passat/1134001841-27d6bbb5/,779000,Пермь,2011,,5,194523,4,Не требует ремонта,Дубликат,,"бензин, 1.4 MT (122 л.с.)",механическая,передний,Левый,Седан,чёрный,https://avatars.avto.ru/get-autoru-vos/18071266/3cddbd0e9eb85705610b31e4fd595340/1200x900,2026-09-22T05:52:17Z
Chevrolet,Aveo,Chevrolet Aveo I,https://auto.ru/cars/used/sale/chevrolet/aveo/1133216036-ec19dcd6/,319000,Пермь,2006,,5,179600,4,Не требует ремонта,Оригинал,,"бензин, 1.4 MT (94 л.с.)",механическая,передний,Левый,Хэтчбек 5 дв.,синий,https://avatars.avto.ru/get-autoru-vos/20981853/b9c22bd0be1149f3bf1fb97c7e4882c8/1200x900,2026-09-22T05:52:17Z
Toyota,Auris,Toyota Auris I,https://auto.ru/cars/used/sale/toyota/auris/1134168441-1c77c551/,619000,Пермь,2009,,5,283145,4,Не требует ремонта,Оригинал,,"бензин, 1.6 AMT (132 л.с.)",робот,передний,Левый,Хэтчбек 5 дв.,серебристый,https://avatars.avto.ru/get-autoru-vos/16383606/61c60d43c1f6d193486f1e6353d38ccf/1200x900,2026-09-22T05:52:17Z
Kia,Rio,Kia Rio III Рестайлинг,https://auto.ru/cars/used/sale/kia/rio/1133867948-4f19349d/,999000,Пермь,2016,,5,154277,3,Не требует ремонта,Оригинал,,"бензин, 1.6 AT (123 л.с.)",автоматическая,передний,Левый,Седан,чёрный,https://avatars.avto.ru/get-autoru-vos/11635645/7fa28cdd6c858ff7bff7126b7a734ad0/1200x900,2026-09-22T05:52:17Z
Kia,Ceed,Kia Ceed I Рестайлинг,https://auto.ru/cars/used/sale/kia/ceed/1133876956-35b25a22/,649000,Пермь,2011,,5,233568,3,Не требует ремонта,Оригинал,,"бензин, 1.6 MT (125 л.с.)",механическая,передний,Левый,Хэтчбек 5 дв.,красный,https://avatars.avto.ru/get-autoru-vos/20346480/628824b749193841b5a283a4c5f73ed9/1200x900,2026-09-22T05:52:17Z
Lada (ВАЗ),XRAY,Lada (ВАЗ) XRAY I,https://auto.ru/cars/used/sale/vaz/xray/1133979421-99a7a766/,759000,Пермь,2018,,5,117000,2,Не требует ремонта,Оригинал,,"бензин, 1.6 MT (106 л.с.)",механическая,передний,Левый,Хэтчбек 5 дв.,чёрный,https://avatars.avto.ru/get-autoru-vos/5231043/cc0d35531577e4708f8df76073775990/1200x900,2026-09-22T05:52:17Z
Renault,Megane,Renault Megane II Рестайлинг,https://auto.ru/cars/used/sale/renault/megane/1134093100-ccfd7eb0/,509000,Пермь,2008,,5,158000,4,Не требует ремонта,Оригинал,,"бензин, 1.6 AT (113 л.с.)",автоматическая,передний,Левый,Седан,золотистый,https://photo.auto.ru/photo/get-autoru-vos/17645331/aZegfVYv3HWo6sRTjeFtNJB-R2L-xSrWIbD9DgWKqt0W8WOZvJM5MACUgXTkvK5u4byqzIJYW9rL83HavV6Vhd40s1jSDVex2ZUPkOmaGSpM4qNoF1i4wLCnuLRUbIjwjFsHv_xJY4FgvbpW3X_d560xhNW7KikRUMRqTTnul59d6g/1200x900,2026-09-22T05:52:17Z
Skoda,Rapid,Skoda Rapid II,https://auto.ru/cars/used/sale/skoda/rapid/1132829732-ebc4c414/,2229000,Пермь,2021,,5,31521,1,Не требует ремонта,Оригинал,Ambition,"бензин, 1.4 AMT (125 л.с.)",робот,передний,Левый,Лифтбек,синий,https://avatars.avto.ru/get-autoru-vos/20785675/ba0477044d37892dfa5e06ff17f305d6/1200x900,2026-09-22T05:52:20Z
Datsun,on-DO,Datsun on-DO I,https://auto.ru/cars/used/sale/datsun/on_do/1134210110-bcd222b3/,489000,Пермь,2017,,5,120000,3,Не требует ремонта,Оригинал,,"бензин, 1.6 MT (87 л.с.)",механическая,передний,Левый,Седан,серебристый,https://photo.auto.ru/photo/get-autoru-vos/20360782/TYmhRnRTrctzwuLBdDLaGCZfnwcNUqc8ntl7YYKUl4YgjQngi2b2ZC8ZKPD2tCuRsNyNb-9dVsRIwuXUqXgX7jdfvi2FgPXO-v_RERcfz9Bt0G3_-3JK3H-JqPv9eap_VlorOtawV4j9v2c_JVvg-l9I3uLh5EsM0waRZO2enE3fprs/1200x900,2026-09-22T05:52:20Z
Lada (ВАЗ),Vesta,Lada (ВАЗ) Vesta CNG I,https://auto.ru/cars/used/sale/vaz/vesta/1134012429-ce8e5be4/,1149000,Пермь,2022,,5,283145,1,Не требует ремонта,Оригинал,,"газ, CNG 1.6 MT (106 л.с.)",механическая,передний,Левый,Седан,белый,https://avatars.avto.ru/get-autoru-vos/18046040/97e24e0fb182d4109c2ee31617874579/1200x900,2026-09-22T05:52:20Z
Lada (ВАЗ),XRAY,Lada (ВАЗ) XRAY I,https://auto.ru/cars/used/sale/vaz/xray/1133933228-6275a64e/,719000,Пермь,2018,,5,138265,4,Не требует ремонта,Оригинал,,"бензин, 1.6 MT (106 л.с.)",механическая,передний,Левый,Хэтчбек 5 дв.,белый,https://avatars.avto.ru/get-autoru-vos/2062230/ff086864b43b9bd32b0d3bacfa638def/1200x900,2026-09-22T05:52:20Z
Geely,Emgrand EC7,Geely Emgrand EC7,https://auto.ru/cars/used/sale/geely/emgrand_ec7/1134080751-0829b668/,649000,Пермь,2013,,5,266653,2,Не требует ремонта,Оригинал,,"бензин, 1.5 MT (98 л.с.)",механическая,передний,Левый,Седан,серый,https://avatars.avto.ru/get-autoru-vos/16467568/04558ec72ce19ec458db575ebece8b71/1200x900,2026-09-22T05:52:20Z
Lada (ВАЗ),Vesta,Lada (ВАЗ) Vesta I Рестайлинг (NG),https://auto.ru/cars/used/sale/vaz/vesta/1134224876-1a853d5d/,1409000,Пермь,2024,,5,34074,1,Не требует ремонта,Оригинал,,"бензин, 1.8 CVT (122 л.с.)",вариатор,передний,Левый,Седан,белый,https://avatars.avto.ru/get-autoru-vos/20141841/e41abe9ef39494c3a89c4ff3eefe57da/1200x900,2026-09-22T05:52:20Z
Lada (ВАЗ),Vesta,Lada (ВАЗ) Vesta SW I,https://auto.ru/cars/used/sale/vaz/vesta/1133316732-f95387d2/,1059000,Пермь,2019,,5,150269,3,Не требует ремонта,Оригинал,Comfort Winter EnjoY,"бензин, SW 1.6 MT (106 л.с.)",механическая,передний,Левый,Универсал 5 дв. SW,чёрный,https://avatars.avto.ru/get-autoru-vos/20543926/8a4dce481b68cfe9225cb4016225ab44/1200x900,2026-09-22T05:52:20Z
Lada (ВАЗ),Vesta,Lada (ВАЗ) Vesta SW Cross I,https://auto.ru/cars/used/sale/vaz/vesta/1134235194-1304d23a/,879000,Пермь,2019,,5,230265,3,Не требует ремонта,Оригинал,,"бензин, SW Cross 1.6 MT (106 л.с.)",механическая,передний,Левый,Универсал 5 дв. SW Cross,белый,https://avatars.avto.ru/get-autoru-vos/17906453/0f422c0813bfcf0f6774d11c1b39e970/1200x900,2026-09-22T05:52:20Z
Hyundai,Solaris,Hyundai Solaris I,https://auto.ru/cars/used/sale/hyundai/solaris/1132726908-fe576036/,799000,Пермь,2012,,5,163000,3,Не требует ремонта,Оригинал,Classic,"бензин, 1.6 MT (123 л.с.)",механическая,передний,Левый,Седан,серый,https://photo.auto.ru/photo/get-autoru-vos/20022717/X5uy_pVHzHIe_5lORXbPCRfwzX3OLLNKbysCspv7AB5rDntzw_zvnZWoXP5UzRyr94E4ouk4rKUkG9GULqWZRBH5797l50HHqq3Awm4NLJumXgu14g7vUX4-uayY80UM0Y_aYZJaTm3JcbJiFYBfPiMfkZnjVAfJtMet3Vp_jDOAxUo/1200x900,2026-09-22T05:52:20Z
Kia,Rio,Kia Rio 5-speed III,https://auto.ru/cars/used/sale/kia/rio/1133801482-ce639fcd/,579000,Пермь,2012,,5,287000,3,Не требует ремонта,Оригинал,,"бензин, 5-speed 1.6 MT (123 л.с.)",механическая,передний,Левый,Седан,белый,https://avatars.avto.ru/get-autoru-vos/18170382/a9659f9e3bbbb58521de2eaf6f6166a5/1200x900,2026-09-22T05:52:20Z
Lada (ВАЗ),Largus,Lada (ВАЗ) Largus I,https://auto.ru/cars/used/sale/vaz/largus/1133801448-4e3ef47b/,679000,Пермь,2015,,5,161159,4,Не требует ремонта,Оригинал,,"бензин, 1.6 MT (84 л.с.)",механическая,передний,Левый,Универсал 5 дв.,чёрный,https://avatars.avto.ru/get-autoru-vos/5236428/3fe77eaf2a63cc11b0b7df1982dacd75/1200x900,2026-09-22T05:52:20Z
Toyota,Corolla,"Toyota Corolla X (E140, E150)",https://auto.ru/cars/used/sale/toyota/corolla/1134035292-e22d1c2c/,739000,Пермь,2008,,5,296000,3,Не требует ремонта,Оригинал,,"бензин, 1.4 MT (97 л.с.)",механическая,передний,Левый,Седан,белый,https://avatars.avto.ru/get-autoru-vos/20265681/f12ff07a5863af3a258c409e97addb99/1200x900,2026-09-22T05:52:20Z
Skoda,Octavia,Skoda Octavia III (A7),https://auto.ru/cars/used/sale/skoda/octavia/1132846108-f52b0524/,1079000,Пермь,2013,,5,258000,2,Не требует ремонта,Оригинал,Ambition (2013-2015),"бензин, 1.4 AMT (140 л.с.)",робот,передний,Левый,Лифтбек,серый,https://photo.auto.ru/photo/get-autoru-vos/20390804/WAPhJd29AtCjENwKZ-IX60WAmaw_p502MGtHLzAcsg2amtL040r0-fsoE6aXS8qEw03kJoNPGnQxvdu0fQbRm5zW9Uy4dUO3N8uXrXSVgNHzYYSCwvvzwKQ0Yr_R6WlYr21e1MyqdGIHYXZgg8Y0xCIIWvwFhRF8jDstmhhSgoswZwo/1200x900,2026-09-22T05:52:20Z
Hyundai,Solaris,Hyundai Solaris II,https://auto.ru/cars/used/sale/hyundai/solaris/1134080749-3160e54b/,999000,Пермь,2018,,5,364026,1,Не требует ремонта,Оригинал,,"бензин, 1.4 MT (100 л.с.)",механическая,передний,Левый,Седан,серебристый,https://avatars.avto.ru/get-autoru-vos/2074421/24319d328b38e9b995241f7d96efacc2/1200x900,2026-09-22T05:52:20Z
Lada (ВАЗ),Priora,Lada (ВАЗ) Priora I Рестайлинг,https://auto.ru/cars/used/sale/vaz/2170/1134183179-5f39f861/,659000,Пермь,2015,,5,256000,4,Не требует ремонта,Оригинал,,"бензин, 1.6 MT (106 л.с.)",механическая,передний,Левый,Седан,серый,https://avatars.avto.ru/get-autoru-vos/20543926/c76b26788ca66f49d27bed9a4f8627c6/1200x900,2026-09-22T05:52:20Z
Ford,Focus,Ford Focus III,https://auto.ru/cars/used/sale/ford/focus/1133801432-5091dce2/,819000,Пермь,2011,,5,203000,4,Не требует ремонта,Оригинал,,"бензин, 1.6 AMT (125 л.с.)",робот,передний,Левый,Хэтчбек 5 дв.,коричневый,https://avatars.avto.ru/get-autoru-vos/17697421/24c99458fb94dcc8bfc95c72229940fb/1200x900,2026-09-22T05:52:20Z
Toyota,Corolla,"Toyota Corolla XI (E160, E170, E180)",https://auto.ru/cars/used/sale/toyota/corolla/1133801574-dcefb07c/,1299000,Пермь,2014,,5,180300,3,Не требует ремонта,Оригинал,,"бензин, 1.6 CVT (122 л.с.)",вариатор,передний,Левый,Седан,белый,https://avatars.avto.ru/get-autoru-vos/19700919/28a4305ed6ebd77c750b9c5f23755dc3/1200x900,2026-09-22T05:52:20Z
Skoda,Octavia,Skoda Octavia IV (A8),https://auto.ru/cars/used/sale/skoda/octavia/1133921316-929d9f6f/,2449000,Пермь,2021,,5,30954,2,Не требует ремонта,Оригинал,,"бензин, 1.4 AT (150 л.с.)",автоматическая,передний,Левый,Лифтбек,серый,https://avatars.avto.ru/get-autoru-vos/17690098/b8a29a6563dfe09c325a50e13ee70e40/1200x900,2026-09-22T05:52:20Z
Lada (ВАЗ),Vesta,Lada (ВАЗ) Vesta I Рестайлинг (NG),https://auto.ru/cars/used/sale/vaz/vesta/1133801397-e057b9f1/,1179000,Пермь,2023,,5,69500,1,Не требует ремонта,Оригинал,,"бензин, 1.6 MT (106 л.с.)",механическая,передний,Левый,Седан,белый,https://avatars.avto.ru/get-autoru-vos/18101889/a2384143a732d56252ca5e6bb0742379/1200x900,2026-09-22T05:52:20Z
Volkswagen,Polo,Volkswagen Polo V,https://auto.ru/cars/used/sale/volkswagen/polo/1134232956-b693ec36/,829000,Пермь,2013,,5,212456,3,Не требует ремонта,Оригинал,,"бензин, 1.6 MT (105 л.с.)",механическая,передний,Левый,Седан,чёрный,https://avatars.avto.ru/get-autoru-vos/20132077/88518a1e8b53e9e32447ed4c4b8f4855/1200x900,2026-09-22T05:52:20Z
Lada (ВАЗ),Vesta,Lada (ВАЗ) Vesta SW I,https://auto.ru/cars/used/sale/vaz/vesta/1134087553-7fc54207/,899000,Пермь,2019,,5,159402,1,Не требует ремонта,Оригинал,,"бензин, SW 1.6 MT (106 л.с.)",механическая,передний,Левый,Универсал 5 дв. SW,серый,https://avatars.avto.ru/get-autoru-vos/20341802/e72bb59c8e9fd1313b0703bf8cc97da1/1200x900,2026-09-22T05:52:20Z
Lada (ВАЗ),XRAY,Lada (ВАЗ) XRAY I,https://auto.ru/cars/used/sale/vaz/xray/1133836876-f5625a32/,619000,Пермь,2017,,5,182569,3,Не требует ремонта,Оригинал,,"бензин, 1.6 MT (106 л.с.)",механическая,передний,Левый,Хэтчбек 5 дв.,золотистый,https://avatars.avto.ru/get-autoru-vos/17028858/c793d892006c083590c757e76f68c04d/1200x900,2026-09-22T05:52:20Z
Nissan,Note,Nissan Note II,https://auto.ru/cars/used/sale/nissan/note/1133984367-0f9b2b40/,1169000,Пермь,2014,,5,113000,1,Не требует ремонта,Оригинал,,"бензин, 1.2 CVT (79 л.с.)",вариатор,передний,Правый,Хэтчбек 5 дв.,серебристый,https://avatars.avto.ru/get-autoru-vos/18154113/f57b5f18c20c4de876d86bf09c0d228a/1200x900,2026-09-22T05:52:20Z
Lada (ВАЗ),Granta,Lada (ВАЗ) Granta I Рестайлинг,https://auto.ru/cars/used/sale/vaz/granta/1133845741-59fc065c/,519000,Пермь,2020,,5,204121,1,Не требует ремонта,Оригинал,,"бензин, 1.6 MT (106 л.с.)",механическая,передний,Левый,Седан,серебристый,https://avatars.avto.ru/get-autoru-vos/19682479/6a3847aed0bdf6da3197a29f1f2c5b8e/1200x900,2026-09-22T05:52:20Z
Lada (ВАЗ),Granta,Lada (ВАЗ) Granta I Рестайлинг,https://auto.ru/cars/used/sale/vaz/granta/1133959839-27e46d51/,879000,Пермь,2025,,5,11500,1,Не требует ремонта,Оригинал,,"бензин, 1.6 MT (90 л.с.)",механическая,передний,Левый,Седан,чёрный,https://avatars.avto.ru/get-autoru-vos/19634380/d8cd504dfbf7d79d4fac1ed4cd70d70b/1200x900,2026-09-22T05:52:20Z
Lada (ВАЗ),Vesta,Lada (ВАЗ) Vesta I,https://auto.ru/cars/used/sale/vaz/vesta/1134031740-d7895eff/,1129000,Пермь,2021,,5,92800,1,Не требует ремонта,Оригинал,,"бензин, 1.6 MT (106 л.с.)",механическая,передний,Левый,Седан,чёрный,https://avatars.avto.ru/get-autoru-vos/2165736/f7dcbda8b006fb5e82083ebcbf5a663f/1200x900,2026-09-22T05:52:20Z
Volkswagen,Passat,Volkswagen Passat B8,https://auto.ru/cars/used/sale/volkswagen/passat/1133801447-2cc57761/,1649000,Пермь,2015,,5,111484,1,Не требует ремонта,Оригинал,,"бензин, 1.4 AMT (150 л.с.)",робот,передний,Правый,Универсал 5 дв.,белый,https://avatars.avto.ru/get-autoru-vos/16417992/51d3c6eab226db2b891f63a214256365/1200x900,2026-09-22T05:52:20Z
Hyundai,Solaris,Hyundai Solaris II,https://auto.ru/cars/used/sale/hyundai/solaris/1134048162-eca0e152/,1649000,Пермь,2019,,5,78120,2,Не требует ремонта,Оригинал,,"бензин, 1.6 AT (123 л.с.)",автоматическая,передний,Левый,Седан,белый,https://avatars.avto.ru/get-autoru-vos/18006848/35068a05f58dced26d64cc14c984df37/1200x900,2026-09-22T05:52:20Z
Volkswagen,Polo,Volkswagen Polo V,https://auto.ru/cars/used/sale/volkswagen/polo/1133961082-e3c0aa76/,659000,Пермь,2012,,5,250000,4,Не требует ремонта,Оригинал,,"бензин, 1.6 AT (105 л.с.)",автоматическая,передний,Левый,Седан,чёрный,https://avatars.avto.ru/get-autoru-vos/20392446/0bc392b9ea06f645ac3d00a3b4e02d55/1200x900,2026-09-22T05:52:20Z
Lada (ВАЗ),Granta,Lada (ВАЗ) Granta I Рестайлинг,https://auto.ru/cars/used/sale/vaz/granta/1134229494-a18bd104/,839000,Пермь,2024,,5,50456,1,Не требует ремонта,Оригинал,,"бензин, 1.6 MT (90 л.с.)",механическая,передний,Левый,Лифтбек,белый,https://avatars.avto.ru/get-autoru-vos/17716217/f032176c6a4f9f669aa4ec4253a26a83/1200x900,2026-09-22T05:52:20Z
Lada (ВАЗ),Vesta,Lada (ВАЗ) Vesta I,https://auto.ru/cars/used/sale/vaz/vesta/1134139299-86cc4cf9/,919000,Пермь,2018,,5,106000,2,Не требует ремонта,Оригинал,,"бензин, 1.6 MT (106 л.с.)",механическая,передний,Левый,Седан,серый,https://avatars.avto.ru/get-autoru-vos/20394542/6166a9ed38e99c548597e2f41d7260e8/1200x900,2026-09-22T05:52:20Z
Opel,Zafira,Opel Zafira B Рестайлинг,https://auto.ru/cars/used/sale/opel/zafira/1133455525-e714bab6/,749000,Пермь,2012,,5,182000,3,Не требует ремонта,Оригинал,Family,"бензин, 1.8 MT (140 л.с.)",механическая,передний,Левый,Компактвэн,серый,https://avatars.avto.ru/get-autoru-vos/18557545/a0e3f31b31972dbb6af841975c170a56/1200x900,2026-09-22T05:52:20Z
Lada (ВАЗ),Granta,Lada (ВАЗ) Granta I Рестайлинг,https://auto.ru/cars/used/sale/vaz/granta/1133801381-1b139463/,599000,Пермь,2021,,5,140256,1,Не требует ремонта,Оригинал,,"бензин, 1.6 MT (90 л.с.)",механическая,передний,Левый,Лифтбек,серебристый,https://avatars.avto.ru/get-autoru-vos/5086608/a990fb55d238327fb6ba9c4ea61c21ce/1200x900,2026-09-22T05:52:20Z
Opel,Zafira,Opel Zafira C,https://auto.ru/cars/used/sale/opel/zafira/1133879032-2c2bcb33/,859000,Пермь,2013,,5,282720,4,Не требует ремонта,Оригинал,,"бензин, 1.8 MT (115 л.с.)",механическая,передний,Левый,Компактвэн,чёрный,https://avatars.avto.ru/get-autoru-vos/6076405/5dfba17dead60c0646faba5607e59887/1200x900,2026-09-22T05:52:20Z
Volkswagen,Golf,Volkswagen Golf VII,https://auto.ru/cars/used/sale/volkswagen/golf/1134127634-092364b1/,929000,Пермь,2013,,5,204125,1,Не требует ремонта,Оригинал,,"бензин, 1.2 MT (85 л.с.)",механическая,передний,Левый,Хэтчбек 5 дв.,чёрный,https://avatars.avto.ru/get-autoru-vos/2162504/6256c3913faf2fe387d5893669b3e380/1200x900,2026-09-22T05:52:20Z
Volkswagen,Caddy,Volkswagen Caddy III Рестайлинг,https://auto.ru/cars/used/sale/volkswagen/caddy/1133801471-d0f300dc/,699000,Пермь,2013,,2,240258,3,Не требует ремонта,Оригинал,,"бензин, 1.2 MT (86 л.с.)",механическая,передний,Левый,Фургон Kasten,белый,https://avatars.avto.ru/get-autoru-vos/20673651/2a2dd5befe55f60abf0baba30debe389/1200x900,2026-09-22T05:52:20Z
Lada (ВАЗ),Granta,Lada (ВАЗ) Granta I Рестайлинг,https://auto.ru/cars/used/sale/vaz/granta/1133801543-e1f8ff19/,999000,Пермь,2024,,5,6500,2,Не требует ремонта,Оригинал,,"бензин, 1.6 MT (90 л.с.)",механическая,передний,Левый,Лифтбек,чёрный,https://avatars.avto.ru/get-autoru-vos/6202576/07f72bf5dcaab975ff6ca5fa7562284c/1200x900,2026-09-22T05:52:20Z
BMW,3 серии,BMW 3 серии 318d VI (F3x) Рестайлинг,https://auto.ru/cars/used/sale/bmw/3er/1131571958-7062bc51/,2079000,Пермь,2017,,5,243600,3,Не требует ремонта,Оригинал,,"дизель, 318d 2.0d AT (150 л.с.)",автоматическая,задний,Левый,Универсал 5 дв.,серебристый,https://avatars.avto.ru/get-autoru-vos/20180167/de4a2aa4bb5e020754cf64b2b1f312e2/1200x900,2026-09-22T05:52:23Z
Toyota,Corolla,"Toyota Corolla AMT X (E140, E150)",https://auto.ru/cars/used/sale/toyota/corolla/1134126547-ee7d6d01/,849000,Пермь,2008,,5,351360,3,Не требует ремонта,Оригинал,,"бензин, AMT 1.6 AMT (124 л.с.)",робот,передний,Левый,Седан,голубой,https://avatars.avto.ru/get-autoru-vos/17640555/83374d3172e63e1e9fd07e9d1f9bbae6/1200x900,2026-09-22T05:52:23Z
Lada (ВАЗ),Granta,Lada (ВАЗ) Granta I Рестайлинг,https://auto.ru/cars/used/sale/vaz/granta/1134206696-baa30cea/,829000,Пермь,2023,,5,46302,1,Не требует ремонта,Оригинал,,"бензин, 1.6 MT (90 л.с.)",механическая,передний,Левый,Седан,белый,https://avatars.avto.ru/get-autoru-vos/20140694/0753f83009171d3be3807b559228afc8/1200x900,2026-09-22T05:52:23Z
Hyundai,Solaris,Hyundai Solaris I,https://auto.ru/cars/used/sale/hyundai/solaris/1133853518-3f77eb5c/,619000,Пермь,2014,,5,222222,4,Не требует ремонта,Оригинал,,"бензин, 1.6 MT (123 л.с.)",механическая,передний,Левый,Седан,фиолетовый,https://avatars.avto.ru/get-autoru-vos/4297133/1800a7046c317573ef529ffdd1f2ce8b/1200x900,2026-09-22T05:52:23Z
Opel,Corsa,Opel Corsa D,https://auto.ru/cars/used/sale/opel/corsa/1133338973-ca606d38/,379000,Пермь,2008,,5,176525,4,Не требует ремонта,Оригинал,Color Edition,"бензин, 1.2 AMT (80 л.с.)",робот,передний,Левый,Хэтчбек 5 дв.,синий,https://avatars.avto.ru/get-autoru-vos/17993102/37a01d601bedae8f15e0730596a23535/1200x900,2026-09-22T05:52:23Z
Lada (ВАЗ),Vesta,Lada (ВАЗ) Vesta I Рестайлинг (NG),https://auto.ru/cars/used/sale/vaz/vesta/1133801440-ef427220/,1499000,Пермь,2024,,5,7424,1,Не требует ремонта,Оригинал,,"бензин, 1.6 CVT (106 л.с.)",вариатор,передний,Левый,Седан,коричневый,https://avatars.avto.ru/get-autoru-vos/21020531/cba65ab675fbf31e5032df8356338346/1200x900,2026-09-22T05:52:23Z
Lada (ВАЗ),Granta,Lada (ВАЗ) Granta I Рестайлинг,https://auto.ru/cars/used/sale/vaz/granta/1133340777-f3f30ff0/,639000,Пермь,2020,,5,86000,1,Не требует ремонта,Оригинал,Luxe,"бензин, 1.6 MT (87 л.с.)",механическая,передний,Левый,Седан,серебристый,https://avatars.avto.ru/get-autoru-vos/20104625/573e7c43f39702498a9ab31d6268795e/1200x900,2026-09-22T05:52:23Z
Volkswagen,Golf,Volkswagen Golf VII,https://auto.ru/cars/used/sale/volkswagen/golf/1134093099-efaca21e/,1449000,Пермь,2013,,5,213265,4,Не требует ремонта,Оригинал,,"бензин, 1.4 AMT (122 л.с.)",робот,передний,Левый,Хэтчбек 5 дв.,серый,https://avatars.avto.ru/get-autoru-vos/19849727/aef4715be3677d5038a568d352add51c/1200x900,2026-09-22T05:52:23Z
Lada (ВАЗ),Granta,Lada (ВАЗ) Granta I Рестайлинг,https://auto.ru/cars/used/sale/vaz/granta/1133853519-b720432b/,749000,Пермь,2019,,5,36258,1,Не требует ремонта,Оригинал,,"бензин, 1.6 MT (87 л.с.)",механическая,передний,Левый,Лифтбек,синий,https://avatars.avto.ru/get-autoru-vos/20315033/f4c53695d663976ba7312189780190ff/1200x900,2026-09-22T05:52:23Z
Volkswagen,Polo,Volkswagen Polo V Рестайлинг,https://auto.ru/cars/used/sale/volkswagen/polo/1133476163-5a95fbcb/,1319000,Пермь,2017,,5,283540,4,Не требует ремонта,Оригинал,CONNECT,"бензин, 1.6 AT (110 л.с.)",автоматическая,передний,Левый,Седан,серый,https://avatars.avto.ru/get-autoru-vos/20104625/ed9ad6aa86967e15cce66e648e19f34c/1200x900,2026-09-22T05:52:23Z
Lada (ВАЗ),Granta,Lada (ВАЗ) Granta I Рестайлинг,https://auto.ru/cars/used/sale/vaz/granta/1134169253-08e69b8a/,749000,Пермь,2019,,5,43623,2,Не требует ремонта,Оригинал,,"бензин, 1.6 MT (87 л.с.)",механическая,передний,Левый,Седан,коричневый,https://avatars.avto.ru/get-autoru-vos/2181339/dcaeaa99d2e1d7d970eb36b86a3b085c/1200x900,2026-09-22T05:52:23Z
Volkswagen,Polo,Volkswagen Polo V,https://auto.ru/cars/used/sale/volkswagen/polo/1134026521-d0ff00d0/,769000,Пермь,2010,,5,155235,4,Не требует ремонта,Дубликат,,"бензин, 1.4 AMT (85 л.с.)",робот,передний,Левый,Хэтчбек 3 дв.,оранжевый,https://avatars.avto.ru/get-autoru-vos/17913096/f8acc6a64120cb6de52c68070fe09c16/1200x900,2026-09-22T05:52:23Z
Changan,UNI-V,Changan UNI-V I,https://auto.ru/cars/used/sale/changan/uni_v/1133001702-47c80c7c/,2229000,Пермь,2022,,5,55000,2,Не требует ремонта,Оригинал,Collar Speed,"бензин, 2.0 AT (226 л.с.)",автоматическая,передний,Левый,Лифтбек,серебристый,https://photo.auto.ru/photo/get-autoru-vos/20180167/-Wqp4HCHLEDL9-DsE4mcfR8ICt_IDGaDRS4kPMo6h1dlf4VRyAs7Bpx8456V6nfzsRex7vrKRGJmEL2jJAXsiiFRiYkkkyU-7IvM_rIDPBA4agf2W3RuR-GD3wG98rrkWmeqNoEVJLYJHKh822GQagjNL5yldFvKabda9OXrUhFxcw/1200x900,2026-09-22T05:52:23Z
Lada (ВАЗ),Granta,Lada (ВАЗ) Granta I Рестайлинг,https://auto.ru/cars/used/sale/vaz/granta/1133801402-6cc14715/,789000,Пермь,2019,,5,88412,2,Не требует ремонта,Оригинал,,"бензин, 1.6 MT (106 л.с.)",механическая,передний,Левый,Универсал 5 дв.,серебристый,https://photo.auto.ru/photo/get-autoru-vos/17757189/Jiee6e_F19vui6fDHyUsUa8B1A8V5OKis3LAXMCdJ-uUKxqQfTgnaSNUD329JpWkNLwfbm2gVLpmXA2OsAfu0cqBawrd93GGeXZyJevzC536ZqdiyPGE_KAZrplWJiQkJH83h0vkpudY_8wTn4hc91d2YRqy9slO8GYp9Ism0fRwEA/1200x900,2026-09-22T05:52:23Z
Lada (ВАЗ),Vesta,Lada (ВАЗ) Vesta I,https://auto.ru/cars/used/sale/vaz/vesta/1133149636-35d1d7cc/,1079000,Пермь,2020,,5,77623,2,Не требует ремонта,Оригинал,Comfort Light,"бензин, 1.6 CVT (113 л.с.)",вариатор,передний,Левый,Седан,серебристый,https://avatars.avto.ru/get-autoru-vos/20341802/9a68cc48a207343652a5f21e6092ec18/1200x900,2026-09-22T05:52:23Z
Skoda,Octavia,Skoda Octavia III (A7),https://auto.ru/cars/used/sale/skoda/octavia/1133801568-84f51d93/,769000,Пермь,2014,,5,261000,3,Не требует ремонта,Оригинал,,"бензин, 1.2 AMT (105 л.с.)",робот,передний,Левый,Лифтбек,серебристый,https://avatars.avto.ru/get-autoru-vos/18408326/954695d897b4cbf6e86b0a17f5016af1/1200x900,2026-09-22T05:52:23Z
Toyota,Corolla,"Toyota Corolla X (E140, E150)",https://auto.ru/cars/used/sale/toyota/corolla/1134022328-ec783a51/,849000,Пермь,2007,,5,275365,4,Не требует ремонта,Оригинал,,"бензин, 1.6 AT (124 л.с.)",автоматическая,передний,Левый,Седан,серебристый,https://avatars.avto.ru/get-autoru-vos/15404718/a0c13e71aab64fdaa74c3044fc799549/1200x900,2026-09-22T05:52:23Z
Lada (ВАЗ),Granta,Lada (ВАЗ) Granta I Рестайлинг,https://auto.ru/cars/used/sale/vaz/granta/1133801453-d2fd5888/,759000,Пермь,2021,,5,76785,2,Не требует ремонта,Оригинал,,"бензин, 1.6 MT (87 л.с.)",механическая,передний,Левый,Седан,синий,https://avatars.avto.ru/get-autoru-vos/4575350/9c2e147ac09250e2cc28d6e1caaf6ad0/1200x900,2026-09-22T05:52:23Z
Volkswagen,Polo,Volkswagen Polo V,https://auto.ru/cars/used/sale/volkswagen/polo/1134035290-f6cf1bdd/,759000,Пермь,2012,,5,242669,4,Не требует ремонта,Оригинал,,"бензин, 1.6 AT (105 л.с.)",автоматическая,передний,Левый,Седан,чёрный,https://avatars.avto.ru/get-autoru-vos/1723628/6611bff861ff47a1fa1ce4d734f86db6/1200x900,2026-09-22T05:52:23Z
Opel,Astra,Opel Astra H Рестайлинг,https://auto.ru/cars/used/sale/opel/astra/1133355849-6b35cc6d/,389000,Пермь,2008,,5,273415,4,Не требует ремонта,Оригинал,,"бензин, 1.6 AMT (115 л.с.)",робот,передний,Левый,Хэтчбек 5 дв.,красный,https://avatars.avto.ru/get-autoru-vos/20181844/c11d85d8a3127daaa85838573677703d/1200x900,2026-09-22T05:52:23Z
Volkswagen,Golf,Volkswagen Golf VI,https://auto.ru/cars/used/sale/volkswagen/golf/1134140736-ac918446/,899000,Пермь,2012,,5,199523,4,Не требует ремонта,Оригинал,,"бензин, 1.4 AMT (122 л.с.)",робот,передний,Левый,Хэтчбек 5 дв.,синий,https://avatars.avto.ru/get-autoru-vos/17993102/995350d7c5b491b12db4824a5aa32751/1200x900,2026-09-22T05:52:23Z
Lada (ВАЗ),Kalina,Lada (ВАЗ) Kalina II,https://auto.ru/cars/used/sale/vaz/kalina/1133801535-a09b65a1/,759000,Пермь,2018,,5,75800,2,Не требует ремонта,Оригинал,,"бензин, 1.6 MT (106 л.с.)",механическая,передний,Левый,Универсал 5 дв.,белый,https://avatars.avto.ru/get-autoru-vos/2101897/8689eccdad9fc60c80353840278fe118/1200x900,2026-09-22T05:52:23Z
Lada (ВАЗ),Granta,Lada (ВАЗ) Granta I Рестайлинг,https://auto.ru/cars/used/sale/vaz/granta/1133961081-30fb7a4e/,569000,Пермь,2019,,5,109100,2,Не требует ремонта,Оригинал,,"бензин, 1.6 MT (87 л.с.)",механическая,передний,Левый,Седан,синий,https://avatars.avto.ru/get-autoru-vos/4355738/e183ac8b678928cbe066860273ed9eff/1200x900,2026-09-22T05:52:23Z
Hyundai,Solaris,Hyundai Solaris I,https://auto.ru/cars/used/sale/hyundai/solaris/1133809604-303756ae/,579000,Пермь,2013,,5,318000,4,Не требует ремонта,Оригинал,,"бензин, 1.6 MT (123 л.с.)",механическая,передний,Левый,Седан,золотистый,https://photo.auto.ru/photo/get-autoru-vos/15611445/M6RbUh-oKNaa8ThYMedFqXJ0EfaRH4ZxULR_mi66tFtjbL9Zi6rwIvSXkjXpphyn-2H5Eeg3jWwcMlZbvVRJeVpT5qwL4H5fouqfOenNIKiKux8m5BpLOR9IMn4x13BvAW9Hgsh2XQPeO2K_cATibwQ76O0Poa5TOhGozZ08a__NGg/1200x900,2026-09-22T05:52:23Z
Lada (ВАЗ),Vesta,Lada (ВАЗ) Vesta I,https://auto.ru/cars/used/sale/vaz/vesta/1134082755-57d97100/,749000,Пермь,2016,,5,120258,2,Не требует ремонта,Оригинал,,"бензин, 1.6 AMT (106 л.с.)",робот,передний,Левый,Седан,чёрный,https://avatars.avto.ru/get-autoru-vos/21177414/23a87a162622ea14d03e6baa8f2225a1/1200x900,2026-09-22T05:52:23Z
Lada (ВАЗ),Vesta,Lada (ВАЗ) Vesta I Рестайлинг (NG),https://auto.ru/cars/used/sale/vaz/vesta/1133801572-09aaf8a4/,1599000,Пермь,2024,,5,27485,1,Не требует ремонта,Оригинал,,"бензин, 1.8 CVT (122 л.с.)",вариатор,передний,Левый,Седан,белый,https://avatars.avto.ru/get-autoru-vos/4809695/c8377f28777aca8f7b4e9822622da5b2/1200x900,2026-09-22T05:52:23Z
Volkswagen,Polo,Volkswagen Polo V,https://auto.ru/cars/used/sale/volkswagen/polo/1133801504-c7bbf97a/,759000,Пермь,2013,,5,227500,3,Не требует ремонта,Оригинал,,"бензин, 1.6 MT (105 л.с.)",механическая,передний,Левый,Седан,синий,https://photo.auto.ru/photo/get-autoru-vos/4304177/zGhzfQv8BQVxzEAO4NvSpXS62n9lME5-KivRX9B4BWi60b9UIy3NAtz0AQmXBzZB1wO01P1HkmNZqWEYnNkvG5rM8XHElBUqr-oLaE3W401cj5WTNn0I2FPO4Ta8sBD2XLySHU78g6-a1GrxKOAj-OHEvSZKt7sn3Kyxu09K7amh-g/1200x900,2026-09-22T05:52:23Z
Lada (ВАЗ),Granta,Lada (ВАЗ) Granta I Рестайлинг,https://auto.ru/cars/used/sale/vaz/granta/1134149707-4cca522b/,899000,Пермь,2022,,5,79526,1,Не требует ремонта,Оригинал,,"бензин, 1.6 MT (90 л.с.)",механическая,передний,Левый,Лифтбек,чёрный,https://photo.auto.ru/photo/get-autoru-vos/16467568/t887Z62Otqq0rRhci0ZB_10FCZcHAVwX3_uzWrkczFfGmoLJ0m7QW4SQEB7bKANqUtpziQ5CtopnIemIQDSUp-_PGXfkCZCi7U8V7_qzge9uw8VaXoNB4T36IyF4xTA7LJPnNzUKtfHJe2ndKZCi1vHgEcjjAAu0YAStFH_rscOqCw/1200x900,2026-09-22T05:52:23Z
Honda,CR-V,Honda CR-V V Рестайлинг,https://auto.ru/cars/used/sale/honda/cr_v/1133265407-1a5ec36f/,2799000,Сургут,2021,,5,49920,1,Не требует ремонта,Оригинал,Black,"бензин, 1.5 CVT (190 л.с.) 4WD",вариатор,полный,Левый,Внедорожник 5 дв.,белый,https://photo.auto.ru/photo/get-autoru-vos/20740510/ru5IfGClP_4-Oswgo_PTlyzKe564AUXUXa6tuPpDyoag6y-aOwcZlbu8S9d1S7Prqn6yG10U1en6awj56wwDUDMIgVlybxLi5t0KqgMco7C6ECoHzy6xw-bxazie2b5i2ArdXkfN8T3fSOQQlsgVf2Ay93WOOAAyHPnBRr9v3rCcWHg/1200x900,2026-09-22T05:52:26Z
Toyota,Land Cruiser,Toyota Land Cruiser 200 Series Рестайлинг 1,https://auto.ru/cars/used/sale/toyota/land_cruiser/1134118242-b2c5e877/,3069000,Сургут,2012,,7,253852,3,Не требует ремонта,Дубликат,,"бензин, 4.6 AT (309 л.с.) 4WD",автоматическая,полный,Левый,Внедорожник 5 дв.,серый,https://avatars.avto.ru/get-autoru-vos/21151957/e323e5674ca63ad6ad120ea99667172a/1200x900,2026-09-22T05:52:26Z
Toyota,Tundra,Toyota Tundra CrewMax II Рестайлинг,https://auto.ru/cars/used/sale/toyota/tundra/1132778080-b842fbe9/,6099000,Сургут,2021,,5,69200,1,Не требует ремонта,Оригинал,Platinum,"бензин, CrewMax 5.7 AT (381 л.с.) 4WD",автоматическая,полный,Левый,Пикап Двойная кабина CrewMax,чёрный,https://avatars.avto.ru/get-autoru-vos/2164317/b10cfd4d025986da91de25d1ccb48349/1200x900,2026-09-22T05:52:26Z
Toyota,RAV4,Toyota RAV4 IV (XA40),https://auto.ru/cars/used/sale/toyota/rav_4/1133825351-e5add171/,1529000,Сургут,2013,,5,115800,1,Не требует ремонта,Оригинал,,"бензин, 2.0 CVT (146 л.с.)",вариатор,передний,Левый,Внедорожник 5 дв.,серебристый,https://avatars.avto.ru/get-autoru-vos/15628906/2967584dccae409cabdc590a2bd3a0a8/1200x900,2026-09-22T05:52:26Z
Mazda,CX-5,Mazda CX-5 I Рестайлинг,https://auto.ru/cars/used/sale/mazda/cx_5/1133934916-c161eca4/,1799000,Сургут,2016,,5,144700,1,Не требует ремонта,Оригинал,,"бензин, 2.5 AT (184 л.с.) 4WD",автоматическая,полный,Левый,Внедорожник 5 дв.,белый,https://avatars.avto.ru/get-autoru-vos/2159177/3d97ae40d25b2c02748604b8d2e87113/1200x900,2026-09-22T05:52:26Z
Mazda,6,Mazda 6 III (GJ) Рестайлинг,https://auto.ru/cars/used/sale/mazda/6/1134030314-fab9cf64/,1399000,Сургут,2016,,5,207000,2,Не требует ремонта,Оригинал,,"бензин, 2.0 AT (150 л.с.)",автоматическая,передний,Левый,Седан,чёрный,https://avatars.avto.ru/get-autoru-vos/2162948/a992545f7912325c8c2ab7aa95b3d7ca/1200x900,2026-09-22T05:52:26Z
Nissan,Qashqai,Nissan Qashqai II,https://auto.ru/cars/used/sale/nissan/qashqai/1133826236-5c11fc59/,1569000,Сургут,2016,,5,90100,1,Не требует ремонта,Оригинал,,"бензин, 2.0 CVT (144 л.с.) 4WD",вариатор,полный,Левый,Внедорожник 5 дв.,синий,https://avatars.avto.ru/get-autoru-vos/5086608/1d2c31cf457e82ff8c92ce30a05b877d/1200x900,2026-09-22T05:52:26Z
Nissan,Dayz Roox,Nissan Dayz Roox I,https://auto.ru/cars/used/sale/nissan/dayz_roox/1130253068-a2a8c022/,499000,Сургут,2014,,4,205000,4,Не требует ремонта,Оригинал,,"бензин, 0.7 CVT (49 л.с.)",вариатор,передний,Правый,Хэтчбек 5 дв.,чёрный,https://avatars.avto.ru/get-autoru-vos/2142482/06f1ae20568624af2237813ee46a5228/1200x900,2026-09-22T05:52:26Z
Kia,Optima,Kia Optima IV,https://auto.ru/cars/used/sale/kia/optima/1134216795-d8483840/,1209000,Сургут,2017,,5,237000,2,Не требует ремонта,Оригинал,,"бензин, 2.0 AT (150 л.с.)",автоматическая,передний,Левый,Седан,белый,https://avatars.avto.ru/get-autoru-vos/20134224/8a496b2ce61328895bbeeaf88642b7ad/1200x900,2026-09-22T05:52:26Z
Changan,UNI-S,Changan UNI-S I,https://auto.ru/cars/used/sale/changan/uni_s/1134127209-0eba3569/,2279000,Сургут,2024,,5,13000,1,Не требует ремонта,Оригинал,,"бензин, 1.5 AMT (181 л.с.)",робот,передний,Левый,Внедорожник 5 дв.,белый,https://photo.auto.ru/photo/get-autoru-vos/21167286/qzf8zgv9sv9BPMHadULBaisvMK9Zpq-e0iBMB2PuB-BP4WFZTOnxjR2VMQHYFY_DpbdkgW3m0JVGq-sQHGDzJyxYPftZEjM0_2ErLoMbx9M3-rCyWQcW7wvBkEHxNOfb848bkM_-cHMbSrwwaifro9a0vV4FQETnQGkyVKVvOiCoQRA/1200x900,2026-09-22T05:52:26Z
Hyundai,Santa Fe,Hyundai Santa Fe I,https://auto.ru/cars/used/sale/hyundai/santa_fe/1133653040-6bc03c7f/,359000,Сургут,2004,,5,222600,4,Не требует ремонта,Дубликат,,"бензин, 2.7 AT (173 л.с.) 4WD",автоматическая,полный,Левый,Внедорожник 5 дв.,чёрный,https://avatars.avto.ru/get-autoru-vos/20363536/19441c817ff2a224260c1f167cdd9e5e/1200x900,2026-09-22T05:52:26Z
Mazda,6,Mazda 6 III (GJ),https://auto.ru/cars/used/sale/mazda/6/1133580035-9be760f4/,979000,Сургут,2013,,5,298000,4,Не требует ремонта,Дубликат,Active,"бензин, 2.0 AT (150 л.с.)",автоматическая,передний,Левый,Седан,серебристый,https://avatars.avto.ru/get-autoru-vos/21151957/8db688b0bb3117d352bb997df54c584b/1200x900,2026-09-22T05:52:26Z
Solaris,KRX,Solaris KRX,https://auto.ru/cars/used/sale/solaris/krx/1133964499-2430f30f/,2229000,Сургут,2025,,5,20641,1,Не требует ремонта,Оригинал,,"бензин, 1.6 AT (123 л.с.)",автоматическая,передний,Левый,Хэтчбек 5 дв.,чёрный,https://avatars.avto.ru/get-autoru-vos/2080053/a8383bc87b89b61f0954ae5958294c69/1200x900,2026-09-22T05:52:26Z
Kia,Rio,Kia Rio III Рестайлинг,https://auto.ru/cars/used/sale/kia/rio/1133977454-098be58f/,959000,Сургут,2017,,5,151000,2,Не требует ремонта,Оригинал,,"бензин, 1.6 AT (123 л.с.)",автоматическая,передний,Левый,Седан,серый,https://avatars.avto.ru/get-autoru-vos/15587868/7ee978b5b5d61bf35902e374aec1dbd0/1200x900,2026-09-22T05:52:26Z
Toyota,Vellfire,Toyota Vellfire I,https://auto.ru/cars/used/sale/toyota/vellfire/1133091144-8a3a227a/,2459000,Сургут,2012,,6,263113,1,Не требует ремонта,Оригинал,,"гибрид, 2.4hyb CVT (150 л.с.) 4WD",вариатор,полный,Правый,Минивэн,фиолетовый,https://avatars.avto.ru/get-autoru-vos/20390804/c824264ca90fa307e2e72d2845e38750/1200x900,2026-09-22T05:52:26Z
Infiniti,Q50,Infiniti Q50 I Рестайлинг,https://auto.ru/cars/used/sale/infiniti/q50/1133254560-7302e178/,3249000,Сургут,2019,,5,79500,2,Не требует ремонта,Оригинал,SPORT,"бензин, 2.0 AT (211 л.с.)",автоматическая,задний,Левый,Седан,чёрный,https://avatars.avto.ru/get-autoru-vos/20193191/35856e9f8382282f3333de74015473ef/1200x900,2026-09-22T05:52:26Z
Datsun,on-DO,Datsun on-DO I,https://auto.ru/cars/used/sale/datsun/on_do/1133528687-1c1e01eb/,349000,Сургут,2017,,5,137000,1,Не требует ремонта,Оригинал,Dream III,"бензин, 1.6 MT (87 л.с.)",механическая,передний,Левый,Седан,коричневый,https://avatars.avto.ru/get-autoru-vos/6051311/9a3fc98b220bc0f1fb3e85e8166c42d1/1200x900,2026-09-22T05:52:26Z
Nissan,Juke,Nissan Juke I Рестайлинг,https://auto.ru/cars/used/sale/nissan/juke/1133367077-bae0d86a/,1249000,Сургут,2015,,5,101000,2,Не требует ремонта,Оригинал,SE+ '18,"бензин, 1.6 CVT (117 л.с.)",вариатор,передний,Левый,Внедорожник 5 дв.,жёлтый,https://avatars.avto.ru/get-autoru-vos/15268379/ac962dfad39e234dc3c10d7c2f7db995/1200x900,2026-09-22T05:52:26Z
Ford,Focus,Ford Focus II Рестайлинг,https://auto.ru/cars/used/sale/ford/focus/1133580038-c3615e14/,539000,Сургут,2008,,5,289000,4,Не требует ремонта,Дубликат,Comfort,"бензин, 1.8 MT (125 л.с.)",механическая,передний,Левый,Седан,красный,https://avatars.avto.ru/get-autoru-vos/21221080/07e0e73b6ec0297cb104ff14d72d7436/1200x900,2026-09-22T05:52:26Z
Hyundai,Solaris,Hyundai Solaris II,https://auto.ru/cars/used/sale/hyundai/solaris/1134140609-79baa388/,1069000,Сургут,2019,,5,68523,4,Не требует ремонта,Оригинал,,"бензин, 1.4 AT (100 л.с.)",автоматическая,передний,Левый,Седан,белый,https://photo.auto.ru/photo/get-autoru-vos/20785675/YnGuCeTD7HoYuhx3SkpGQ7TSQ6b6cTObruho_ont4xVUdYintZoHoXtxEsOyoZTwRPI9Y0eWC2KfijkHBiqYZgL5m5pE8SCEaGFNZPWvKPh8OHCrnPEiivSXEeSX7t9kvMs632UH-9mmbE7HQL8nGHK-l6kpGW12sb15tynHH3TdCao/1200x900,2026-09-22T05:52:26Z
SWM,G01,SWM G01,https://auto.ru/cars/used/sale/swm/g01/1134210336-1422d608/,2189000,Сургут,2023,,5,13000,1,Не требует ремонта,Дубликат,,"бензин, 1.5 AMT (139 л.с.)",робот,передний,Левый,Внедорожник 5 дв.,чёрный,https://avatars.avto.ru/get-autoru-vos/20022717/99ed60ea3899bab3da7ae5b9ece39825/1200x900,2026-09-22T05:52:26Z
Lada (ВАЗ),2121 (4x4),Lada (ВАЗ) 2121 (4x4) I Рестайлинг,https://auto.ru/cars/used/sale/vaz/2121/1133083959-a81b84df/,419000,Сургут,2017,,4,109000,4,Не требует ремонта,Оригинал,Black Edition,"бензин, 1.7 MT (83 л.с.) 4WD",механическая,полный,Левый,Внедорожник 3 дв.,зелёный,https://avatars.avto.ru/get-autoru-vos/17711405/7024ce680f75c9cce3811e57d196af18/1200x900,2026-09-22T05:52:26Z
Exeed,VX,Exeed VX I,https://auto.ru/cars/used/sale/exeed/vx/1134185748-ab465451/,2249000,Сургут,2022,,7,204236,4,Не требует ремонта,Оригинал,,"бензин, 2.0 AMT (249 л.с.) 4WD",робот,полный,Левый,Внедорожник 5 дв.,чёрный,https://avatars.avto.ru/get-autoru-vos/18536126/b13f05daa0215d4a7e085617d066bc00/1200x900,2026-09-22T05:52:26Z
Chery,Tiggo 7,Chery Tiggo 7 I,https://auto.ru/cars/used/sale/chery/tiggo_7/1134185746-a5279ff5/,1309000,Сургут,2019,,5,87000,2,Не требует ремонта,Оригинал,,"бензин, 2.0 CVT (122 л.с.)",вариатор,передний,Левый,Внедорожник 5 дв.,серебристый,https://avatars.avto.ru/get-autoru-vos/15587868/ba1eb5ec2596c268766240dc934e3391/1200x900,2026-09-22T05:52:26Z
Toyota,Wish,Toyota Wish II,https://auto.ru/cars/used/sale/toyota/wish/1134204159-533f75f1/,1409000,Сургут,2011,,6,116400,1,Не требует ремонта,Оригинал,,"бензин, 1.8 CVT (144 л.с.)",вариатор,передний,Правый,Минивэн,красный,https://avatars.avto.ru/get-autoru-vos/17750173/e8306419ac60b009c0f6a0ccb78f4a8b/1200x900,2026-09-22T05:52:26Z
Toyota,RAV4,Toyota RAV4 IV (XA40),https://auto.ru/cars/used/sale/toyota/rav_4/1132815949-36dc2a28/,2329000,Сургут,2014,,5,70049,1,Не требует ремонта,Оригинал,Комфорт Плюс,"бензин, 2.0 CVT (146 л.с.) 4WD",вариатор,полный,Левый,Внедорожник 5 дв.,белый,https://avatars.avto.ru/get-autoru-vos/17707957/bbdb0f67f8cd6ababba97b49f1a30932/1200x900,2026-09-22T05:52:26Z
Honda,Freed,Honda Freed I Рестайлинг,https://auto.ru/cars/used/sale/honda/freed/1134066017-52a35a43/,1159000,Сургут,2012,,6,158338,1,Не требует ремонта,Оригинал,,"бензин, 1.5 CVT (118 л.с.)",вариатор,передний,Правый,Компактвэн,синий,https://avatars.avto.ru/get-autoru-vos/2074421/a35c92e9e5708890540258778b2545f1/1200x900,2026-09-22T05:52:26Z
Suzuki,Grand Vitara,Suzuki Grand Vitara II Рестайлинг,https://auto.ru/cars/used/sale/suzuki/grand_vitara/1134210337-279be5b1/,1209000,Сургут,2011,,5,170000,2,Не требует ремонта,Оригинал,,"бензин, 2.0 AT (140 л.с.) 4WD",автоматическая,полный,Левый,Внедорожник 5 дв.,синий,https://avatars.avto.ru/get-autoru-vos/17668497/7e419b7dcc3a9b3a48aec84e04148747/1200x900,2026-09-22T05:52:26Z
Nissan,Terrano,Nissan Terrano III (D10),https://auto.ru/cars/used/sale/nissan/terrano/1133484876-72fe88ec/,1399000,Сургут,2019,,5,122123,1,Не требует ремонта,Оригинал,Elegance,"бензин, 2.0 AT (143 л.с.) 4WD",автоматическая,полный,Левый,Внедорожник 5 дв.,серый,https://avatars.avto.ru/get-autoru-vos/20894132/7161fed3d5eab28e2ad4ccc487336d68/1200x900,2026-09-22T05:52:26Z
Cadillac,SRX,Cadillac SRX II,https://auto.ru/cars/used/sale/cadillac/srx/1133774254-ecb1bb0e/,1099000,Сургут,2010,,5,231000,4,Не требует ремонта,Дубликат,,"бензин, 3.0 AT (265 л.с.) 4WD",автоматическая,полный,Левый,Внедорожник 5 дв.,белый,https://avatars.avto.ru/get-autoru-vos/17435526/876fd41b90699de90c7bfdca1138e067/1200x900,2026-09-22T05:52:26Z
Honda,Accord,Honda Accord VIII,https://auto.ru/cars/used/sale/honda/accord/1130709635-6a50b260/,1119000,Сургут,2010,,4,216000,3,Не требует ремонта,Оригинал,,"бензин, 2.4 AT (190 л.с.)",автоматическая,передний,Левый,Купе,серый,https://avatars.avto.ru/get-autoru-vos/20390804/78303d8c26f6ecb49636864b41b1ba32/1200x900,2026-09-22T05:52:26Z
Hyundai,Tucson,Hyundai Tucson I,https://auto.ru/cars/used/sale/hyundai/tucson/1133369362-79eeb8c7/,619000,Сургут,2007,,5,279411,4,Не требует ремонта,Дубликат,,"бензин, 2.0 AT (141 л.с.) 4WD",автоматическая,полный,Левый,Внедорожник 5 дв.,зелёный,https://avatars.avto.ru/get-autoru-vos/21074985/6785d56f5fed4bad9244bbbf31645ba8/1200x900,2026-09-22T05:52:26Z
BMW,X6,BMW X6 30d I (E71) Рестайлинг,https://auto.ru/cars/used/sale/bmw/x6/1132329653-48d788ff/,1999000,Сургут,2013,,4,340000,4,Не требует ремонта,Дубликат,xDrive30d,"дизель, 30d 3.0d AT (245 л.с.) 4WD",автоматическая,полный,Левый,Внедорожник 5 дв.,белый,https://avatars.avto.ru/get-autoru-vos/2171035/0bf35ce04193d1f6da8a0f761b3ad0ae/1200x900,2026-09-22T05:52:26Z
Chery,Tiggo 7 Pro Max,Chery Tiggo 7 Pro Max I,https://auto.ru/cars/used/sale/chery/tiggo_7_pro_max/1133401467-8f4f072f/,1999000,Сургут,2023,,5,98000,1,Не требует ремонта,Оригинал,Prestige,"бензин, 1.6 AMT (150 л.с.) 4WD",робот,полный,Левый,Внедорожник 5 дв.,белый,https://avatars.avto.ru/get-autoru-vos/20543926/bf5c79d75cd0d9db65ab708a9550f95c/1200x900,2026-09-22T05:52:26Z
Hyundai,Trajet,Hyundai Trajet I Рестайлинг,https://auto.ru/cars/used/sale/hyundai/trajet/1133302867-dfb2e065/,729000,Сургут,2005,,5,220462,4,Не требует ремонта,Дубликат,,"бензин, 2.0 AT (140 л.с.)",автоматическая,передний,Левый,Компактвэн,серебристый,https://avatars.avto.ru/get-autoru-vos/20016218/1ce854e5aaaa8e102f152e8450655d3e/1200x900,2026-09-22T05:52:26Z
Ford,Explorer,Ford Explorer V Рестайлинг,https://auto.ru/cars/used/sale/ford/explorer/1134185749-5b32ba3b/,2879000,Сургут,2017,,7,173000,4,Не требует ремонта,Дубликат,,"бензин, 3.5 AT (345 л.с.) 4WD",автоматическая,полный,Левый,Внедорожник 5 дв.,белый,https://avatars.avto.ru/get-autoru-vos/20390804/aec39fdb2c5e079ee35bd027fa8fcea6/1200x900,2026-09-22T05:52:26Z
Chevrolet,Volt,Chevrolet Volt II,https://auto.ru/cars/used/sale/chevrolet/volt/1133952029-0b18ba41/,1859000,Сургут,2018,,5,185120,1,Не требует ремонта,Оригинал,,"гибрид, 1.5hyb CVT (150 л.с.)",вариатор,передний,Левый,Хэтчбек 5 дв.,чёрный,https://avatars.avto.ru/get-autoru-vos/17755365/443667ebe985571e29bd3d4a67431f78/1200x900,2026-09-22T05:52:26Z
Peugeot,3008,Peugeot 3008 I,https://auto.ru/cars/used/sale/peugeot/3008/1133502798-949d55b4/,779000,Сургут,2011,,5,179000,4,Не требует ремонта,Оригинал,,"бензин, 1.6 AT (150 л.с.)",автоматическая,передний,Левый,Внедорожник 5 дв.,белый,https://avatars.avto.ru/get-autoru-vos/15587868/4a3a8dd66dcc320362c2201be3f6e225/1200x900,2026-09-22T05:52:29Z
Nissan,Juke,Nissan Juke I,https://auto.ru/cars/used/sale/nissan/juke/1133964496-74c794cf/,849000,Сургут,2012,,5,130000,4,Не требует ремонта,Дубликат,,"бензин, 1.6 CVT (117 л.с.)",вариатор,передний,Левый,Внедорожник 5 дв.,серебристый,https://avatars.avto.ru/get-autoru-vos/4544727/e10e9b913b262ce6a24eeb1f99f597f6/1200x900,2026-09-22T05:52:29Z
Kia,Carnival,Kia Carnival III,https://auto.ru/cars/used/sale/kia/carnival/1133580037-6339ad1f/,2689000,Сургут,2019,,8,192000,1,Не требует ремонта,Оригинал,,"дизель, 2.2d AT (202 л.с.)",автоматическая,передний,Левый,Минивэн,белый,https://avatars.avto.ru/get-autoru-vos/20055049/c003ecc56d4fff950399f1dbad282dff/1200x900,2026-09-22T05:52:29Z
Lexus,RX,Lexus RX 350 IV,https://auto.ru/cars/used/sale/lexus/rx/1132906394-b71581cb/,5039000,Сургут,2018,,5,92394,1,Не требует ремонта,Оригинал,BLACK ROYAL,"бензин, 350 3.5 AT (300 л.с.) 4WD",автоматическая,полный,Левый,Внедорожник 5 дв.,белый,https://avatars.avto.ru/get-autoru-vos/15580208/c825efaf3bf75c744daf15496c9ca2cd/1200x900,2026-09-22T05:52:29Z
Subaru,Justy,Subaru Justy V,https://auto.ru/cars/used/sale/subaru/justy/1129634404-f8432774/,999000,Сургут,2018,,5,68100,1,Не требует ремонта,Оригинал,,"бензин, 1.0 CVT (69 л.с.)",вариатор,передний,Правый,Микровэн,синий,https://photo.auto.ru/photo/get-autoru-vos/19063053/t3ycJ474ZduW9yJChCN1ybxsO-oT0G9GbJu5h0-nlx1A1wpfcSOqjmh7OdKiyH7wNwEBy6SxNaTgNO26Er_SbwczRgqe0THzwWUtuXK7pBC4zPJUBTrP1jkBQC_xVipLD6l788dWojyXxfdSTXiNSRnTtiUc8GUh-4U29KBQ2p6mvC0/1200x900,2026-09-22T05:52:29Z
Chery,Tiggo 7 Pro,Chery Tiggo 7 Pro I,https://auto.ru/cars/used/sale/chery/tiggo_7_pro/1133368530-07749803/,1749000,Сургут,2021,,5,130000,1,Не требует ремонта,Оригинал,Luxury,"бензин, 1.5 CVT (147 л.с.)",вариатор,передний,Левый,Внедорожник 5 дв.,чёрный,https://avatars.avto.ru/get-autoru-vos/20656151/25437341048e2d66f8dfada48f778d9f/1200x900,2026-09-22T05:52:29Z
Honda,Stepwgn,Honda Stepwgn V,https://auto.ru/cars/used/sale/honda/stepwagon/1134058659-e609cccb/,2099000,Сургут,2016,,7,92814,2,Не требует ремонта,Оригинал,,"бензин, 1.5 CVT (150 л.с.)",вариатор,передний,Правый,Минивэн,чёрный,https://avatars.avto.ru/get-autoru-vos/20033387/afab8c9597832b3a9fc1cd883ab58b42/1200x900,2026-09-22T05:52:29Z
Peugeot,3008,Peugeot 3008 I,https://auto.ru/cars/used/sale/peugeot/3008/1134022570-5329891b/,629000,Сургут,2012,,5,186000,4,Не требует ремонта,Дубликат,,"бензин, 1.6 AT (150 л.с.)",автоматическая,передний,Левый,Внедорожник 5 дв.,чёрный,https://avatars.avto.ru/get-autoru-vos/1976162/63a0d55a145fdb1bd5127740cd1501ae/1200x900,2026-09-22T05:52:29Z
Kia,K7,Kia K7 YG (II),https://auto.ru/cars/used/sale/kia/k7/1134038505-1e1ed931/,2099000,Сургут,2016,,5,190000,1,Не требует ремонта,Оригинал,,"бензин, 2.4 AT (190 л.с.)",автоматическая,передний,Левый,Седан,чёрный,https://photo.auto.ru/photo/get-autoru-vos/15073297/wKCbrvZPzSkJYor40ymMJU1JXrv499MdodbUcmJGxsqAI1x23HnE0tZHDctDkAM8zJgJLgKRM4yaQm1h1YLRy93Psdw6epSA-innSQz0Qa7l-eYrDR-xrrQGLm97Balr4RiTTMeO66Sl5F0vhGFgFs4zQhawNxKqsuQBQ3hIIsUsdSE/1200x900,2026-09-22T05:52:29Z
Renault,Fluence,Renault Fluence I,https://auto.ru/cars/used/sale/renault/fluence/1134109212-a4314a37/,649000,Сургут,2012,,5,145000,4,Не требует ремонта,Дубликат,,"бензин, 2.0 CVT (138 л.с.)",вариатор,передний,Левый,Седан,белый,https://avatars.avto.ru/get-autoru-vos/4581701/69bd38bc037a881f6c1ad524c0cbe05d/1200x900,2026-09-22T05:52:29Z
Volkswagen,Touareg,Volkswagen Touareg II,https://auto.ru/cars/used/sale/volkswagen/touareg/1134185747-30d3d6dd/,2199000,Сургут,2012,,5,151900,2,Не требует ремонта,Оригинал,,"бензин, 4.2 AT (360 л.с.) 4WD",автоматическая,полный,Левый,Внедорожник 5 дв.,серебристый,https://avatars.avto.ru/get-autoru-vos/20265681/5e436b3ac1e4ec17888eb81f288d4df4/1200x900,2026-09-22T05:52:29Z
Toyota,Land Cruiser Prado,Toyota Land Cruiser Prado 120 Series,https://auto.ru/cars/used/sale/toyota/land_cruiser_prado/1133993163-07821b76/,1749000,Сургут,2006,,5,222000,4,Не требует ремонта,Дубликат,,"бензин, 2.7 AT (163 л.с.) 4WD",автоматическая,полный,Левый,Внедорожник 5 дв.,жёлтый,https://avatars.avto.ru/get-autoru-vos/2174525/681f34cfaede40310a71dad390f8232e/1200x900,2026-09-22T05:52:29Z
Lexus,RX,Lexus RX 300 I,https://auto.ru/cars/used/sale/lexus/rx/1134067278-ca258780/,989000,Сургут,2001,,5,260000,4,Не требует ремонта,Дубликат,,"бензин, 300 3.0 AT (223 л.с.) 4WD",автоматическая,полный,Левый,Внедорожник 5 дв.,белый,https://avatars.avto.ru/get-autoru-vos/15580208/ef6be36f29587a49be714fb38fa10616/1200x900,2026-09-22T05:52:29Z
Volvo,XC90,Volvo XC90 5 Geartronic I Рестайлинг,https://auto.ru/cars/used/sale/volvo/xc90/1133074552-c99e922d/,1599000,Сургут,2007,,5,189000,4,Не требует ремонта,Дубликат,R-Design (5 мест),"бензин, 5 Geartronic 2.5 AT (210 л.с.) 4WD",автоматическая,полный,Левый,Внедорожник 5 дв.,чёрный,https://avatars.avto.ru/get-autoru-vos/2165557/38b13330b1a6cbc20ba4cd1209b7d442/1200x900,2026-09-22T05:52:29Z
Nissan,Serena,Nissan Serena V (C27),https://auto.ru/cars/used/sale/nissan/serena/1134145929-0a64e167/,2129000,Сургут,2018,,8,150500,2,Не требует ремонта,Оригинал,,"гибрид, 1.2hyb AT (136 л.с.)",автоматическая,передний,Правый,Минивэн,белый,https://avatars.avto.ru/get-autoru-vos/17714294/48a13f05444fc4f88cff3556bd7ee830/1200x900,2026-09-22T05:52:29Z
Chevrolet,Niva,Chevrolet Niva I Рестайлинг,https://auto.ru/cars/used/sale/chevrolet/niva/1133801015-78ee225c/,609000,Сургут,2016,,5,73000,1,Не требует ремонта,Оригинал,,"бензин, 1.7 MT (80 л.с.) 4WD",механическая,полный,Левый,Внедорожник 5 дв.,серебристый,https://avatars.avto.ru/get-autoru-vos/2186896/68be40300d3fb7bd6b820e5c1fec2653/1200x900,2026-09-22T05:52:29Z
Kia,Sportage,Kia Sportage III,https://auto.ru/cars/used/sale/kia/sportage/1133634444-45417f93/,1749000,Сургут,2010,,5,49290,2,Не требует ремонта,Оригинал,Luxe,"бензин, 2.0 AT (150 л.с.) 4WD",автоматическая,полный,Левый,Внедорожник 5 дв.,серебристый,https://avatars.avto.ru/get-autoru-vos/20656151/bdc9c6089916b7085f2ad72fdc5ea238/1200x900,2026-09-22T05:52:29Z
Mitsubishi,Outlander,Mitsubishi Outlander III Рестайлинг 3,https://auto.ru/cars/used/sale/mitsubishi/outlander/1133993164-dd06586b/,2229000,Сургут,2019,,5,195900,1,Не требует ремонта,Оригинал,,"бензин, 2.4 CVT (167 л.с.)",вариатор,передний,Левый,Внедорожник 5 дв.,серебристый,https://avatars.avto.ru/get-autoru-vos/21068092/7a820bccf1de4647f396a9551d41c371/1200x900,2026-09-22T05:52:29Z
Toyota,Highlander,Toyota Highlander II (XU40) Рестайлинг,https://auto.ru/cars/used/sale/toyota/highlander/1131927094-74565f95/,1599000,Сургут,2011,,7,326998,4,Не требует ремонта,Оригинал,,"бензин, 3.5 AT (273 л.с.)",автоматическая,передний,Левый,Внедорожник 5 дв.,серебристый,https://avatars.avto.ru/get-autoru-vos/15580208/086dda449f51add9b1c06576d0298711/1200x900,2026-09-22T05:52:29Z
Kia,Soul,Kia Soul III,https://auto.ru/cars/used/sale/kia/soul/1133401457-e3bf15a1/,2059000,Сургут,2020,,5,135462,2,Не требует ремонта,Оригинал,Prestige+,"бензин, 2.0 AT (150 л.с.)",автоматическая,передний,Левый,Хэтчбек 5 дв.,синий,https://avatars.avto.ru/get-autoru-vos/18557545/a78b28c23221147b228f9c557d3f8599/1200x900,2026-09-22T05:52:29Z
Lexus,RX,Lexus RX 350 II Рестайлинг,https://auto.ru/cars/used/sale/lexus/rx/1133302866-b9b01ffe/,1279000,Сургут,2007,,5,260000,4,Не требует ремонта,Дубликат,Comfort,"бензин, 350 3.5 AT (276 л.с.) 4WD",автоматическая,полный,Левый,Внедорожник 5 дв.,серый,https://avatars.avto.ru/get-autoru-vos/20680164/66592b13f5088f39bf421b18b015c3c4/1200x900,2026-09-22T05:52:29Z
Volkswagen,Touareg,Volkswagen Touareg I Рестайлинг,https://auto.ru/cars/used/sale/volkswagen/touareg/1134038501-e9877bfd/,1549000,Сургут,2010,,5,291122,2,Не требует ремонта,Оригинал,,"дизель, 3.0d AT (240 л.с.) 4WD",автоматическая,полный,Левый,Внедорожник 5 дв.,чёрный,https://photo.auto.ru/photo/get-autoru-vos/17637180/ow3vOzKNQngGXZ4xgFz2E8j_YVB-6jicdnpAM9QXP-iq4U8BOJtBn3-KN0Vsa1XN9HburfuDwB3pb0vEA1Knmgc0r1ypaSwDrcoGPD12idJ1Q7H4TDpOedgsraDONckU07bZPg3waoetUk6_nhNba2wpQP8cR0uQ5DFVe1bD97uQyNQ/1200x900,2026-09-22T05:52:29Z
Hyundai,Santa Fe,Hyundai Santa Fe III,https://auto.ru/cars/used/sale/hyundai/santa_fe/1134008789-c7989f28/,1449000,Сургут,2013,,5,228000,3,Не требует ремонта,Оригинал,,"бензин, 2.4 MT (175 л.с.)",механическая,передний,Левый,Внедорожник 5 дв.,серебристый,https://avatars.avto.ru/get-autoru-vos/18049305/ca62501e5d80991d9c4de27e29ef8ef6/1200x900,2026-09-22T05:52:29Z
Chery,Tiggo 4,Chery Tiggo 4 I Рестайлинг,https://auto.ru/cars/used/sale/chery/tiggo_4/1134154494-6776ae57/,1079000,Сургут,2020,,5,161236,3,Не требует ремонта,Оригинал,,"бензин, 2.0 CVT (122 л.с.)",вариатор,передний,Левый,Внедорожник 5 дв.,белый,https://avatars.avto.ru/get-autoru-vos/17637180/4eef79e668d3119d908e7ef7a2ba4ade/1200x900,2026-09-22T05:52:29Z
Ford,Kuga,Ford Kuga II,https://auto.ru/cars/used/sale/ford/kuga/1133656103-f567e298/,1009000,Сургут,2013,,5,184000,4,Не требует ремонта,Дубликат,,"бензин, 1.6 AT (150 л.с.) 4WD",автоматическая,полный,Левый,Внедорожник 5 дв.,чёрный,https://photo.auto.ru/photo/get-autoru-vos/20335149/2xK1yeV6nYDF4GOcLianLWsYc9Pth29-mByKEBIuiWRHdtp8bkkZdN9SguHBPoai6Wn97rPK5t5CnaWy4vj2en8QJtMLgwVAFTsJpTFPsSejiC8pgcBk4p9YsXQk-6_c8Z-66p9YQ5BnsNIqjo-vwrZ0glYJxXm6wnNFzbmXhjmEfvY/1200x900,2026-09-22T05:52:29Z
Kia,Sportage,Kia Sportage III,https://auto.ru/cars/used/sale/kia/sportage/1134230526-73838b93/,1699000,Сургут,2013,,5,174400,3,Не требует ремонта,Дубликат,,"бензин, 2.0 AT (150 л.с.)",автоматическая,передний,Левый,Внедорожник 5 дв.,белый,https://avatars.avto.ru/get-autoru-vos/21074985/1b37beea5dda242a756a8a7937b07fce/1200x900,2026-09-22T05:52:29Z
Honda,Freed,Honda Freed I Рестайлинг 2,https://auto.ru/cars/used/sale/honda/freed/1133151422-73eed4a1/,1179000,Сургут,2015,,6,177283,2,Не требует ремонта,Оригинал,,"бензин, 1.5 CVT (118 л.с.)",вариатор,передний,Правый,Компактвэн,синий,https://avatars.avto.ru/get-autoru-vos/20180167/7f0083ff4d23c87dc3dccfb6f1703fa0/1200x900,2026-09-22T05:52:29Z
Hyundai,Sonata,Hyundai Sonata VII (LF) Рестайлинг,https://auto.ru/cars/used/sale/hyundai/sonata/1130900270-839d38ce/,1949000,Сургут,2017,,5,81895,1,Не требует ремонта,Оригинал,Business,"бензин, 2.4 AT (188 л.с.)",автоматическая,передний,Левый,Седан,серебристый,https://avatars.avto.ru/get-autoru-vos/2162948/af6312e311deb07693684deb6957578c/1200x900,2026-09-22T05:52:29Z
Nissan,X-Trail,Nissan X-Trail II,https://auto.ru/cars/used/sale/nissan/x_trail/1134021686-8b1ec1bc/,1449000,Сургут,2011,,5,155006,3,Не требует ремонта,Оригинал,,"бензин, 2.5 CVT (169 л.с.) 4WD",вариатор,полный,Левый,Внедорожник 5 дв.,белый,https://avatars.avto.ru/get-autoru-vos/20656151/9e7439a029402394c27ebcf64460e4d1/1200x900,2026-09-22T05:52:29Z
Hyundai,Santa Fe,Hyundai Santa Fe IV Рестайлинг,https://auto.ru/cars/used/sale/hyundai/santa_fe/1132846102-79770cea/,4089000,Сургут,2022,,5,52000,1,Не требует ремонта,Оригинал,High-Tech 7 мест,"бензин, 2.5 AT (180 л.с.) 4WD",автоматическая,полный,Левый,Внедорожник 5 дв.,серебристый,https://photo.auto.ru/photo/get-autoru-vos/20439065/GZTVtYrtnx-lbG8aHGOaKiIz8e5h0Lh62IOz3dBaJqA6bUmy8KwTwy9eqrYPdVbF_xWBA9Y-LwQe3mPmvTfFWqtvaotSLwMgU3gzHvWBlieoEw2_diJns1oiu4hKt0GieyTYp4RrSbiks4MuvOn-LJGaQrVVkBzN6hq7wyG5b1k_Hnc/1200x900,2026-09-22T05:52:29Z
Suzuki,Grand Vitara,Suzuki Grand Vitara II Рестайлинг,https://auto.ru/cars/used/sale/suzuki/grand_vitara/1134097292-b44a9482/,1199000,Сургут,2011,,5,200000,3,Не требует ремонта,Оригинал,,"бензин, 2.0 AT (140 л.с.) 4WD",автоматическая,полный,Левый,Внедорожник 5 дв.,чёрный,https://avatars.avto.ru/get-autoru-vos/20467659/96b13c702c4faf296d2809d1e70ad69d/1200x900,2026-09-22T05:52:29Z
Toyota,Camry,Toyota Camry VIII (XV70),https://auto.ru/cars/used/sale/toyota/camry/1133736314-3d4f8812/,1549000,Сургут,2019,,5,509000,2,Не требует ремонта,Оригинал,,"бензин, 2.0 AT (150 л.с.)",автоматическая,передний,Левый,Седан,белый,https://avatars.avto.ru/get-autoru-vos/20439065/d9bf4a3784a8dbddb221a5234823f16d/1200x900,2026-09-22T05:52:29Z
Kia,K3,Kia K3 II Рестайлинг,https://auto.ru/cars/used/sale/kia/k3/1134097293-8cbc934b/,1729000,Сургут,2021,,5,207000,1,Не требует ремонта,Оригинал,,"бензин, 1.6 CVT (123 л.с.)",вариатор,передний,Левый,Седан,белый,https://avatars.avto.ru/get-autoru-vos/20022717/78a7c72923bb895b8e2e16bbd8489075/1200x900,2026-09-22T05:52:29Z
Toyota,Levin,Toyota Levin XII (E210),https://auto.ru/cars/used/sale/toyota/levin/1134110318-7fff8ee6/,2029000,Сургут,2020,,5,35000,1,Не требует ремонта,Оригинал,,"бензин, 1.2 CVT (116 л.с.)",вариатор,передний,Левый,Седан,белый,https://avatars.avto.ru/get-autoru-vos/19298886/b2af67c28b27c24bef63ec232255c08f/1200x900,2026-09-22T05:52:29Z
Mitsubishi,Outlander,Mitsubishi Outlander III,https://auto.ru/cars/used/sale/mitsubishi/outlander/1134153254-8d3fda80/,1399000,Сургут,2013,,5,209000,4,Не требует ремонта,Дубликат,,"бензин, 2.0 CVT (146 л.с.)",вариатор,передний,Левый,Внедорожник 5 дв.,белый,https://avatars.avto.ru/get-autoru-vos/17716217/3d295832f182b60230bf714ee81e1203/1200x900,2026-09-22T05:52:29Z
Chrysler,Voyager,Chrysler Voyager III,https://auto.ru/cars/used/sale/chrysler/voyager/1132585937-38f9f1d8/,249000,Сургут,2000,,7,409400,4,Не требует ремонта,Дубликат,,"бензин, 2.0 MT (133 л.с.)",механическая,передний,Левый,Минивэн,серый,https://avatars.avto.ru/get-autoru-vos/17833075/2ee51c478f5c2dbb9884751c0da092bd/1200x900,2026-09-22T05:52:29Z
Kia,Magentis,Kia Magentis II Рестайлинг,https://auto.ru/cars/used/sale/kia/magentis/1134110319-8b87c226/,619000,Сургут,2009,,5,295000,4,Не требует ремонта,Дубликат,,"бензин, 2.0 MT (164 л.с.)",механическая,передний,Левый,Седан,белый,https://avatars.avto.ru/get-autoru-vos/2069859/c81d0bb8bbb180de177218915cdbb11e/1200x900,2026-09-22T05:52:29Z
Haval,M6,Haval M6 II,https://auto.ru/cars/used/sale/haval/m6/1133933991-add537a7/,1699000,Сургут,2023,,5,126734,1,Не требует ремонта,Оригинал,,"бензин, 1.5 AMT (143 л.с.)",робот,передний,Левый,Внедорожник 5 дв.,чёрный,https://avatars.avto.ru/get-autoru-vos/2181105/1f0b74fa01d2123b9815750d86a7aa5e/1200x900,2026-09-22T05:52:32Z
Lexus,RX,Lexus RX 200t IV,https://auto.ru/cars/used/sale/lexus/rx/1133770316-c4074e65/,3839000,Сургут,2017,,5,125912,3,Не требует ремонта,Оригинал,,"бензин, 200t 2.0 AT (238 л.с.) 4WD",автоматическая,полный,Левый,Внедорожник 5 дв.,чёрный,https://avatars.avto.ru/get-autoru-vos/2160970/412ba762c6443a490b93f3e9d9ec92dd/1200x900,2026-09-22T05:52:32Z
Toyota,Camry,Toyota Camry VII (XV50) Рестайлинг,https://auto.ru/cars/used/sale/toyota/camry/1133193896-182a3fe5/,2099000,Сургут,2015,,5,190125,1,Не требует ремонта,Оригинал,Престиж,"бензин, 2.5 AT (181 л.с.)",автоматическая,передний,Левый,Седан,чёрный,https://avatars.avto.ru/get-autoru-vos/20134224/8315799b2068af8b9d38ed8b92ffeb55/1200x900,2026-09-22T05:52:32Z
Hyundai,Creta,Hyundai Creta I,https://auto.ru/cars/used/sale/hyundai/creta/1134039617-202222c8/,1899000,Сургут,2017,,5,118000,1,Не требует ремонта,Оригинал,,"бензин, 2.0 AT (150 л.с.) 4WD",автоматическая,полный,Левый,Внедорожник 5 дв.,белый,https://avatars.avto.ru/get-autoru-vos/20140694/5ec6de0981dd0431fe5d30852fd81441/1200x900,2026-09-22T05:52:32Z
Mitsubishi,Outlander,Mitsubishi Outlander III Рестайлинг 3,https://auto.ru/cars/used/sale/mitsubishi/outlander/1133838975-26334bb6/,2279000,Сургут,2020,,5,170125,2,Не требует ремонта,Оригинал,,"бензин, 2.0 CVT (146 л.с.) 4WD",вариатор,полный,Левый,Внедорожник 5 дв.,белый,https://avatars.avto.ru/get-autoru-vos/17707957/7290a6562a6de46d08721c2604159d45/1200x900,2026-09-22T05:52:32Z
Toyota,Highlander,Toyota Highlander II (XU40) Рестайлинг,https://auto.ru/cars/used/sale/toyota/highlander/1132486115-6ca82f03/,2099000,Сургут,2012,,7,319652,4,Не требует ремонта,Дубликат,Комфорт,"бензин, 3.5 AT (273 л.с.) 4WD",автоматическая,полный,Левый,Внедорожник 5 дв.,серый,https://avatars.avto.ru/get-autoru-vos/18068962/89e3797408f8ebe9b6011c9a384d4377/1200x900,2026-09-22T05:52:32Z
Nissan,Qashqai,Nissan Qashqai II,https://auto.ru/cars/used/sale/nissan/qashqai/1134167039-6cd9df82/,1389000,Сургут,2014,,5,165000,2,Не требует ремонта,Оригинал,,"бензин, 2.0 CVT (144 л.с.)",вариатор,передний,Левый,Внедорожник 5 дв.,белый,https://avatars.avto.ru/get-autoru-vos/14637477/0b7137e125c6ed3d9cc58e4fda52925e/1200x900,2026-09-22T05:52:32Z
Chevrolet,Captiva,Chevrolet Captiva I,https://auto.ru/cars/used/sale/chevrolet/captiva/1134021684-85245c15/,899000,Сургут,2008,,5,187000,3,Не требует ремонта,Дубликат,,"бензин, 2.4 MT (136 л.с.) 4WD",механическая,полный,Левый,Внедорожник 5 дв.,чёрный,https://avatars.avto.ru/get-autoru-vos/20102415/4b98a4c2656dad161fe51740eb5b5920/1200x900,2026-09-22T05:52:32Z
Toyota,Land Cruiser Prado,Toyota Land Cruiser Prado 5-speed 120 Series,https://auto.ru/cars/used/sale/toyota/land_cruiser_prado/1125755895-5081162f/,1959000,Сургут,2006,,5,282000,4,Не требует ремонта,Дубликат,,"бензин, 5-speed 4.0 AT (249 л.с.) 4WD",автоматическая,полный,Левый,Внедорожник 5 дв.,чёрный,https://avatars.avto.ru/get-autoru-vos/16308788/3b1bdd2ac45e0e441a80b1c5a2d0367e/1200x900,2026-09-22T05:52:32Z
Lexus,ES,Lexus ES 250 VI,https://auto.ru/cars/used/sale/lexus/es/1133736308-e1c36fa5/,1749000,Сургут,2013,,5,250000,4,Не требует ремонта,Дубликат,,"бензин, 250 2.5 AT (184 л.с.)",автоматическая,передний,Левый,Седан,белый,https://photo.auto.ru/photo/get-autoru-vos/20671634/1RtppKQhffjmASyl-AoQuAbwJJ3FB7dMVE3u6lb6WQm-C_v7erUm2mOiyMThVJpsqDoJBxZg-bijAhK7Qm5scap52sQ3zqQHDS5zxwerO9rFYV3IAUAEccMtOwuqbX5SeYf9ukztlauR-8qKkvUatps0309Hi4Sw_w2VhieF5wo89z4/1200x900,2026-09-22T05:52:32Z
Mitsubishi,ASX,Mitsubishi ASX I Рестайлинг,https://auto.ru/cars/used/sale/mitsubishi/asx/1134153253-b32b6414/,1229000,Сургут,2014,,5,226325,2,Не требует ремонта,Оригинал,,"бензин, 1.6 MT (117 л.с.)",механическая,передний,Левый,Внедорожник 5 дв.,серый,https://avatars.avto.ru/get-autoru-vos/20035467/efb6e769055ecf14d75e90fd92954ff3/1200x900,2026-09-22T05:52:32Z
Audi,Q7,Audi Q7 I (4L) Рестайлинг,https://auto.ru/cars/used/sale/audi/q7/1131646619-16d61a32/,1399000,Сургут,2012,,5,270000,3,Не требует ремонта,Оригинал,Базовая,"бензин, 3.0 AT (272 л.с.) 4WD",автоматическая,полный,Левый,Внедорожник 5 дв.,чёрный,https://avatars.avto.ru/get-autoru-vos/16277572/cc758afcecfe0df01649c276000c39b4/1200x900,2026-09-22T05:52:32Z
Nissan,Juke,Nissan Juke I,https://auto.ru/cars/used/sale/nissan/juke/1132244378-bb520100/,949000,Сургут,2014,,5,153192,3,Не требует ремонта,Оригинал,LE,"бензин, 1.6 CVT (117 л.с.)",вариатор,передний,Левый,Внедорожник 5 дв.,фиолетовый,https://avatars.avto.ru/get-autoru-vos/18861955/d7db26ce964ba120e86dfa0ded8ccc0d/1200x900,2026-09-22T05:52:32Z
Mazda,CX-5,Mazda CX-5 I Рестайлинг,https://auto.ru/cars/used/sale/mazda/cx_5/1133978543-80e8d555/,1849000,Сургут,2015,,5,285000,4,Не требует ремонта,Дубликат,,"бензин, 2.5 AT (192 л.с.) 4WD",автоматическая,полный,Левый,Внедорожник 5 дв.,красный,https://avatars.avto.ru/get-autoru-vos/2091571/14fe523c7890be841730eeb7e282d555/1200x900,2026-09-22T05:52:32Z
Kia,Sportage,Kia Sportage III,https://auto.ru/cars/used/sale/kia/sportage/1134216794-5ddeb4df/,1309000,Сургут,2011,,5,176852,3,Не требует ремонта,Оригинал,,"бензин, 2.0 AT (150 л.с.)",автоматическая,передний,Левый,Внедорожник 5 дв.,белый,https://avatars.avto.ru/get-autoru-vos/17674678/6dd03b3e9d7fdd89c5000eec3fd07c4f/1200x900,2026-09-22T05:52:32Z
Honda,CR-V,Honda CR-V IV,https://auto.ru/cars/used/sale/honda/cr_v/1134153251-a18dbe7a/,1799000,Сургут,2013,,5,174125,4,Не требует ремонта,Дубликат,,"бензин, 2.0 AT (150 л.с.) 4WD",автоматическая,полный,Левый,Внедорожник 5 дв.,коричневый,https://avatars.avto.ru/get-autoru-vos/19785726/e11e8ccde2071aead154cc32628c7061/1200x900,2026-09-22T05:52:32Z
Honda,Accord,Honda Accord VIII,https://auto.ru/cars/used/sale/honda/accord/1133933989-fa724e2e/,949000,Сургут,2008,,5,275123,4,Не требует ремонта,Дубликат,,"бензин, 2.4 AT (201 л.с.)",автоматическая,передний,Левый,Седан,чёрный,https://avatars.avto.ru/get-autoru-vos/5234450/bf5a5889a80d531a3484e73f3dd2a570/1200x900,2026-09-22T05:52:32Z
Volkswagen,Touareg,Volkswagen Touareg II,https://auto.ru/cars/used/sale/volkswagen/touareg/1133993165-601b0596/,1759000,Сургут,2011,,5,228700,3,Не требует ремонта,Дубликат,,"бензин, 3.6 AT (249 л.с.) 4WD",автоматическая,полный,Левый,Внедорожник 5 дв.,коричневый,https://avatars.avto.ru/get-autoru-vos/17713999/89d439d66f8820d183517aeaaa28f27b/1200x900,2026-09-22T05:52:32Z
Mazda,CX-5,Mazda CX-5 I,https://auto.ru/cars/used/sale/mazda/cx_5/1133875683-170955a3/,1399000,Сургут,2012,,5,286000,1,Не требует ремонта,Оригинал,,"бензин, 2.0 AT (150 л.с.)",автоматическая,передний,Левый,Внедорожник 5 дв.,красный,https://avatars.avto.ru/get-autoru-vos/11557313/16dedcd8d0be0920ec020794027e9d57/1200x900,2026-09-22T05:52:32Z
Toyota,RAV4,Toyota RAV4 III (XA30),https://auto.ru/cars/used/sale/toyota/rav_4/1133783636-5e67bd6c/,979000,Сургут,2007,,5,246300,4,Не требует ремонта,Дубликат,,"бензин, 2.0 AT (152 л.с.) 4WD",автоматическая,полный,Левый,Внедорожник 5 дв.,золотистый,https://avatars.avto.ru/get-autoru-vos/13922065/f1771a9f1c2ebbb8cae4e611bbf9c037/1200x900,2026-09-22T05:52:32Z
Toyota,Camry,Toyota Camry VII (XV50) Рестайлинг 2,https://auto.ru/cars/used/sale/toyota/camry/1133427125-1c1d7099/,2039000,Сургут,2017,,5,164750,3,Не требует ремонта,Оригинал,Элеганс Плюс,"бензин, 2.5 AT (181 л.с.)",автоматическая,передний,Левый,Седан,белый,https://avatars.avto.ru/get-autoru-vos/20785675/e7abec4df18d67ae8849a2f02b8f68d0/1200x900,2026-09-22T05:52:32Z
Toyota,RAV4,Toyota RAV4 IV (XA40),https://auto.ru/cars/used/sale/toyota/rav_4/1133434305-1ffa0409/,1749000,Сургут,2014,,5,249458,4,Не требует ремонта,Дубликат,Комфорт Плюс,"бензин, 2.0 CVT (146 л.с.) 4WD",вариатор,полный,Левый,Внедорожник 5 дв.,чёрный,https://photo.auto.ru/photo/get-autoru-vos/21074985/WRdevrjVSuQM0HJ-UP3KhCOBcVKwRfxyqoUWoGS8EyeKWKJGgHQvaovDYVk98R4CN6TwG-dScnmW0BN0h-RhCIIH8-27Vm1h4SWbb21BZd42szR137XcvlCIofEMTH2uJHNV1x_8plZ6IUkOL_C2Ms_1w8OvoPpSATnZRBPEkq9lEQ/1200x900,2026-09-22T05:52:32Z
Opel,Insignia,Opel Insignia I Рестайлинг,https://auto.ru/cars/used/sale/opel/insignia/1133367078-ec274e6d/,1299000,Сургут,2014,,5,236000,3,Не требует ремонта,Дубликат,Cosmo,"бензин, 1.6 AT (170 л.с.)",автоматическая,передний,Левый,Седан,серебристый,https://avatars.avto.ru/get-autoru-vos/18861955/3de5dbbfbd9fd6f4bac0c6fd2d4f732f/1200x900,2026-09-22T05:52:32Z
Kia,Sportage,Kia Sportage IV,https://auto.ru/cars/used/sale/kia/sportage/1133181790-15b181cd/,1499000,Сургут,2017,,5,169000,3,Не требует ремонта,Оригинал,Classic «Тёплые опции»,"бензин, 2.0 MT (150 л.с.) 4WD",механическая,полный,Левый,Внедорожник 5 дв.,белый,https://avatars.avto.ru/get-autoru-vos/16510904/b39898cf9ce7288c4efa92bfedcd1584/1200x900,2026-09-22T05:52:32Z
Kia,Sportage,Kia Sportage IV,https://auto.ru/cars/used/sale/kia/sportage/1133922788-70fbe784/,1599000,Сургут,2016,,5,151000,4,Не требует ремонта,Дубликат,,"бензин, 2.0 AT (150 л.с.)",автоматическая,передний,Левый,Внедорожник 5 дв.,белый,https://avatars.avto.ru/get-autoru-vos/5309308/6a18f54b05a1146ac082904b12ef6917/1200x900,2026-09-22T05:52:32Z
Mazda,Axela,Mazda Axela III Рестайлинг,https://auto.ru/cars/used/sale/mazda/axela/1132636223-70a2457f/,1499000,Сургут,2018,,5,56000,1,Не требует ремонта,Оригинал,,"бензин, 1.5 AT (111 л.с.)",автоматическая,передний,Правый,Хэтчбек 5 дв.,серебристый,https://avatars.avto.ru/get-autoru-vos/20140694/71ff487a79144d7e7c215891096a8fd3/1200x900,2026-09-22T05:52:32Z
Ford,Explorer,Ford Explorer Sport V,https://auto.ru/cars/used/sale/ford/explorer/1133414847-96c44df7/,2399000,Сургут,2013,,7,234362,4,Не требует ремонта,Дубликат,,"бензин, Sport 3.5 AT (360 л.с.) 4WD",автоматическая,полный,Левый,Внедорожник 5 дв.,белый,https://avatars.avto.ru/get-autoru-vos/20961665/b5a741a6b1225ab6d9e7492644d29bb9/1200x900,2026-09-22T05:52:32Z
Toyota,RAV4,Toyota RAV4 II (XA20),https://auto.ru/cars/used/sale/toyota/rav_4/1133600884-3d5fce44/,699000,Сургут,2000,,5,254125,4,Не требует ремонта,Дубликат,,"бензин, 2.0 AT (150 л.с.) 4WD",автоматическая,полный,Левый,Внедорожник 5 дв.,чёрный,https://avatars.avto.ru/get-autoru-vos/17926310/96201584b6f493e4818545b07bee166a/1200x900,2026-09-22T05:52:32Z
Kia,Sorento,Kia Sorento III Prime Рестайлинг,https://auto.ru/cars/used/sale/kia/sorento/1132600705-86380553/,2299000,Сургут,2018,,5,144122,4,Не требует ремонта,Дубликат,Comfort,"бензин, 2.4 AT (188 л.с.) 4WD",автоматическая,полный,Левый,Внедорожник 5 дв.,серебристый,https://photo.auto.ru/photo/get-autoru-vos/15496515/MW_LpAUj2qnkek_Un8m1EtZJ2tj6ZuiU6WqP7rNf_aaJx5Gzdf92fPrq3sxjb3mKJ86D3M0JrABdLzXHdGnToRC9I2GHdCQF8od6hirDZfwlids0itGUp-y8_bZzCp7xxEPsryYZF42EeCWy242xpD9P736uZDyMxWzAqXp_oE8bbA/1200x900,2026-09-22T05:52:32Z
Infiniti,G,Infiniti G25 IV,https://auto.ru/cars/used/sale/infiniti/g35/1133553299-1f57a606/,1499000,Сургут,2013,,4,229000,4,Не требует ремонта,Дубликат,Hi-tech,"бензин, G25 2.5 AT (222 л.с.)",автоматическая,задний,Левый,Седан,белый,https://avatars.avto.ru/get-autoru-vos/17791070/badd08b8b7e41c4c5f11e8008f1699ca/1200x900,2026-09-22T05:52:32Z
Volkswagen,Jetta,Volkswagen Jetta VI,https://auto.ru/cars/used/sale/volkswagen/jetta/1134052438-9284a25c/,1049000,Сургут,2012,,5,181300,4,Не требует ремонта,Дубликат,,"бензин, 1.6 AT (105 л.с.)",автоматическая,передний,Левый,Седан,чёрный,https://avatars.avto.ru/get-autoru-vos/17673331/efa56ec6acfbbff3ba211db7fb8d5bcd/1200x900,2026-09-22T05:52:32Z
Kia,Ceed,Kia Ceed III,https://auto.ru/cars/used/sale/kia/ceed/1133943292-240be720/,1989000,Сургут,2021,,5,114300,1,Не требует ремонта,Оригинал,,"бензин, 1.6 AT (128 л.с.)",автоматическая,передний,Левый,Универсал 5 дв.,чёрный,https://avatars.avto.ru/get-autoru-vos/17665660/5059d6895ce7375de255eeabd672da54/1200x900,2026-09-22T05:52:32Z
Chevrolet,Niva,Chevrolet Niva I Рестайлинг,https://auto.ru/cars/used/sale/chevrolet/niva/1133892304-de25cfdc/,509000,Сургут,2012,,5,102907,2,Не требует ремонта,Оригинал,,"бензин, 1.7 MT (80 л.с.) 4WD",механическая,полный,Левый,Внедорожник 5 дв.,коричневый,https://photo.auto.ru/photo/get-autoru-vos/16673081/tm4SLaf1yGIEePf39pblNqZfsQiJOBT1TjM8uDu7IxGRG5tNxsHU-7sAPaNptRu5O64zthSt6Tw1Iwo-E6V2aESiETDaTELzvO4UYfL9_rFChXBjOjlGGbC__mrLUK8_rMVZQsLEB5YUxesj18gt_MA1QM5hhTWe_Qoi-5Ews8rPKw/1200x900,2026-09-22T05:52:32Z
Renault,Duster,Renault Duster I Рестайлинг,https://auto.ru/cars/used/sale/renault/duster/1134216011-e7c44a81/,1649000,Сургут,2018,,5,66000,2,Не требует ремонта,Оригинал,,"бензин, 2.0 AT (143 л.с.) 4WD",автоматическая,полный,Левый,Внедорожник 5 дв.,серебристый,https://photo.auto.ru/photo/get-autoru-vos/17999629/F4yWnCYBG2ePxAQ47ljx1X_Cg9WHd-GjkI3Xmh7_pyjSdklAj6_s5k1MhIzHVL016cbiA4JcVEn9cbf79L84_q6mXgmsLEhPl1Nd84RFDpORHE50trQq6g3nGUZmi_4hTOXw-8AfSekQOUBLJjsHjw9iQchdYOdlLe5Npy3pInmYmg/1200x900,2026-09-22T05:52:32Z
Toyota,RAV4,Toyota RAV4 III (XA30),https://auto.ru/cars/used/sale/toyota/rav_4/1133964497-94aac117/,1629000,Сургут,2009,,5,158000,3,Не требует ремонта,Оригинал,,"бензин, 2.0 AT (152 л.с.) 4WD",автоматическая,полный,Левый,Внедорожник 5 дв.,золотистый,https://avatars.avto.ru/get-autoru-vos/20272960/7b855371c8b7cc36510b4e87dd3a0320/1200x900,2026-09-22T05:52:32Z
Kia,Optima,Kia Optima IV Рестайлинг,https://auto.ru/cars/used/sale/kia/optima/1134199878-9b26f9ac/,2049000,Сургут,2018,,5,120000,2,Не требует ремонта,Оригинал,,"бензин, 2.0 AT (245 л.с.)",автоматическая,передний,Левый,Седан,белый,https://avatars.avto.ru/get-autoru-vos/17783177/6649e2185fb3173ab5d6a173c8536c1c/1200x900,2026-09-22T05:52:32Z
Ford,Focus,Ford Focus III,https://auto.ru/cars/used/sale/ford/focus/1133568231-437fac78/,729000,Сургут,2011,,5,295436,3,Не требует ремонта,Оригинал,SYNC Edition,"бензин, 1.6 MT (125 л.с.)",механическая,передний,Левый,Седан,серый,https://avatars.avto.ru/get-autoru-vos/18049305/640b5829ab7fd20faf3c3dd675b02bb0/1200x900,2026-09-22T05:52:32Z
Toyota,Land Cruiser,Toyota Land Cruiser 200 Series,https://auto.ru/cars/used/sale/toyota/land_cruiser/1134110317-c245c2ad/,2849000,Сургут,2008,,7,254100,4,Не требует ремонта,Дубликат,,"дизель, 4.5d AT (235 л.с.) 4WD",автоматическая,полный,Левый,Внедорожник 5 дв.,серый,https://avatars.avto.ru/get-autoru-vos/20116688/4a22c07894e85d603e1c3ca14d5ead94/1200x900,2026-09-22T05:52:34Z
Kia,Ceed,Kia Ceed II,https://auto.ru/cars/used/sale/kia/ceed/1132929863-8e442507/,879000,Сургут,2013,,5,263000,3,Не требует ремонта,Дубликат,Comfort,"бензин, 1.6 AT (129 л.с.)",автоматическая,передний,Левый,Универсал 5 дв.,коричневый,https://avatars.avto.ru/get-autoru-vos/20410536/f267629c3ee0d9c1e7133efcf770d5a7/1200x900,2026-09-22T05:52:34Z
Renault,Arkana,Renault Arkana I,https://auto.ru/cars/used/sale/renault/arkana/1133484874-e184dd50/,1549000,Сургут,2019,,5,104168,3,Не требует ремонта,Дубликат,Prime,"бензин, 1.3 CVT (150 л.с.) 4WD",вариатор,полный,Левый,Внедорожник 5 дв.,коричневый,https://avatars.avto.ru/get-autoru-vos/20487659/e1ad0570ac93292054a75728ade4f6bd/1200x900,2026-09-22T05:52:34Z
Chevrolet,Niva,Chevrolet Niva I Рестайлинг,https://auto.ru/cars/used/sale/chevrolet/niva/1133909993-aa335e2f/,569000,Сургут,2011,,5,61000,3,Не требует ремонта,Оригинал,,"бензин, 1.7 MT (80 л.с.) 4WD",механическая,полный,Левый,Внедорожник 5 дв.,коричневый,https://avatars.avto.ru/get-autoru-vos/2164969/64bfcba56344f2b32640379989d56dc4/1200x900,2026-09-22T05:52:34Z
Daewoo,Nexia,Daewoo Nexia I Рестайлинг,https://auto.ru/cars/used/sale/daewoo/nexia/1133592475-0b671c98/,339000,Сургут,2013,,5,250000,1,Не требует ремонта,Оригинал,Базовая ГУР+кондиционер,"бензин, 1.6 MT (109 л.с.)",механическая,передний,Левый,Седан,серебристый,https://avatars.avto.ru/get-autoru-vos/20656151/c95a95e6bea162dfa8618ef61a31abfe/1200x900,2026-09-22T05:52:34Z
Toyota,Land Cruiser Prado,Toyota Land Cruiser Prado 150 Series,https://auto.ru/cars/used/sale/toyota/land_cruiser_prado/1134110313-40bccade/,2329000,Сургут,2011,,5,323000,4,Не требует ремонта,Дубликат,,"дизель, 3.0d AT (173 л.с.) 4WD",автоматическая,полный,Левый,Внедорожник 5 дв.,чёрный,https://avatars.avto.ru/get-autoru-vos/20394542/56eb49558d646d8f346a59b15cbbd950/1200x900,2026-09-22T05:52:34Z
Opel,Zafira,Opel Zafira B Рестайлинг,https://auto.ru/cars/used/sale/opel/zafira/1134066016-44855079/,579000,Сургут,2011,,5,380000,2,Не требует ремонта,Оригинал,,"бензин, 1.8 MT (140 л.с.)",механическая,передний,Левый,Компактвэн,серый,https://avatars.avto.ru/get-autoru-vos/16383606/ef0f718e2e8748fbb1130a2509e0c4b5/1200x900,2026-09-22T05:52:34Z
Lexus,LX,Lexus LX 450d III Рестайлинг 2,https://auto.ru/cars/used/sale/lexus/lx/1133272568-a9e0ec4d/,5629000,Сургут,2016,,8,223000,4,Не требует ремонта,Дубликат,Executive 1,"дизель, 450d 4.5d AT (272 л.с.) 4WD",автоматическая,полный,Левый,Внедорожник 5 дв.,чёрный,https://avatars.avto.ru/get-autoru-vos/12852473/a7cd81c4ba42d2792ff60f4957ea2338/1200x900,2026-09-22T05:52:34Z
Toyota,Avensis,Toyota Avensis III,https://auto.ru/cars/used/sale/toyota/avensis/1127855081-98d99039/,1019000,Сургут,2009,,5,249484,4,Не требует ремонта,Дубликат,Комфорт Плюс,"бензин, 1.8 CVT (147 л.с.)",вариатор,передний,Левый,Седан,зелёный,https://avatars.avto.ru/get-autoru-vos/20036242/47bedf81b2f1ae969f97034ad16840d5/1200x900,2026-09-22T05:52:34Z
Lifan,X60,Lifan X60 I Рестайлинг,https://auto.ru/cars/used/sale/lifan/x60/1134008788-533d199f/,799000,Сургут,2016,,5,93125,3,Не требует ремонта,Оригинал,,"бензин, 1.8 CVT (128 л.с.)",вариатор,передний,Левый,Внедорожник 5 дв.,белый,https://avatars.avto.ru/get-autoru-vos/2172876/b1ed3259ff3922fb41bc784b0ed9ce3f/1200x900,2026-09-22T05:52:34Z
Volkswagen,Touareg,Volkswagen Touareg II,https://auto.ru/cars/used/sale/volkswagen/touareg/1133892303-bdfa0fa0/,1599000,Сургут,2012,,5,445000,4,Не требует ремонта,Дубликат,,"бензин, 3.6 AT (249 л.с.) 4WD",автоматическая,полный,Левый,Внедорожник 5 дв.,серый,https://photo.auto.ru/photo/get-autoru-vos/20335149/yZEAkoscouyY3tyznDl29EJOJlJ69od6aXl1C5hoC8u2xuZD46bSpZHi8yM_RY2GZ0jFGth_4LzjWQ3GIPd69Zvc2vvpMZvE5m1P3HmVpZAHFne_O7WWTR9bwTHdq-E7ynKbNWGGgaZNK0ppTB4aMmfatAz2phLbiMffuuyF7N9EIeQ/1200x900,2026-09-22T05:52:34Z
Lexus,LX,Lexus LX 570 III Рестайлинг,https://auto.ru/cars/used/sale/lexus/lx/1133602294-db59dbb1/,4439000,Сургут,2013,,5,172000,3,Не требует ремонта,Оригинал,Sport Design 2,"бензин, 570 5.7 AT (367 л.с.) 4WD",автоматическая,полный,Левый,Внедорожник 5 дв.,чёрный,https://avatars.avto.ru/get-autoru-vos/20055049/2aa64b85a53484bdd55aacc21308fa28/1200x900,2026-09-22T05:52:34Z
Toyota,Corolla,"Toyota Corolla X (E140, E150) Рестайлинг",https://auto.ru/cars/used/sale/toyota/corolla/1133470146-c12c9f9a/,989000,Сургут,2012,,5,260000,1,Не требует ремонта,Оригинал,Комфорт Плюс,"бензин, 1.6 MT (124 л.с.)",механическая,передний,Левый,Седан,синий,https://avatars.avto.ru/get-autoru-vos/17711405/d0c4b6049627f8d41dc6ec0693f7a1fb/1200x900,2026-09-22T05:52:34Z
Nissan,Almera Classic,Nissan Almera Classic I,https://auto.ru/cars/used/sale/nissan/almera_classic/1133783110-2efd0a31/,529000,Сургут,2006,,5,261000,4,Не требует ремонта,Дубликат,,"бензин, 1.6 AT (107 л.с.)",автоматическая,передний,Левый,Седан,серый,https://photo.auto.ru/photo/get-autoru-vos/2162564/j6axxm8bt8I1_JQDieveisp32T4Vyq1mtdsOj09ViHUBv_7IkKZwzJK8yx6fhPyx-V7PkyjKbUYO127qz4JqdqnhvbkkfLOsBCcMM2h0Yu6OheFiBJIF8UyunomnDPJZZmT_gjex_SfWlOxVsdZ5zhKrET4q1DUG1gvqr0v9SMs9qj4/1200x900,2026-09-22T05:52:34Z
Toyota,Avensis,Toyota Avensis II Рестайлинг,https://auto.ru/cars/used/sale/toyota/avensis/1134066010-3300e63d/,1023400,Сургут,2007,,5,214000,4,Не требует ремонта,Дубликат,,"бензин, 2.0 MT (147 л.с.)",механическая,передний,Левый,Седан,серый,https://photo.auto.ru/photo/get-autoru-vos/20140694/hFrK9ttLSeSkv4Ons4yMQe1h-QF6euwGJiav-1Qf_HUHxSKqnFVvrQlMEVXpV4WKYsE7wwm1bmOIfamKpMZb9K6BVJ9-na76ATDE9I74gnrGD-GPMKur5xyzchfkFhWHbUKSZmASMiKqflWDTqoyMDMzjVxj0n86O2dFINS6rJzqIfM/1200x900,2026-09-22T05:52:34Z
Nissan,Teana,Nissan Teana II (J32),https://auto.ru/cars/used/sale/nissan/teana/1134216005-5e8d6a51/,849000,Сургут,2008,,5,250000,4,Не требует ремонта,Дубликат,,"бензин, 3.5 CVT (249 л.с.)",вариатор,передний,Левый,Седан,чёрный,https://photo.auto.ru/photo/get-autoru-vos/15185647/TpzRYR_YF6D7dKh8LRoX8Kzrt5_0RKcYBWDYxsN_1gjmx__XVJ2ne1IWpCCWhvp63x61JUEMEUa7HPO8US84F_EZzlGdvgYvNiNSS-UytfZnQ8cSNwrRpPstunc9-3rqhwgs8rUNmxB2_PbK0pAsDQ_TiGZdbYa3qTmEjEG6ALd_EBw/1200x900,2026-09-22T05:52:34Z
Ford,Explorer,Ford Explorer Sport V,https://auto.ru/cars/used/sale/ford/explorer/1134209103-747ab553/,1759000,Сургут,2014,,7,290000,4,Не требует ремонта,Дубликат,,"бензин, Sport 3.5 AT (360 л.с.) 4WD",автоматическая,полный,Левый,Внедорожник 5 дв.,белый,https://photo.auto.ru/photo/get-autoru-vos/15051405/_7qZN2f4QcgH_6sMryrb1lQDJuFsBqYTTh1Snrwh6qN3TdMFz1EFXT-KHfzJ1DhM0Wz-TNhG2GV7YAmX54c6I93_NWO9EyQxRrU6j2nu1ifxaKT_HtlC-eKS-JiJOJTNf9c6clgASFyr-0CRR-JZkLPiAT82PRGO5qyQoMg9MydfS1c/1200x900,2026-09-22T05:52:34Z
Nissan,Qashqai,Nissan Qashqai II,https://auto.ru/cars/used/sale/nissan/qashqai/1133993172-64a24c62/,1799000,Сургут,2017,,5,83500,1,Не требует ремонта,Оригинал,,"бензин, 2.0 CVT (144 л.с.) 4WD",вариатор,полный,Левый,Внедорожник 5 дв.,чёрный,https://avatars.avto.ru/get-autoru-vos/2159583/0bfd78d6f6352dbef43a49db9b62f9dd/1200x900,2026-09-22T05:52:34Z
Mazda,CX-7,Mazda CX-7 I Рестайлинг,https://auto.ru/cars/used/sale/mazda/cx_7/1134030313-6b21dc7e/,849000,Сургут,2011,,5,291125,4,Не требует ремонта,Оригинал,,"бензин, 2.3 AT (238 л.с.) 4WD",автоматическая,полный,Левый,Внедорожник 5 дв.,белый,https://avatars.avto.ru/get-autoru-vos/20556383/d52fbf8f4ed378f09ae2b059c4643091/1200x900,2026-09-22T05:52:34Z
Mitsubishi,Pajero Mini,Mitsubishi Pajero Mini II,https://auto.ru/cars/used/sale/mitsubishi/pajero_mini/1134231583-dfbab538/,829000,Сургут,2011,,4,108000,1,Не требует ремонта,Оригинал,,"бензин, 0.7 AT (64 л.с.) 4WD",автоматическая,полный,Правый,Внедорожник 3 дв.,чёрный,https://avatars.avto.ru/get-autoru-vos/1986413/253f66c2fa79fea4b263e355fb891bd6/1200x900,2026-09-22T05:52:34Z
Hyundai,Elantra,Hyundai Elantra V (MD) Рестайлинг,https://auto.ru/cars/used/sale/hyundai/elantra/1133653043-c86bc289/,889000,Сургут,2014,,5,180000,2,Не требует ремонта,Оригинал,Active,"бензин, 1.6 MT (132 л.с.)",механическая,передний,Левый,Седан,чёрный,https://avatars.avto.ru/get-autoru-vos/20134224/f8b67db7cc206c7a9f8a0dab34321114/1200x900,2026-09-22T05:52:34Z
Daewoo,Gentra,Daewoo Gentra II,https://auto.ru/cars/used/sale/daewoo/gentra/1134209104-cfcec52c/,579000,Сургут,2014,,5,183400,2,Не требует ремонта,Оригинал,,"бензин, 1.5 AT (107 л.с.)",автоматическая,передний,Левый,Седан,белый,https://photo.auto.ru/photo/get-autoru-vos/18702491/OchF0l_N0hFv-p20K_j_8k49UioFsyGz0Oy7IKHFQ4NjhxLfjhfArww4EgATLYooekPJsuF6U8W1HivjUrhbppibSFUWFl4j-CKduac_FcSj8kVUcLz2B5WD9UxHKhhnyowaeSNrhwtUqLRiEkXL4XFFMOwBH_7YNzdGNblQ2AdmPIM/1200x900,2026-09-22T05:52:34Z
Ford,Fusion,Ford Fusion I Рестайлинг,https://auto.ru/cars/used/sale/ford/fusion/1134118245-8c61b8bd/,629000,Сургут,2007,,5,193237,3,Не требует ремонта,Дубликат,,"дизель, 1.4d MT (68 л.с.)",механическая,передний,Левый,Хэтчбек 5 дв.,чёрный,https://avatars.avto.ru/get-autoru-vos/19394128/44b7ac3895766cc3d35bf5bb7c71699c/1200x900,2026-09-22T05:52:34Z
Hyundai,Creta,Hyundai Creta I,https://auto.ru/cars/used/sale/hyundai/creta/1133774255-1749ea5c/,1699000,Сургут,2019,,5,80540,4,Не требует ремонта,Дубликат,,"бензин, 1.6 AT (123 л.с.)",автоматическая,передний,Левый,Внедорожник 5 дв.,серебристый,https://avatars.avto.ru/get-autoru-vos/2094527/1dc491c9cd04a3fa932b9a20d0bcac91/1200x900,2026-09-22T05:52:34Z
BMW,3 серии,BMW 3 серии 320i xDrive VI (F3x) Рестайлинг,https://auto.ru/cars/used/sale/bmw/3er/1134140610-1764bd26/,1749000,Сургут,2018,,5,167000,3,Не требует ремонта,Дубликат,,"бензин, 320i xDrive 2.0 AT (184 л.с.) 4WD",автоматическая,полный,Левый,Седан,серебристый,https://photo.auto.ru/photo/get-autoru-vos/21119147/60fdUZTJfr4q9R3cjB88R9a4FgHCusZlOYEe_PaWWnbbB-3UHiXIQRX07Jj5Mk5zVq690zMad73HpshgSpqmCuf5LWDq5TSndREUi2FkHA5gsfXlTfFdGvplLoe9fcvk-Vy55nZYoEXMrc42Rc5PKaaaq_jMuqKj8DGFj-WRMq87y3c/1200x900,2026-09-22T05:52:34Z
Honda,Civic,Honda Civic XI,https://auto.ru/cars/used/sale/honda/civic/1133013373-56fd4407/,2679000,Сургут,2022,,5,24953,1,Не требует ремонта,Оригинал,Exclusive,"бензин, 1.5 CVT (182 л.с.)",вариатор,передний,Правый,Седан,серебристый,https://avatars.avto.ru/get-autoru-vos/17690098/9e378d56cc4c4cd1f83531cd65ebd4c5/1200x900,2026-09-22T05:52:34Z
BMW,5 серии,BMW 5 серии 523i VI (F10/F11/F07),https://auto.ru/cars/used/sale/bmw/5er/1133520827-92e45dc3/,1549000,Сургут,2011,,5,330000,4,Не требует ремонта,Дубликат,523i (Business),"бензин, 523i 2.5 AT (204 л.с.)",автоматическая,задний,Левый,Седан,чёрный,https://avatars.avto.ru/get-autoru-vos/20193191/6944562c6d5309a4f9de81c03bfaee11/1200x900,2026-09-22T05:52:34Z
Lada (ВАЗ),Priora,Lada (ВАЗ) Priora I,https://auto.ru/cars/used/sale/vaz/2170/1134229395-915896b7/,259000,Сургут,2007,,5,246000,4,Не требует ремонта,Дубликат,,"бензин, 1.6 MT (98 л.с.)",механическая,передний,Левый,Седан,зелёный,https://avatars.avto.ru/get-autoru-vos/1986413/c81cf35e99fc1b63fade08b727ee5897/1200x900,2026-09-22T05:52:34Z
Mercedes-Benz,C-Класс,Mercedes-Benz C-Класс 180 III (W204) Рестайлинг,https://auto.ru/cars/used/sale/mercedes/c_klasse/1133774867-9e01d3a4/,1549000,Сургут,2012,,4,55000,1,Не требует ремонта,Оригинал,,"бензин, 180 1.6 AT (156 л.с.)",автоматическая,задний,Правый,Купе,белый,https://avatars.avto.ru/get-autoru-vos/6432733/6efcffd3c094734066a91271e1767173/1200x900,2026-09-22T05:52:34Z
Ford,Mondeo,Ford Mondeo IV Рестайлинг,https://auto.ru/cars/used/sale/ford/mondeo/1133943290-27a4a2c9/,999000,Сургут,2012,,5,170125,3,Не требует ремонта,Оригинал,,"бензин, 2.0 AMT (200 л.с.)",робот,передний,Левый,Седан,белый,https://avatars.avto.ru/get-autoru-vos/21167286/59b09f8742f368ab408f30e79ae87e05/1200x900,2026-09-22T05:52:34Z
Volvo,V40,Volvo V40 II,https://auto.ru/cars/used/sale/volvo/v40/1133923477-71dd6226/,1349000,Сургут,2014,,5,105000,4,Не требует ремонта,Дубликат,,"бензин, 2.0 AT (180 л.с.)",автоматическая,передний,Левый,Хэтчбек 5 дв.,чёрный,https://avatars.avto.ru/get-autoru-vos/2155319/3bb53ade9f37032c1b943a81e8ede0a9/1200x900,2026-09-22T05:52:34Z
Toyota,Camry,Toyota Camry US Market VIII (XV70),https://auto.ru/cars/used/sale/toyota/camry/1134230527-8524763f/,2749000,Сургут,2018,,5,141000,2,Не требует ремонта,Оригинал,,"бензин, US Market 2.5 AT (203 л.с.)",автоматическая,передний,Левый,Седан,белый,https://avatars.avto.ru/get-autoru-vos/18139133/11c6a7cf73f3b296368764b9b93b261d/1200x900,2026-09-22T05:52:34Z
Mazda,Axela,Mazda Axela III Рестайлинг,https://auto.ru/cars/used/sale/mazda/axela/1134217783-305c25a1/,1489000,Сургут,2018,,5,159000,1,Не требует ремонта,Оригинал,,"бензин, 1.5 AT (111 л.с.)",автоматическая,передний,Правый,Седан,белый,https://avatars.avto.ru/get-autoru-vos/20894132/74e5a9cdc6496b211e607962a62f0d04/1200x900,2026-09-22T05:52:34Z
Nissan,Almera Classic,Nissan Almera Classic I,https://auto.ru/cars/used/sale/nissan/almera_classic/1133801017-859a4abd/,379000,Сургут,2006,,5,383256,4,Не требует ремонта,Дубликат,,"бензин, 1.6 MT (107 л.с.)",механическая,передний,Левый,Седан,белый,https://avatars.avto.ru/get-autoru-vos/19816781/2d5f4164a0679b44f5b52b572405d371/1200x900,2026-09-22T05:52:34Z
Lada (ВАЗ),2110,Lada (ВАЗ) 2110,https://auto.ru/cars/used/sale/vaz/2110/1133736312-a9aef817/,169000,Сургут,2002,,5,245000,4,Не требует ремонта,Дубликат,,"бензин, 1.5 MT (79 л.с.)",механическая,передний,Левый,Седан,серый,https://avatars.avto.ru/get-autoru-vos/16446884/c9457580e67935ef09015c53580a5992/1200x900,2026-09-22T05:52:34Z
Kia,Cerato,Kia Cerato IV,https://auto.ru/cars/used/sale/kia/cerato/1132722083-3198fabb/,1889000,Сургут,2020,,5,193000,2,Не требует ремонта,Оригинал,Comfort,"бензин, 2.0 AT (150 л.с.)",автоматическая,передний,Левый,Седан,чёрный,https://avatars.avto.ru/get-autoru-vos/17973062/3b2370d0b35713ec3f980f0061d268f7/1200x900,2026-09-22T05:52:34Z
Renault,Logan,Renault Logan I Рестайлинг,https://auto.ru/cars/used/sale/renault/logan/1134110314-b6ca0692/,239000,Сургут,2010,,5,384000,3,Не требует ремонта,Оригинал,,"бензин, 1.4 MT (75 л.с.)",механическая,передний,Левый,Седан,синий,https://avatars.avto.ru/get-autoru-vos/18702491/86b0ac51fa65884ad767e47d39eba3e5/1200x900,2026-09-22T05:52:34Z
Audi,A6,Audi A6 III (C6) Рестайлинг,https://auto.ru/cars/used/sale/audi/a6/1132902151-6c3aaf11/,929000,Сургут,2009,,5,344000,4,Не требует ремонта,Дубликат,Стандарт,"бензин, 3.0 AT (290 л.с.) 4WD",автоматическая,полный,Левый,Седан,синий,https://avatars.avto.ru/get-autoru-vos/16483913/a20dc369be0bf78038271d654941adde/1200x900,2026-09-22T05:52:37Z
Toyota,Camry,Toyota Camry VII (XV50) Рестайлинг,https://auto.ru/cars/used/sale/toyota/camry/1134209107-70e8afdf/,2509000,Сургут,2016,,5,155000,2,Не требует ремонта,Оригинал,,"бензин, 2.5 AT (181 л.с.)",автоматическая,передний,Левый,Седан,чёрный,https://photo.auto.ru/photo/get-autoru-vos/21167286/IW7QtttXnfM7MikxhDEzltEA0Pk-ysd6_GmKyL8GGXuLEaEUo-mauevY39bGBTyyx2zfbWGlY0b35Nqnjd1UFqdwjGs30PWttTOiATVmLUaKKi3944H4q_KsS2bZfiJLp1Ogde7u1Gkwj16N-UKvdALZI9xxRrPVgdYe2HplQJw_Ug/1200x900,2026-09-22T05:52:37Z
Nissan,Terrano,Nissan Terrano III (D10),https://auto.ru/cars/used/sale/nissan/terrano/1133193897-e628c6e0/,1179000,Сургут,2014,,5,48942,2,Не требует ремонта,Оригинал,,"бензин, 2.0 AT (135 л.с.)",автоматическая,передний,Левый,Внедорожник 5 дв.,чёрный,https://avatars.avto.ru/get-autoru-vos/20894132/69004cab86522c76170c0452bbf9a22d/1200x900,2026-09-22T05:52:37Z
Lada (ВАЗ),Vesta,Lada (ВАЗ) Vesta I,https://auto.ru/cars/used/sale/vaz/vesta/1133993168-d7a763fb/,659000,Сургут,2018,,5,225500,2,Не требует ремонта,Оригинал,,"бензин, 1.6 MT (106 л.с.)",механическая,передний,Левый,Седан,коричневый,https://avatars.avto.ru/get-autoru-vos/4194271/275fee776ab8c02b131c2bb740137623/1200x900,2026-09-22T05:52:37Z
Kia,Rio,Kia Rio 5-speed III,https://auto.ru/cars/used/sale/kia/rio/1132741092-2b1af42d/,829000,Сургут,2013,,5,166000,2,Не требует ремонта,Оригинал,,"бензин, 5-speed 1.6 MT (123 л.с.)",механическая,передний,Левый,Хэтчбек 5 дв.,белый,https://avatars.avto.ru/get-autoru-vos/16995928/0fdebefe78191aa75c7e200fff85c73c/1200x900,2026-09-22T05:52:37Z
Kia,Rio,Kia Rio IV Рестайлинг,https://auto.ru/cars/used/sale/kia/rio/1134038504-14062ad0/,1599000,Сургут,2020,,5,142000,3,Не требует ремонта,Оригинал,,"бензин, 1.6 AT (123 л.с.)",автоматическая,передний,Левый,Седан,чёрный,https://photo.auto.ru/photo/get-autoru-vos/2144979/JD_T9guWN7LnGzVJnew4DwDYYmjajbDXK2bnVWAeAaVjzbifOwjoEQHq8N-wWPpzQteFmP4bTRfRc1Xkz3FbJNBusJ80wKPYrp2KH-ufoMGTKnFhFBbDXgTdMmPYst5xSNt6vqgwWnX1Q3G8eJyb-JL3OgS5VvaIeF2ZNmzBxrSUfw/1200x900,2026-09-22T05:52:37Z
Volkswagen,Jetta,Volkswagen Jetta 6-speed VII,https://auto.ru/cars/used/sale/volkswagen/jetta/1134153255-36f3bf92/,1699000,Сургут,2020,,5,131600,1,Не требует ремонта,Оригинал,,"бензин, 6-speed 1.4 AT (150 л.с.)",автоматическая,передний,Левый,Седан,белый,https://avatars.avto.ru/get-autoru-vos/16308788/5c20601610f2863e2410e40716258407/1200x900,2026-09-22T05:52:37Z
Skoda,Fabia,Skoda Fabia II Рестайлинг,https://auto.ru/cars/used/sale/skoda/fabia/1133854820-8482fd13/,699000,Сургут,2013,,5,188000,3,Не требует ремонта,Оригинал,,"бензин, 1.6 AT (105 л.с.)",автоматическая,передний,Левый,Хэтчбек 5 дв.,белый,https://avatars.avto.ru/get-autoru-vos/20191207/88fec108894480bcdaf72aa1b67e9513/1200x900,2026-09-22T05:52:37Z
Citroen,C4,Citroen C4 I,https://auto.ru/cars/used/sale/citroen/c4/1133264428-2062cd67/,369000,Сургут,2007,,5,271000,4,Не требует ремонта,Дубликат,,"бензин, 1.6 MT (109 л.с.)",механическая,передний,Левый,Хэтчбек 5 дв.,серебристый,https://avatars.avto.ru/get-autoru-vos/20390804/7d3f7a8d4d3cab24781299200f75b8b4/1200x900,2026-09-22T05:52:37Z
Kia,Rio,Kia Rio IV,https://auto.ru/cars/used/sale/kia/rio/1133401458-9db23ff8/,1099000,Сургут,2019,,5,307033,2,Не требует ремонта,Оригинал,Premium,"бензин, 1.6 AT (123 л.с.)",автоматическая,передний,Левый,Седан,белый,https://avatars.avto.ru/get-autoru-vos/20263483/a05f50b8ea00a55ea336d40603d8ae34/1200x900,2026-09-22T05:52:37Z
Toyota,Camry,Toyota Camry VII (XV50) Рестайлинг,https://auto.ru/cars/used/sale/toyota/camry/1133254557-c5ec5190/,2059000,Сургут,2015,,5,207768,4,Не требует ремонта,Оригинал,Престиж,"бензин, 2.5 AT (181 л.с.)",автоматическая,передний,Левый,Седан,белый,https://avatars.avto.ru/get-autoru-vos/19063053/bfaa6edd80f329377feb5e37f959d77b/1200x900,2026-09-22T05:52:37Z
Opel,Zafira,Opel Zafira B,https://auto.ru/cars/used/sale/opel/zafira/1131650511-0d1eea11/,479000,Сургут,2007,,7,365200,3,Не требует ремонта,Оригинал,,"бензин, 1.6 MT (105 л.с.)",механическая,передний,Левый,Компактвэн,синий,https://photo.auto.ru/photo/get-autoru-vos/17980859/kX_WFHhSeJS_funwEDB-gRyQsNeATDU1OCpzdRMgpkLsT5Qn1QtNDEEjNaY3Coxcq51dE1dx6WQsEf_s_JWUUgMQHRgZB7huf-jMacOjOcsfvd5oGZC5OoXGZ-ELWKyR6enQzRMtpMjHgcfXI09k81LyHf7ZB5Ds7EUEL0UqT0Sq4IA/1200x900,2026-09-22T05:52:37Z
Citroen,C3 Picasso,Citroen C3 Picasso I,https://auto.ru/cars/used/sale/citroen/c3_picasso/1134209108-80ecb236/,699000,Сургут,2012,,5,69000,1,Не требует ремонта,Оригинал,,"бензин, 1.6 AMT (115 л.с.)",робот,передний,Левый,Компактвэн,белый,https://photo.auto.ru/photo/get-autoru-vos/16409627/3taiOJZq-bzfebO9nfoIPejbTd_jZ3w9qemp45PnLamuHDA5F3f3wniTpmFGto0A1AOzpf878Ynz8dnU8M-AKnTwWcqXuyiRRri1iZNAbTE615DWBbY0lk2OqLk94uCxXCvGkzLmh_Fm5gJMeLvK6s9phe2t3sJkqPMwYef3a1P_IKM/1200x900,2026-09-22T05:52:37Z
Ford,Focus,Ford Focus II Рестайлинг,https://auto.ru/cars/used/sale/ford/focus/1132999702-71ec5326/,519000,Сургут,2008,,5,215000,4,Не требует ремонта,Оригинал,Comfort,"бензин, 1.8 MT (125 л.с.)",механическая,передний,Левый,Седан,чёрный,https://photo.auto.ru/photo/get-autoru-vos/14916128/ABdxcKr3ev88VdWXNjS9RiSLIc-NyAbVUdW2iQA8kSIlZxfSPGsCiyCeWO312q2TBNugrsBJojn-vQTVvnMG1pmUFpfkbM2VmmyLvoic6iGhfAF1IZZjHPHUYJrPiM_aUWitrdeu3txuAWmF9ZxDJO6mZ0EvRPnsuIOolyQxQEsa4KM/1200x900,2026-09-22T05:52:37Z
Nissan,Skyline,Nissan Skyline XI (V35),https://auto.ru/cars/used/sale/nissan/skyline/1133254561-30ae780e/,369000,Сургут,2003,,5,247000,4,Не требует ремонта,Дубликат,,"бензин, 2.5 AT (215 л.с.) 4WD",автоматическая,полный,Правый,Седан,серебристый,https://avatars.avto.ru/get-autoru-vos/20487659/7f7155efb617830b9f266c26c867cfcf/1200x900,2026-09-22T05:52:37Z
Kia,Rio,Kia Rio IV,https://auto.ru/cars/used/sale/kia/rio/1133427122-116f0096/,1199000,Сургут,2019,,5,184123,2,Не требует ремонта,Оригинал,Premium,"бензин, 1.6 AT (123 л.с.)",автоматическая,передний,Левый,Седан,белый,https://avatars.avto.ru/get-autoru-vos/20680164/d9a03f4fc0cdfa669e9d8ea32c5e38d8/1200x900,2026-09-22T05:52:37Z
Opel,Astra,Opel Astra J Рестайлинг,https://auto.ru/cars/used/sale/opel/astra/1134230525-1d4f05bf/,699000,Сургут,2014,,5,210000,1,Не требует ремонта,Оригинал,,"бензин, 1.6 MT (115 л.с.)",механическая,передний,Левый,Седан,синий,https://avatars.avto.ru/get-autoru-vos/20961665/120a7bdda363bef7201e6d0006456523/1200x900,2026-09-22T05:52:37Z
Mitsubishi,Lancer,Mitsubishi Lancer X,https://auto.ru/cars/used/sale/mitsubishi/lancer/1134127211-3144b12c/,829000,Сургут,2008,,5,203000,4,Не требует ремонта,Оригинал,,"бензин, 1.5 AT (109 л.с.)",автоматическая,передний,Левый,Седан,чёрный,https://photo.auto.ru/photo/get-autoru-vos/15073297/rP3rh_vo26Kuj8DJlKUZkgwvZNgPyd7mcGhAo-ugdFAvbPAl58eN7iAvBQrjCuk5tMSAjNkD6iglWr2VlaG2RsxpiHU3An1nu7j5SX_OVe6ScxRu0WVmmC3tadEjFKeRV1s8Sdyh3ulLk8hGS_Z6lU_Hta5NY024nvtH6-VGMvZ5Ygs/1200x900,2026-09-22T05:52:37Z
Mitsubishi,eK Wagon,Mitsubishi eK Wagon III Рестайлинг,https://auto.ru/cars/used/sale/mitsubishi/ek_wagon/1133696158-9ce50899/,789000,Сургут,2016,,4,178700,1,Не требует ремонта,Оригинал,,"бензин, 0.7 CVT (49 л.с.) 4WD",вариатор,полный,Правый,Хэтчбек 5 дв.,чёрный,https://avatars.avto.ru/get-autoru-vos/17733459/51938a1cd18ee01635a91efadc18286e/1200x900,2026-09-22T05:52:37Z
Kia,Cerato,Kia Cerato 4-speed II,https://auto.ru/cars/used/sale/kia/cerato/1134216793-981cf498/,839000,Сургут,2009,,5,279000,4,Не требует ремонта,Дубликат,,"бензин, 4-speed 1.6 AT (126 л.с.)",автоматическая,передний,Левый,Седан,серебристый,https://avatars.avto.ru/get-autoru-vos/17777984/b7706c5900f9eb1849e6326133266eeb/1200x900,2026-09-22T05:52:37Z
Suzuki,SX4,Suzuki SX4 I (Classic),https://auto.ru/cars/used/sale/suzuki/sx4/1132008856-2f168756/,479000,Сургут,2008,,5,230000,4,Не требует ремонта,Дубликат,,"бензин, 1.6 MT (107 л.с.)",механическая,передний,Левый,Хэтчбек 5 дв.,красный,https://avatars.avto.ru/get-autoru-vos/18306378/5512b84367073f0ea139a3f257e4eb75/1200x900,2026-09-22T05:52:37Z
Kia,Ceed,Kia Ceed III,https://auto.ru/cars/used/sale/kia/ceed/1133934915-e3ad43e5/,1779000,Сургут,2019,,5,160000,1,Не требует ремонта,Оригинал,,"бензин, 1.6 AT (128 л.с.)",автоматическая,передний,Левый,Универсал 5 дв.,серебристый,https://avatars.avto.ru/get-autoru-vos/20291570/36fd49b8539097f0c463d9d86400ddf6/1200x900,2026-09-22T05:52:37Z
Opel,Astra,Opel Astra GTC J Рестайлинг,https://auto.ru/cars/used/sale/opel/astra/1134153252-6510b02d/,839000,Сургут,2012,,5,214000,4,Не требует ремонта,Дубликат,,"бензин, GTC 1.8 MT (140 л.с.)",механическая,передний,Левый,Хэтчбек 3 дв. GTC,белый,https://avatars.avto.ru/get-autoru-vos/17637180/d85dc3cebfc7a7132b91c80971a87e82/1200x900,2026-09-22T05:52:37Z
Kia,Rio,Kia Rio III,https://auto.ru/cars/used/sale/kia/rio/1134209106-788ff0ef/,789000,Сургут,2011,,5,238000,3,Не требует ремонта,Оригинал,,"бензин, 1.4 MT (107 л.с.)",механическая,передний,Левый,Седан,синий,https://photo.auto.ru/photo/get-autoru-vos/18006848/c2U79Npl_XXS3Ygnn5hayDBbLixGlDJ1QkbWyrJjkxDRkovFqYww8zNxs4u7J40Q3gKUwv9KVEzeBW7cO98gkCHXlAItFxk553655fPRhzMVDWztj_BN46DRoFu_rZ3Cjq1j26mybVl_SJNahKkvNtzeXFX0kcmqSqn6ScBhtQUyKrI/1200x900,2026-09-22T05:52:37Z
Mazda,3,Mazda 3 I (BK) Рестайлинг,https://auto.ru/cars/used/sale/mazda/3/1133738369-b9d50581/,619000,Сургут,2007,,5,420000,4,Не требует ремонта,Дубликат,,"бензин, 1.6 AT (105 л.с.)",автоматическая,передний,Левый,Хэтчбек 5 дв.,чёрный,https://avatars.avto.ru/get-autoru-vos/18986119/6c6b22424f3105d217595b9d657d5191/1200x900,2026-09-22T05:52:37Z
Toyota,Corolla,"Toyota Corolla X (E140, E150)",https://auto.ru/cars/used/sale/toyota/corolla/1133801016-1b8ddba5/,519000,Сургут,2008,,5,236000,4,Не требует ремонта,Дубликат,,"бензин, 1.6 MT (124 л.с.)",механическая,передний,Левый,Седан,серебристый,https://avatars.avto.ru/get-autoru-vos/19792100/18d64ffab8e0b53c076401c55154df8e/1200x900,2026-09-22T05:52:37Z
Mazda,Demio,Mazda Demio Miller Cycle III (DE),https://auto.ru/cars/used/sale/mazda/demio/1134090608-2fe86b44/,689000,Сургут,2007,,5,100150,3,Не требует ремонта,Оригинал,,"бензин, Miller Cycle 1.4 CVT (90 л.с.)",вариатор,передний,Правый,Хэтчбек 5 дв.,фиолетовый,https://photo.auto.ru/photo/get-autoru-vos/18006848/cahsRhedOd5S_OYs0w4gXAD7Nyc66jYZa1WNd2qxReWMKlkMC38Da5rR7hnNLNRgmbt6ChIEHE5JO5ioGMe7Jaql9Hxx68BPFOOyI6T_Y-ygJ0NQA0OR4te2tJ7SKEeGvGGGimLmI95DfLcIP_VNwsBVoIKfcG4dCmLWyCJUyXNz-Nw/1200x900,2026-09-22T05:52:37Z
Volkswagen,Jetta,Volkswagen Jetta VI,https://auto.ru/cars/used/sale/volkswagen/jetta/1134110315-efe0cc2b/,979000,Сургут,2014,,5,172000,3,Не требует ремонта,Оригинал,,"бензин, 1.4 AMT (122 л.с.)",робот,передний,Левый,Седан,белый,https://avatars.avto.ru/get-autoru-vos/20439065/47a773a7ba390de26c553f900aee03c2/1200x900,2026-09-22T05:52:37Z
Lada (ВАЗ),Niva Legend,Lada (ВАЗ) Niva Legend I,https://auto.ru/cars/used/sale/vaz/niva_legend/1134118246-37abff8b/,979000,Сургут,2022,,4,42567,1,Не требует ремонта,Оригинал,,"бензин, 1.7 MT (83 л.с.) 4WD",механическая,полный,Левый,Внедорожник 3 дв.,чёрный,https://avatars.avto.ru/get-autoru-vos/16673081/d8226f9ae2200652ea37a491c504c8ac/1200x900,2026-09-22T05:52:37Z
Kia,Soul,Kia Soul I,https://auto.ru/cars/used/sale/kia/soul/1133923478-ff1d0208/,899000,Сургут,2011,,5,120000,4,Не требует ремонта,Дубликат,,"бензин, 1.6 AT (126 л.с.)",автоматическая,передний,Левый,Хэтчбек 5 дв.,серый,https://avatars.avto.ru/get-autoru-vos/17783177/ba5aef53c0759ccc4c95b661dc8cc718/1200x900,2026-09-22T05:52:37Z
Kia,Rio,Kia Rio IV,https://auto.ru/cars/used/sale/kia/rio/1129101604-f2c96fbc/,1299000,Сургут,2019,,5,102242,2,Не требует ремонта,Оригинал,Comfort,"бензин, 1.6 AT (123 л.с.)",автоматическая,передний,Левый,Седан,белый,https://photo.auto.ru/photo/get-autoru-vos/4256155/iHpfE3QcaAD_FlLXuFE2E3J0HIHMfV1h_bImmUHH_XkidWyKW6Ap-0a2LfXAM0ciC7bXdpb0DeE7VQCurz0tGvLLlIcD8BKzRGmsoLdAAJulQ_9r6BN55dg5AcShW63ulQ7nxJ8EWENv_2ri9QWjdWgXabL26pt0e9ENYcnuD7Kma0g/1200x900,2026-09-22T05:52:37Z
Toyota,Altezza,Toyota Altezza,https://auto.ru/cars/used/sale/toyota/altezza/1134026504-5890eccc/,619000,Сургут,1999,,5,350000,4,Не требует ремонта,Дубликат,,"бензин, 2.0 AT (160 л.с.)",автоматическая,задний,Правый,Седан,серый,https://photo.auto.ru/photo/get-autoru-vos/4580614/AQqKNkCDVmcCy_BczT4JGml2lPDaPgKr2wxThCJa2uKUZ9CGl0HfLmcJFl3l-MKmKfH09dBe0fcE0ykA3JYXGbrnTItmIHYjkXSe4gfHmea9-3OfmATanrTQ2osM1zOTxzXsDVW0zr5ZnQvxlmcd7EOv23UTRukpskxDVNPFNDGZyrc/1200x900,2026-09-22T05:52:37Z
Toyota,Corolla,"Toyota Corolla X (E140, E150)",https://auto.ru/cars/used/sale/toyota/corolla/1134118846-3328f506/,849000,Сургут,2007,,5,240260,4,Не требует ремонта,Оригинал,,"бензин, 1.6 MT (124 л.с.)",механическая,передний,Левый,Седан,серебристый,https://avatars.avto.ru/get-autoru-vos/17786981/2765ba0872d840a0a5c95ac8e204f12f/1200x900,2026-09-22T05:52:37Z
Kia,Cerato,Kia Cerato III,https://auto.ru/cars/used/sale/kia/cerato/1134199880-d39e1bbe/,1009000,Сургут,2013,,5,142100,3,Не требует ремонта,Оригинал,,"бензин, 1.6 MT (130 л.с.)",механическая,передний,Левый,Седан,чёрный,https://avatars.avto.ru/get-autoru-vos/15404718/fdf07bfc31f95394b549e0e535311ef9/1200x900,2026-09-22T05:52:37Z
Toyota,Corolla,"Toyota Corolla X (E140, E150)",https://auto.ru/cars/used/sale/toyota/corolla/1134167040-9ff3f571/,669000,Сургут,2009,,5,250000,4,Не требует ремонта,Дубликат,,"бензин, 1.6 MT (124 л.с.)",механическая,передний,Левый,Седан,белый,https://avatars.avto.ru/get-autoru-vos/20740510/251abc9a4572f03858f36032be645e6b/1200x900,2026-09-22T05:52:37Z
Hyundai,Elantra,Hyundai Elantra IV (HD),https://auto.ru/cars/used/sale/hyundai/elantra/1133977458-95c179c5/,679000,Сургут,2011,,5,310000,4,Не требует ремонта,Оригинал,,"бензин, 1.6 AT (122 л.с.)",автоматическая,передний,Левый,Седан,серебристый,https://avatars.avto.ru/get-autoru-vos/19831563/ffc5bbe4e50df78b49b122da6113edcd/1200x900,2026-09-22T05:52:37Z
Mazda,3,Mazda 3 II (BL) Рестайлинг,https://auto.ru/cars/used/sale/mazda/3/1134008790-8bb4c710/,1099000,Сургут,2013,,5,93000,4,Не требует ремонта,Дубликат,,"бензин, 1.6 AT (105 л.с.)",автоматическая,передний,Левый,Хэтчбек 5 дв.,серебристый,https://avatars.avto.ru/get-autoru-vos/2752894/1069bbb7e7b8b16c5b1f6e1037cd852b/1200x900,2026-09-22T05:52:37Z
Nissan,Note,Nissan Note II Рестайлинг,https://auto.ru/cars/used/sale/nissan/note/1134052432-061f17e6/,1349000,Сургут,2020,,5,37500,1,Не требует ремонта,Оригинал,,"бензин, 1.2 CVT (79 л.с.)",вариатор,передний,Правый,Хэтчбек 5 дв.,серебристый,https://avatars.avto.ru/get-autoru-vos/2165557/11595c47657ecb8e7d2cfb8c30c8797f/1200x900,2026-09-22T05:52:39Z
Toyota,Camry,Toyota Camry VII (XV50),https://auto.ru/cars/used/sale/toyota/camry/1134230523-3d99470b/,1949000,Сургут,2013,,5,180000,3,Не требует ремонта,Оригинал,,"бензин, 2.5 AT (181 л.с.)",автоматическая,передний,Левый,Седан,белый,https://avatars.avto.ru/get-autoru-vos/18004164/db14cbefcb25bb5d7dd79df394d39e58/1200x900,2026-09-22T05:52:39Z
Kia,Rio,Kia Rio III Рестайлинг,https://auto.ru/cars/used/sale/kia/rio/1134118244-1215c42b/,999000,Сургут,2015,,5,203000,3,Не требует ремонта,Оригинал,,"бензин, 1.6 MT (123 л.с.)",механическая,передний,Левый,Седан,коричневый,https://avatars.avto.ru/get-autoru-vos/17711405/554c4c131fa13ebb900df373024fde8c/1200x900,2026-09-22T05:52:39Z
Chevrolet,Aveo,Chevrolet Aveo II,https://auto.ru/cars/used/sale/chevrolet/aveo/1131558534-0e88adc3/,469000,Сургут,2014,,5,178725,3,Не требует ремонта,Дубликат,LT,"бензин, 1.6 MT (115 л.с.)",механическая,передний,Левый,Седан,чёрный,https://avatars.avto.ru/get-autoru-vos/4706845/291b38647df4805ffe7454c555e3ad90/1200x900,2026-09-22T05:52:39Z
Lada (ВАЗ),Granta,Lada (ВАЗ) Granta I,https://auto.ru/cars/used/sale/vaz/granta/1133511305-94fc9a1a/,309000,Сургут,2012,,5,199000,3,Не требует ремонта,Оригинал,,"бензин, 1.6 MT (82 л.с.)",механическая,передний,Левый,Седан,фиолетовый,https://photo.auto.ru/photo/get-autoru-vos/21074985/780L0jrItBefN_qh3fRON8lpjcAndaj9m5HcSN6h5mhwGYWs7RC_totSOKvkuILg3pPWwZvnW9ZEgvlYt0mCEugN6y7hOSVGUhQu_o_HEy_uwmkLjsn1YP1cJmi7q6t4u_7OOxVZrTGsN4JpSCB3NA5xeWkN4NTiQwuOh3MsxyENSk4/1200x900,2026-09-22T05:52:39Z
Lada (ВАЗ),Vesta,Lada (ВАЗ) Vesta I,https://auto.ru/cars/used/sale/vaz/vesta/1133933985-a9282e47/,859000,Сургут,2018,,5,128000,3,Не требует ремонта,Дубликат,,"бензин, 1.6 MT (106 л.с.)",механическая,передний,Левый,Седан,белый,https://avatars.avto.ru/get-autoru-vos/14916128/9c338c3900982c88a7bc3ea4772f6312/1200x900,2026-09-22T05:52:39Z
Toyota,Corolla,"Toyota Corolla IX (E120, E130) Рестайлинг",https://auto.ru/cars/used/sale/toyota/corolla/1134097289-000c8064/,619000,Сургут,2006,,5,260000,3,Не требует ремонта,Оригинал,,"бензин, 1.6 AT (110 л.с.)",автоматическая,передний,Левый,Хэтчбек 5 дв.,чёрный,https://avatars.avto.ru/get-autoru-vos/20035467/864ef470cc460416b94f2e22cbe1c626/1200x900,2026-09-22T05:52:39Z
Chevrolet,Cruze,Chevrolet Cruze II,https://auto.ru/cars/used/sale/chevrolet/cruze/1132415207-4406913b/,1059000,Сургут,2016,,5,197782,3,Не требует ремонта,Оригинал,,"бензин, 1.4 AT (153 л.с.)",автоматическая,передний,Левый,Седан,чёрный,https://photo.auto.ru/photo/get-autoru-vos/20981853/OEct7fRRjg5ex0C1uG84yeIhIcavOshpdeoT0HopFiJA3O2GC9x5FK20DttTj05d_4-xy2IlEJXVjWg7UXrqhixOkgBcz-kJHZjTzHUny9D5v6CrD7kV4V27Mfyg1ORhgLGg6avj1vDmvRccEo7-tEsutdDvl_mEPVF9IqCr6q9xzwY/1200x900,2026-09-22T05:52:39Z
Kia,Rio,Kia Rio IV,https://auto.ru/cars/used/sale/kia/rio/1134030310-9d779f9d/,1299000,Сургут,2020,,5,226322,2,Не требует ремонта,Оригинал,,"бензин, 1.6 AT (123 л.с.)",автоматическая,передний,Левый,Седан,серебристый,https://photo.auto.ru/photo/get-autoru-vos/2069642/UYKjqKgLMdvMas1pNffHNn-8ziAZPdhCV7jEYitbzAfzKsHD0XjP-WLtxa014sviOATLfZX2RSyuDWXqB76A615otIYAWeFf0W_Ybgf6r3-urP6Pfm6y3LfpFYgg5vWaW8qiK2VwSHVHW4zHivypZrOS6Bn35dVBJYErvG7sB70ppXA/1200x900,2026-09-22T05:52:39Z
Nissan,Teana,Nissan Teana II (J32) Рестайлинг,https://auto.ru/cars/used/sale/nissan/teana/1133344224-f0397958/,1209000,Сургут,2011,,5,227000,3,Не требует ремонта,Оригинал,Elegance+ Four,"бензин, 2.5 CVT (167 л.с.) 4WD",вариатор,полный,Левый,Седан,белый,https://avatars.avto.ru/get-autoru-vos/18720861/972cfef4171e268e0cf4e6153288b217/1200x900,2026-09-22T05:52:39Z
Volkswagen,Polo,Volkswagen Polo V Рестайлинг,https://auto.ru/cars/used/sale/volkswagen/polo/1133952028-b73281ec/,1219000,Сургут,2019,,5,119365,2,Не требует ремонта,Оригинал,,"бензин, 1.6 AT (110 л.с.)",автоматическая,передний,Левый,Седан,серый,https://avatars.avto.ru/get-autoru-vos/18154113/c6a1ee0e0ae8dfb8ea31d9451ec11ce3/1200x900,2026-09-22T05:52:39Z
Kia,Rio,Kia Rio III Рестайлинг,https://auto.ru/cars/used/sale/kia/rio/1133590791-f60b5441/,1099000,Сургут,2017,,5,86200,4,Не требует ремонта,Дубликат,Comfort Аудио,"бензин, 1.6 AT (123 л.с.)",автоматическая,передний,Левый,Седан,чёрный,https://avatars.avto.ru/get-autoru-vos/1701598/937f98472c3238b04e9849d24d69ad6b/1200x900,2026-09-22T05:52:39Z
Lada (ВАЗ),Granta,Lada (ВАЗ) Granta I Рестайлинг,https://auto.ru/cars/used/sale/vaz/granta/1133943293-a958f6ef/,629000,Сургут,2021,,5,34000,4,Не требует ремонта,Оригинал,,"бензин, 1.6 MT (87 л.с.)",механическая,передний,Левый,Седан,синий,https://avatars.avto.ru/get-autoru-vos/2165922/7f6cb8ab1d0edc59224901380d5429b7/1200x900,2026-09-22T05:52:39Z
Honda,Civic,Honda Civic VIII Рестайлинг,https://auto.ru/cars/used/sale/honda/civic/1134209748-c552f788/,1009000,Сургут,2009,,5,312000,4,Не требует ремонта,Оригинал,,"бензин, 1.8 AT (140 л.с.)",автоматическая,передний,Левый,Седан,серебристый,https://avatars.avto.ru/get-autoru-vos/13922065/6065f1527298f78df163e2b74d9258d1/1200x900,2026-09-22T05:52:39Z
Hyundai,Solaris,Hyundai Solaris II,https://auto.ru/cars/used/sale/hyundai/solaris/1133737541-c5d326d8/,1379000,Сургут,2017,,5,137000,2,Не требует ремонта,Дубликат,,"бензин, 1.6 AT (123 л.с.)",автоматическая,передний,Левый,Седан,серый,https://avatars.avto.ru/get-autoru-vos/3913595/717ee683afc61edbaa594be6a20bc189/1200x900,2026-09-22T05:52:39Z
Hyundai,Solaris,Hyundai Solaris II,https://auto.ru/cars/used/sale/hyundai/solaris/1134066011-01c896b7/,1369000,Сургут,2017,,5,263500,3,Не требует ремонта,Оригинал,,"бензин, 1.6 AT (123 л.с.)",автоматическая,передний,Левый,Седан,серый,https://photo.auto.ru/photo/get-autoru-vos/21167286/3hd2mRyiHUlNgmasJaPgrnc_mfmYO8330lHMs-i8G-7yzC0dLr59Egjbtmu6a6fKZW9_vmyPlWdzFGNO_Z5tQfI9lx2kj7Gl7eDEI-ySdrY181mbaCAnHuNelVFmushLZ7Y7qdjbBjgUsF99RR1KUyxUeZRCPX6sep1MTTCXE2dssGQ/1200x900,2026-09-22T05:52:39Z
Ford,Focus,Ford Focus II,https://auto.ru/cars/used/sale/ford/focus/1134097290-28a9076e/,629000,Сургут,2007,,5,415000,4,Не требует ремонта,Оригинал,,"бензин, 1.6 MT (100 л.с.)",механическая,передний,Левый,Хэтчбек 5 дв.,белый,https://avatars.avto.ru/get-autoru-vos/17750173/7016c5b31cbacc8297e0cdc9f3d7a84f/1200x900,2026-09-22T05:52:39Z
Lada (ВАЗ),Vesta,Lada (ВАЗ) Vesta I,https://auto.ru/cars/used/sale/vaz/vesta/1134210334-4ff78cdc/,889000,Сургут,2020,,5,120365,3,Не требует ремонта,Оригинал,,"бензин, 1.6 MT (106 л.с.)",механическая,передний,Левый,Седан,серебристый,https://avatars.avto.ru/get-autoru-vos/18143138/c5cb81c307b03dd335eb0b21ac9a24d7/1200x900,2026-09-22T05:52:39Z
Hyundai,Solaris,Hyundai Solaris I,https://auto.ru/cars/used/sale/hyundai/solaris/1133520826-b588499c/,619000,Сургут,2011,,5,259235,4,Не требует ремонта,Дубликат,Classic,"бензин, 1.6 MT (123 л.с.)",механическая,передний,Левый,Седан,белый,https://avatars.avto.ru/get-autoru-vos/17999629/1ca05910d6953aa55054a36e71e0dbe9/1200x900,2026-09-22T05:52:39Z
Lada (ВАЗ),Granta,Lada (ВАЗ) Granta I Рестайлинг,https://auto.ru/cars/used/sale/vaz/granta/1133414849-4c6e34fe/,679000,Сургут,2018,,5,123000,1,Не требует ремонта,Оригинал,Luxe,"бензин, 1.6 MT (87 л.с.)",механическая,передний,Левый,Седан,чёрный,https://avatars.avto.ru/get-autoru-vos/19700919/f64e4bf4a1f566e68a9afb4039e38b20/1200x900,2026-09-22T05:52:39Z
Opel,Zafira,Opel Zafira B Рестайлинг,https://auto.ru/cars/used/sale/opel/zafira/1134066009-07aef6b7/,859000,Сургут,2012,,5,190000,2,Не требует ремонта,Оригинал,,"бензин, 1.8 MT (140 л.с.)",механическая,передний,Левый,Компактвэн,серебристый,https://photo.auto.ru/photo/get-autoru-vos/2164928/OV_x47-vFw8dBVlzank-qOIuhgB8CbZPdUCSFvXjnMykBa10lwYAWayD9sHPmc2PVc_vI3wb_O0lX5oxZW_GGLLhcG-pcGxNsggF3FuzTx1wCGQv5D0qL2e3bKmJhFFaLuAN2wz0AZVf_q-ekv4QEZv6qNZJ3ZiBQ624jE_P85CBaFA/1200x900,2026-09-22T05:52:39Z
Lada (ВАЗ),Largus,Lada (ВАЗ) Largus I,https://auto.ru/cars/used/sale/vaz/largus/1134230528-bbdea12c/,889000,Сургут,2016,,5,155000,4,Не требует ремонта,Дубликат,,"бензин, 1.6 MT (102 л.с.)",механическая,передний,Левый,Универсал 5 дв.,синий,https://avatars.avto.ru/get-autoru-vos/18375018/e67d1773fc65418b340ddbfd53efc340/1200x900,2026-09-22T05:52:39Z
Kia,Rio,Kia Rio 4-speed III,https://auto.ru/cars/used/sale/kia/rio/1134209109-e7c75890/,909000,Сургут,2013,,5,125000,3,Не требует ремонта,Оригинал,,"бензин, 4-speed 1.6 AT (123 л.с.)",автоматическая,передний,Левый,Хэтчбек 5 дв.,белый,https://photo.auto.ru/photo/get-autoru-vos/21167286/rYPBKrTzbiaoei2pXu-Rj150Otsh9SCnRTFUyV0rFLPeo6OrU5Gj1_zxUF1kCr9TWXyLKj7G4EWoeXyHHkpQB_NNpouBn8XeHfhdh8OZsYejLvqwERj6Ycj4PRSJ8NWbHBiMN9ZcGyhDohIAtbJotDkH8R0vKNJVZxj8BX6x4T4LhoQ/1200x900,2026-09-22T05:52:39Z
Hyundai,Solaris,Hyundai Solaris II Рестайлинг,https://auto.ru/cars/used/sale/hyundai/solaris/1134083019-490e12bd/,1539000,Сургут,2021,,5,135000,1,Не требует ремонта,Оригинал,,"бензин, 1.6 AT (123 л.с.)",автоматическая,передний,Левый,Седан,серебристый,https://avatars.avto.ru/get-autoru-vos/20444157/24ad10934e278cb1c876643aba1f4652/1200x900,2026-09-22T05:52:39Z
Lada (ВАЗ),2121 (4x4),Lada (ВАЗ) 2121 (4x4) I Рестайлинг,https://auto.ru/cars/used/sale/vaz/2121/1133193895-5b8fb08c/,629000,Сургут,2018,,4,90000,2,Не требует ремонта,Оригинал,Black Edition,"бензин, 1.7 MT (83 л.с.) 4WD",механическая,полный,Левый,Внедорожник 3 дв.,белый,https://avatars.avto.ru/get-autoru-vos/21074985/90c980d00ec3fa7cd00a5cbfa9581c5a/1200x900,2026-09-22T05:52:39Z
Audi,A3,Audi A3 III (8V),https://auto.ru/cars/used/sale/audi/a3/1134216796-592464f1/,1329000,Сургут,2013,,5,203500,4,Не требует ремонта,Оригинал,,"бензин, 1.4 AMT (122 л.с.)",робот,передний,Левый,Седан,красный,https://avatars.avto.ru/get-autoru-vos/2091203/c9aff9556d27fe697c06d7f52cabe72c/1200x900,2026-09-22T05:52:39Z
Skoda,Rapid,Skoda Rapid I Рестайлинг,https://auto.ru/cars/used/sale/skoda/rapid/1134038503-24d54e57/,729000,Сургут,2018,,5,492000,4,Не требует ремонта,Дубликат,,"бензин, 1.6 AT (110 л.с.)",автоматическая,передний,Левый,Лифтбек,белый,https://photo.auto.ru/photo/get-autoru-vos/17945344/JYqcjbLLyAO_CgOOToWBKFu-G7D9SoZYEVJEO8hKVUppqsMstyJi9e4iCSLkQ8SerlEwi5ugwfOE68DiSUWVOZnfwd26pp3MbpQWm229QLYNk4DkgNyL7Dpscr3QNk8lI1TrfYaeEghryueV0v_9y3ftJYu1Uc74szoaNDmggry9R6s/1200x900,2026-09-22T05:52:39Z
Toyota,Corolla,"Toyota Corolla IX (E120, E130) Рестайлинг",https://auto.ru/cars/used/sale/toyota/corolla/1133880480-253313ed/,539000,Сургут,2006,,5,286857,4,Не требует ремонта,Дубликат,,"бензин, 1.6 MT (110 л.с.)",механическая,передний,Левый,Седан,голубой,https://avatars.avto.ru/get-autoru-vos/5991263/107d4adb77377412ffd345e8974ccbbc/1200x900,2026-09-22T05:52:39Z
Geely,Coolray,Geely Coolray I,https://auto.ru/cars/used/sale/geely/coolray/1134230524-7674dd37/,1999000,Сургут,2021,,5,101123,3,Не требует ремонта,Оригинал,,"бензин, 1.5 AMT (150 л.с.)",робот,передний,Левый,Внедорожник 5 дв.,серебристый,https://avatars.avto.ru/get-autoru-vos/17645331/fc27f59b13a4da121d3196439ad1233e/1200x900,2026-09-22T05:52:39Z
Hyundai,Solaris,Hyundai Solaris I Рестайлинг,https://auto.ru/cars/used/sale/hyundai/solaris/1134021683-fb09071d/,799000,Сургут,2014,,5,142247,4,Не требует ремонта,Дубликат,,"бензин, 1.6 MT (123 л.с.)",механическая,передний,Левый,Седан,чёрный,https://avatars.avto.ru/get-autoru-vos/2079997/caa55f084e813639f8d6824204fb167e/1200x900,2026-09-22T05:52:39Z
Opel,Zafira,Opel Zafira B,https://auto.ru/cars/used/sale/opel/zafira/1134038499-137c41c6/,369000,Сургут,2006,,7,290672,4,Не требует ремонта,Дубликат,,"бензин, 1.8 MT (140 л.с.)",механическая,передний,Левый,Компактвэн,серебристый,https://avatars.avto.ru/get-autoru-vos/18152297/872022d65c02e82705d4d239ef34ee31/1200x900,2026-09-22T05:52:39Z
Lada (ВАЗ),Vesta,Lada (ВАЗ) Vesta I,https://auto.ru/cars/used/sale/vaz/vesta/1134216012-91227c27/,809000,Сургут,2017,,5,191900,2,Не требует ремонта,Оригинал,,"бензин, 1.6 MT (106 л.с.)",механическая,передний,Левый,Седан,коричневый,https://avatars.avto.ru/get-autoru-vos/17999629/c894d4e6e5a19d561a55166eafea200e/1200x900,2026-09-22T05:52:39Z
Lada (ВАЗ),Vesta,Lada (ВАЗ) Vesta I Рестайлинг (NG),https://auto.ru/cars/used/sale/vaz/vesta/1133964500-12f8c3c1/,1569000,Сургут,2024,,5,19000,2,Не требует ремонта,Оригинал,,"бензин, 1.8 CVT (122 л.с.)",вариатор,передний,Левый,Седан,серебристый,https://photo.auto.ru/photo/get-autoru-vos/20761562/8wLKTx47hVsJd4V9IxRYR72s1uzjAkPyZL8aQpJZLS28bc96mx9ZgIOdLL2todenCoQ29Zi_0s_AuJLLtTIfLmlzUdKnRmp6fcgBtIESeJn3gUVbbqb_T3m6GddDnsYtZTKOu7kAAxU93FaLBqCFlo0_PuxG6H08gph_7HyWhWucgP0/1200x900,2026-09-22T05:52:39Z
Nissan,Note,Nissan Note I,https://auto.ru/cars/used/sale/nissan/note/1132718808-ea9e7ae6/,399000,Сургут,2006,,5,182500,4,Не требует ремонта,Дубликат,Comfort,"бензин, 1.4 MT (88 л.с.)",механическая,передний,Левый,Хэтчбек 5 дв.,синий,https://photo.auto.ru/photo/get-autoru-vos/18101889/crEjki8V2ZRPz_kl2WvTu4fBM7R6jm6FBlZFpUZO6eDeRWP3zeT66JH-hZQEm8hguZvgnn5GLpjXFlzLSr4gLlM8mtQ7iQJBW7ErgyxTYS-72CiCFPZ_c9BzlSuHS52t_4JBpW4-JL09UZRTpy546kCBUkZMws70utZNbsny9c8qCZc/1200x900,2026-09-22T05:52:39Z
Ford,Focus,Ford Focus II Рестайлинг,https://auto.ru/cars/used/sale/ford/focus/1134167041-44bfaebd/,829000,Сургут,2011,,5,196000,2,Не требует ремонта,Оригинал,,"бензин, 2.0 AT (145 л.с.)",автоматическая,передний,Левый,Седан,чёрный,https://avatars.avto.ru/get-autoru-vos/16483913/e8c619fbbe59ca1041a25c850bf3cc27/1200x900,2026-09-22T05:52:39Z
Hyundai,Solaris,Hyundai Solaris I,https://auto.ru/cars/used/sale/hyundai/solaris/1133602298-e5821e91/,679000,Сургут,2011,,5,227783,3,Не требует ремонта,Дубликат,Classic,"бензин, 1.6 MT (123 л.с.)",механическая,передний,Левый,Седан,чёрный,https://avatars.avto.ru/get-autoru-vos/20487659/0adc5ba7625fe6bbc05488fdc65fa7c3/1200x900,2026-09-22T05:52:39Z
Volkswagen,Passat,Volkswagen Passat B7,https://auto.ru/cars/used/sale/volkswagen/passat/1134030312-3d253ece/,1199000,Сургут,2012,,5,226000,3,Не требует ремонта,Дубликат,,"бензин, 1.8 AMT (152 л.с.)",робот,передний,Левый,Седан,чёрный,https://avatars.avto.ru/get-autoru-vos/19849727/4366695c566dfabbb75357e9292fb6d2/1200x900,2026-09-22T05:52:39Z
Lada (ВАЗ),Granta,Lada (ВАЗ) Granta I Рестайлинг,https://auto.ru/cars/used/sale/vaz/granta/1133993169-21ba5023/,779000,Сургут,2023,,5,65000,1,Не требует ремонта,Оригинал,,"бензин, 1.6 MT (90 л.с.)",механическая,передний,Левый,Седан,чёрный,https://avatars.avto.ru/get-autoru-vos/2168885/f0a3cd1a56c4f46b30dd379ccbf03ca1/1200x900,2026-09-22T05:52:42Z
Lada (ВАЗ),Vesta,Lada (ВАЗ) Vesta I Рестайлинг (NG),https://auto.ru/cars/used/sale/vaz/vesta/1133865131-a573e2dc/,1599000,Сургут,2024,,5,17348,1,Не требует ремонта,Оригинал,,"бензин, 1.6 MT (106 л.с.)",механическая,передний,Левый,Седан,белый,https://avatars.avto.ru/get-autoru-vos/6269479/398161114067bc0737a0ca39cdd86fb5/1200x900,2026-09-22T05:52:42Z
Lada (ВАЗ),Kalina,Lada (ВАЗ) Kalina II,https://auto.ru/cars/used/sale/vaz/kalina/1133455376-0a53c372/,529000,Сургут,2013,,5,96354,4,Не требует ремонта,Оригинал,Comfort 21922-51-21X,"бензин, 1.6 AT (98 л.с.)",автоматическая,передний,Левый,Хэтчбек 5 дв.,оранжевый,https://avatars.avto.ru/get-autoru-vos/17993102/f84b0413f4c36152286c4e1e8ce9ba91/1200x900,2026-09-22T05:52:42Z
Kia,Rio,Kia Rio III Рестайлинг,https://auto.ru/cars/used/sale/kia/rio/1134052437-a54e5754/,979000,Сургут,2015,,5,92847,3,Не требует ремонта,Оригинал,,"бензин, 1.4 MT (107 л.с.)",механическая,передний,Левый,Седан,чёрный,https://avatars.avto.ru/get-autoru-vos/19792100/cf56e2f3cc7be5de2b53b47a8ff3e1d5/1200x900,2026-09-22T05:52:42Z
Lada (ВАЗ),Granta,Lada (ВАЗ) Granta I Рестайлинг,https://auto.ru/cars/used/sale/vaz/granta/1132830681-ca842d8b/,749000,Сургут,2024,,5,72000,2,Не требует ремонта,Оригинал,Classic Optima,"бензин, 1.6 MT (90 л.с.)",механическая,передний,Левый,Седан,белый,https://avatars.avto.ru/get-autoru-vos/15584432/11ef693b778c46dcef9832a364fdf3ec/1200x900,2026-09-22T05:52:42Z
Lada (ВАЗ),Vesta,Lada (ВАЗ) Vesta I,https://auto.ru/cars/used/sale/vaz/vesta/1133455377-d0fc9a5e/,879000,Сургут,2019,,5,156009,2,Не требует ремонта,Оригинал,Classic Start (2016-2018),"бензин, 1.6 AMT (106 л.с.)",робот,передний,Левый,Седан,серебристый,https://avatars.avto.ru/get-autoru-vos/20134224/2048b42668c3ac87e2e7a44ff4741ddc/1200x900,2026-09-22T05:52:42Z
Lada (ВАЗ),Priora,Lada (ВАЗ) Priora I Рестайлинг,https://auto.ru/cars/used/sale/vaz/2170/1134127210-9e39430c/,649000,Сургут,2017,,5,203430,3,Не требует ремонта,Оригинал,,"бензин, 1.6 MT (87 л.с.)",механическая,передний,Левый,Седан,серый,https://photo.auto.ru/photo/get-autoru-vos/17642370/QFKcYJYXJsnS7t6A0bmFw30_lKdWzT3h2fMp6LbmnJiGkS2pILBqlT2spmfrUUMDsVFYAjWtm-udTk0Qdc-y3Fw804ShtFtaPX9DLGP37C0ULmeZNs52Trk419idCzr5wj0A0ySc8e7_f_uaNhRlzcWm_sM0zlJHq3e_T8qDAhB0n2A/1200x900,2026-09-22T05:52:42Z
Lada (ВАЗ),Priora,Lada (ВАЗ) Priora I,https://auto.ru/cars/used/sale/vaz/2170/1132929862-d5422f50/,329000,Сургут,2011,,5,280000,4,Не требует ремонта,Дубликат,Люкс,"бензин, 1.6 MT (98 л.с.)",механическая,передний,Левый,Седан,зелёный,https://avatars.avto.ru/get-autoru-vos/20134224/c0464700aaef63eda0b4397fe3ebe018/1200x900,2026-09-22T05:52:42Z
Kia,Rio,Kia Rio 4-speed III,https://auto.ru/cars/used/sale/kia/rio/1134066014-b27a1a3a/,1049000,Сургут,2013,,5,86000,2,Не требует ремонта,Оригинал,,"бензин, 4-speed 1.6 AT (123 л.с.)",автоматическая,передний,Правый,Седан,синий,https://avatars.avto.ru/get-autoru-vos/17637180/03cd1e6704a679758a5f28b18905b3c9/1200x900,2026-09-22T05:52:42Z
Lada (ВАЗ),Vesta,Lada (ВАЗ) Vesta SW I,https://auto.ru/cars/used/sale/vaz/vesta/1133934918-ecef7398/,1239000,Сургут,2021,,5,75000,1,Не требует ремонта,Оригинал,,"бензин, SW 1.6 MT (106 л.с.)",механическая,передний,Левый,Универсал 5 дв. SW,белый,https://avatars.avto.ru/get-autoru-vos/4035980/426366b63db5a7a968d755913001fef8/1200x900,2026-09-22T05:52:42Z
Lada (ВАЗ),Granta,Lada (ВАЗ) Granta I Рестайлинг,https://auto.ru/cars/used/sale/vaz/granta/1133977455-c84f8ce3/,559000,Сургут,2018,,5,20000,2,Не требует ремонта,Оригинал,,"бензин, 1.6 MT (87 л.с.)",механическая,передний,Левый,Седан,синий,https://avatars.avto.ru/get-autoru-vos/2155859/ab137a4899a9f5a5ed952acf13c9b1b1/1200x900,2026-09-22T05:52:42Z
Lada (ВАЗ),Priora,Lada (ВАЗ) Priora I Рестайлинг,https://auto.ru/cars/used/sale/vaz/2170/1134008791-c9a81891/,679000,Сургут,2015,,5,242000,4,Не требует ремонта,Дубликат,,"бензин, 1.6 MT (106 л.с.)",механическая,передний,Левый,Седан,белый,https://avatars.avto.ru/get-autoru-vos/20487659/946d975ecca6a40dceaf313a993f3b54/1200x900,2026-09-22T05:52:42Z
Opel,Astra,Opel Astra J,https://auto.ru/cars/used/sale/opel/astra/1134127208-14ff090a/,599000,Сургут,2010,,5,136000,4,Не требует ремонта,Дубликат,,"бензин, 1.4 MT (100 л.с.)",механическая,передний,Левый,Хэтчбек 5 дв.,чёрный,https://photo.auto.ru/photo/get-autoru-vos/20035467/WdYgORrDnZovPyBVqap2YyIVRmy9QNZSclQLuJytcRebi0X_iBvFf-64-IGDfPOuj__fbvtK_A6WOYKiFbLHXL9CeNqtWWlYq71-YtHjdglWgOshl4QWOLM13eaMJLyr0eoVg3kKt5T7_iSxqvWO3aIcDOkWryqkbWNLOFQWj1UXYMs/1200x900,2026-09-22T05:52:42Z
Kia,Rio,Kia Rio 4-speed III,https://auto.ru/cars/used/sale/kia/rio/1133993166-b521daa6/,759000,Сургут,2012,,5,190000,3,Не требует ремонта,Дубликат,,"бензин, 4-speed 1.6 AT (123 л.с.)",автоматическая,передний,Левый,Седан,синий,https://avatars.avto.ru/get-autoru-vos/2079694/eb0569d5412b5a71535fdfe570778e63/1200x900,2026-09-22T05:52:42Z
Lada (ВАЗ),Priora,Lada (ВАЗ) Priora I Рестайлинг,https://auto.ru/cars/used/sale/vaz/2170/1133359927-08319041/,529000,Сургут,2014,,5,180500,4,Не требует ремонта,Дубликат,Норма 21723-31-057,"бензин, 1.6 MT (98 л.с.)",механическая,передний,Левый,Хэтчбек 5 дв.,чёрный,https://avatars.avto.ru/get-autoru-vos/20410536/7391817d27911a1b5c174ebda6163960/1200x900,2026-09-22T05:52:42Z
Lada (ВАЗ),Largus,Lada (ВАЗ) Largus I,https://auto.ru/cars/used/sale/vaz/largus/1132709028-d6b353de/,769000,Сургут,2019,,5,168700,1,Не требует ремонта,Оригинал,Comfort (5 мест),"бензин, 1.6 MT (106 л.с.)",механическая,передний,Левый,Универсал 5 дв.,серебристый,https://avatars.avto.ru/get-autoru-vos/17709739/a26106b33e005f09a5ef79d44ecc2774/1200x900,2026-09-22T05:52:42Z
Lada (ВАЗ),Vesta,Lada (ВАЗ) Vesta Cross I,https://auto.ru/cars/used/sale/vaz/vesta/1134083018-da853087/,1319000,Сургут,2021,,5,91232,2,Не требует ремонта,Оригинал,,"бензин, Cross 1.6 CVT (113 л.с.)",вариатор,передний,Левый,Седан Cross,серебристый,https://avatars.avto.ru/get-autoru-vos/2074421/7ccefd47374d670cdb4ad251312b90a6/1200x900,2026-09-22T05:52:42Z
Volkswagen,Golf,Volkswagen Golf VI,https://auto.ru/cars/used/sale/volkswagen/golf/1133359926-c981f353/,1099000,Сургут,2012,,5,169012,2,Не требует ремонта,Дубликат,Match,"бензин, 1.6 AMT (102 л.с.)",робот,передний,Левый,Хэтчбек 5 дв.,серый,https://avatars.avto.ru/get-autoru-vos/18106725/c8af3ebf93c16b8f1545739d6641452e/1200x900,2026-09-22T05:52:42Z
Nissan,X-Trail,Nissan X-Trail I,https://auto.ru/cars/used/sale/nissan/x_trail/1132999698-ce32fe49/,449000,Томск,2001,,5,270000,4,Не требует ремонта,Дубликат,,"бензин, 2.0 AT (150 л.с.) 4WD",автоматическая,полный,Правый,Внедорожник 5 дв.,красный,https://avatars.avto.ru/get-autoru-vos/17489926/f5ef89468e183a4653deec77e85afae2/1200x900,2026-09-22T05:52:44Z
Renault,Duster,Renault Duster I,https://auto.ru/cars/used/sale/renault/duster/1134137700-f27c35f0/,709000,Томск,2013,,5,138000,4,Не требует ремонта,Дубликат,,"бензин, 2.0 AT (135 л.с.)",автоматическая,передний,Левый,Внедорожник 5 дв.,чёрный,https://photo.auto.ru/photo/get-autoru-vos/20360782/XvwCcVcA1bggtet_OTSeRyOhAbRKb6enYIBUTnfEBGntD5T7kxPjzqxjlVYURWpXLZezvZBKb9tQJK4F4KNQ-rSANQjLLOlFOM0E0mKN6owBwO5M_Dn34Zdlw61kOXhTVEJb0qepN79niY1ajgN9Wv2ZqnxsdBKGQitm_qksHSJTPbw/1200x900,2026-09-22T05:52:44Z
Hyundai,Solaris,Hyundai Solaris I Рестайлинг,https://auto.ru/cars/used/sale/hyundai/solaris/1133885462-6d53b8cd/,749000,Томск,2015,,5,120000,3,Не требует ремонта,Оригинал,,"бензин, 1.6 MT (123 л.с.)",механическая,передний,Левый,Седан,чёрный,https://avatars.avto.ru/get-autoru-vos/6269479/6245c86ca4cc4940f90f925f4165f68f/1200x900,2026-09-22T05:52:44Z
Chevrolet,Rezzo,Chevrolet Rezzo,https://auto.ru/cars/used/sale/chevrolet/rezzo/1134118304-f64326d8/,229000,Томск,2008,,5,240000,4,Не требует ремонта,Дубликат,,"бензин, 1.6 MT (90 л.с.)",механическая,передний,Левый,Компактвэн,голубой,https://photo.auto.ru/photo/get-autoru-vos/17645331/PRVfnJeNRNcAaYBvulDkmPUw_YeJLgg7SCQIBxBLxRZ1yfEnjdii3hgdLhxmfCuodh2bjn5AW9NSg11lVfjTJKzkapGophqezCgjMMEUqhB1w5G0ggByH8tMYaTdRe7mKLi34W16o9oSCem1seYry3-uqflye9ZjMk9-NrmiFmilIVY/1200x900,2026-09-22T05:52:44Z
Lada (ВАЗ),Granta,Lada (ВАЗ) Granta I Рестайлинг,https://auto.ru/cars/used/sale/vaz/granta/1133698338-78d800eb/,569000,Томск,2019,,5,118000,2,Не требует ремонта,Оригинал,,"бензин, 1.6 MT (87 л.с.)",механическая,передний,Левый,Универсал 5 дв.,коричневый,https://avatars.avto.ru/get-autoru-vos/15051405/f4d39c5e654842db3ed945b0425192bc/1200x900,2026-09-22T05:52:44Z
Nissan,Tiida,Nissan Tiida I,https://auto.ru/cars/used/sale/nissan/tiida/1133774338-5ee4a554/,369000,Томск,2004,,5,221026,4,Не требует ремонта,Оригинал,,"бензин, 1.6 AT (110 л.с.)",автоматическая,передний,Правый,Седан,голубой,https://avatars.avto.ru/get-autoru-vos/6051311/54d641661c4d2a1e0ef325c1ec54a792/1200x900,2026-09-22T05:52:44Z
Volkswagen,T-Cross,Volkswagen T-Cross I (China Market),https://auto.ru/cars/used/sale/volkswagen/t_cross/1134021018-7fb90b86/,1899000,Томск,2020,,5,52700,1,Не требует ремонта,Оригинал,,"бензин, 1.4 AMT (150 л.с.)",робот,передний,Левый,Внедорожник 5 дв.,коричневый,https://avatars.avto.ru/get-autoru-vos/20849947/2b10669fe994667cc8bd14f432805829/1200x900,2026-09-22T05:52:44Z
Nissan,Primera,Nissan Primera III (P12),https://auto.ru/cars/used/sale/nissan/primera/1134021017-c56a06e2/,319000,Томск,2004,,5,221000,4,Не требует ремонта,Дубликат,,"бензин, 2.0 CVT (150 л.с.)",вариатор,передний,Правый,Универсал 5 дв.,серебристый,https://avatars.avto.ru/get-autoru-vos/6671878/68251a6cc674092d8df116bac458d235/1200x900,2026-09-22T05:52:44Z
Toyota,Wish,Toyota Wish I Рестайлинг,https://auto.ru/cars/used/sale/toyota/wish/1133893198-c46b34d0/,999000,Томск,2008,,6,239000,2,Не требует ремонта,Оригинал,,"бензин, 1.8 AT (132 л.с.)",автоматическая,передний,Правый,Компактвэн,фиолетовый,https://avatars.avto.ru/get-autoru-vos/16743792/a4fa6dc134173bd1947c772c7fde51a2/1200x900,2026-09-22T05:52:44Z
Mazda,CX-3,Mazda CX-3 I Рестайлинг,https://auto.ru/cars/used/sale/mazda/cx_3/1130934676-88f47047/,2389000,Томск,2021,,5,13000,1,Не требует ремонта,Оригинал,,"бензин, 1.5 AT (111 л.с.) 4WD",автоматическая,полный,Правый,Внедорожник 5 дв.,серебристый,https://avatars.avto.ru/get-autoru-vos/14008031/d6dcedd719b02358f6d1ce334ca8ad42/1200x900,2026-09-22T05:52:44Z
Mazda,Tribute,Mazda Tribute II,https://auto.ru/cars/used/sale/mazda/tribute/1132814172-9cee8ab3/,929000,Томск,2007,,5,200000,3,Не требует ремонта,Оригинал,,"бензин, 2.3 AT (150 л.с.) 4WD",автоматическая,полный,Левый,Внедорожник 5 дв.,серебристый,https://avatars.avto.ru/get-autoru-vos/20341802/7fa36eb7e5a69ad53810c23e68b795af/1200x900,2026-09-22T05:52:44Z
Honda,Freed,Honda Freed I Рестайлинг,https://auto.ru/cars/used/sale/honda/freed/1134229382-cc5267b2/,1099000,Томск,2012,,6,143905,2,Не требует ремонта,Оригинал,,"бензин, 1.5 CVT (118 л.с.)",вариатор,передний,Правый,Компактвэн,белый,https://avatars.avto.ru/get-autoru-vos/19682479/f15853efd7b3c524c4522bd60b7c22d7/1200x900,2026-09-22T05:52:44Z
Toyota,Alphard,Toyota Alphard I Рестайлинг,https://auto.ru/cars/used/sale/toyota/alphard/1134160597-98bc335c/,1999000,Томск,2006,,7,172000,1,Не требует ремонта,Оригинал,,"бензин, 2.4 AT (159 л.с.) 4WD",автоматическая,полный,Правый,Минивэн,чёрный,https://avatars.avto.ru/get-autoru-vos/17435526/446d4da01094f41327e61bbcc96a1b20/1200x900,2026-09-22T05:52:44Z
Peugeot,4007,Peugeot 4007,https://auto.ru/cars/used/sale/peugeot/4007/1132167836-fea86a77/,1029000,Томск,2008,,5,215000,1,Не требует ремонта,Оригинал,Active,"бензин, 2.4 MT (170 л.с.) 4WD",механическая,полный,Левый,Внедорожник 5 дв.,чёрный,https://avatars.avto.ru/get-autoru-vos/18143138/d80304e621fbc46549f37c09ab71f4ee/1200x900,2026-09-22T05:52:44Z
Honda,Stepwgn,Honda Stepwgn VI,https://auto.ru/cars/used/sale/honda/stepwagon/1133030102-8f27b350/,3469000,Томск,2022,,7,17000,1,Не требует ремонта,Оригинал,Air,"бензин, 1.5 CVT (150 л.с.)",вариатор,передний,Правый,Минивэн,белый,https://photo.auto.ru/photo/get-autoru-vos/17926310/5ZsiC0ss8bcsWg3yBraL8-g_y5GyncCIkTRKpkr33q_qCJM6gFRG_z1obIF64eKM-RbjS5EIniYyOTjdqqqCKn-frqNqdre-Ct7HFiDbNS2D5DT1mZgGM90PvRvPcVfljJu2HGvQ87x04Vs5QIZyEetyBuvaqAEjI6RReufzARUUDuI/1200x900,2026-09-22T05:52:44Z
Nissan,Qashqai+2,Nissan Qashqai+2 I,https://auto.ru/cars/used/sale/nissan/qashqai_plus_2/1132930751-2951edde/,929000,Томск,2009,,7,242000,4,Не требует ремонта,Оригинал,,"бензин, 2.0 CVT (141 л.с.) 4WD",вариатор,полный,Левый,Внедорожник 5 дв.,серый,https://avatars.avto.ru/get-autoru-vos/20341802/98418ab60f7847bf295e78b4bd105cad/1200x900,2026-09-22T05:52:44Z
Honda,Stepwgn,Honda Stepwgn VI,https://auto.ru/cars/used/sale/honda/stepwagon/1134197492-4a9e40df/,3259000,Томск,2022,,7,40000,1,Не требует ремонта,Оригинал,,"бензин, 1.5 CVT (150 л.с.)",вариатор,передний,Правый,Минивэн,чёрный,https://avatars.avto.ru/get-autoru-vos/18006848/bd887c11a8b9fc23b1aed7b86d5e8c64/1200x900,2026-09-22T05:52:44Z
Mazda,CX-5,Mazda CX-5 I,https://auto.ru/cars/used/sale/mazda/cx_5/1131946097-511ed1d5/,1379000,Томск,2012,,5,198300,2,Не требует ремонта,Оригинал,Active,"бензин, 2.0 AT (150 л.с.) 4WD",автоматическая,полный,Левый,Внедорожник 5 дв.,синий,https://avatars.avto.ru/get-autoru-vos/20193191/3d18791fc3580a1ce873a91c8c7880f0/1200x900,2026-09-22T05:52:44Z
Honda,Stepwgn,Honda Stepwgn II Рестайлинг,https://auto.ru/cars/used/sale/honda/stepwagon/1128600184-4356e0be/,609000,Томск,2004,,8,249000,2,Не требует ремонта,Оригинал,,"бензин, 2.0 AT (160 л.с.)",автоматическая,передний,Правый,Минивэн,серебристый,https://avatars.avto.ru/get-autoru-vos/16964490/75dd11791b0fc56ec91c472d318cb3ae/1200x900,2026-09-22T05:52:44Z
Chery,Tiggo 7 Pro Max,Chery Tiggo 7 Pro Max I Рестайлинг,https://auto.ru/cars/used/sale/chery/tiggo_7_pro_max/1134198381-5d69acd3/,2179000,Томск,2025,,5,22000,1,Не требует ремонта,Оригинал,,"бензин, 1.6 AMT (150 л.с.) 4WD",робот,полный,Левый,Внедорожник 5 дв.,белый,https://avatars.avto.ru/get-autoru-vos/20894132/10060b308884dc97b4bf825d6f3ad7e3/1200x900,2026-09-22T05:52:44Z
Toyota,Ractis,Toyota Ractis I,https://auto.ru/cars/used/sale/toyota/ractis/1134166061-c6150b93/,629000,Томск,2010,,5,214600,2,Не требует ремонта,Дубликат,,"бензин, 1.5 CVT (110 л.с.)",вариатор,передний,Правый,Хэтчбек 5 дв.,фиолетовый,https://avatars.avto.ru/get-autoru-vos/20671634/7a1599e375600114c5b23f43225ef37a/1200x900,2026-09-22T05:52:44Z
Mitsubishi,Outlander,Mitsubishi Outlander III,https://auto.ru/cars/used/sale/mitsubishi/outlander/1134138599-779e8220/,1329000,Томск,2014,,5,167000,2,Не требует ремонта,Оригинал,,"бензин, 2.0 CVT (146 л.с.) 4WD",вариатор,полный,Левый,Внедорожник 5 дв.,чёрный,https://avatars.avto.ru/get-autoru-vos/15496515/29bea87be3aee184a3acdc548b42493e/1200x900,2026-09-22T05:52:44Z
Nissan,X-Trail,Nissan X-Trail II,https://auto.ru/cars/used/sale/nissan/x_trail/1133698343-2805395f/,849000,Томск,2007,,5,187000,2,Не требует ремонта,Оригинал,,"бензин, 2.0 MT (141 л.с.) 4WD",механическая,полный,Левый,Внедорожник 5 дв.,бежевый,https://avatars.avto.ru/get-autoru-vos/20036242/379a3fb648149bb2c42cd302a5c5c61d/1200x900,2026-09-22T05:52:44Z
Mazda,CX-9,Mazda CX-9 II Рестайлинг,https://auto.ru/cars/used/sale/mazda/cx_9/1132943981-a7f6ecf6/,4099000,Томск,2022,,7,31000,1,Не требует ремонта,Оригинал,High Plus,"бензин, 2.5 AT (231 л.с.) 4WD",автоматическая,полный,Левый,Внедорожник 5 дв.,серебристый,https://avatars.avto.ru/get-autoru-vos/20116688/4f6f398d3422b839e7371626320c75e2/1200x900,2026-09-22T05:52:44Z
Chevrolet,Niva,Chevrolet Niva I Рестайлинг,https://auto.ru/cars/used/sale/chevrolet/niva/1134152163-624f7117/,339000,Томск,2014,,5,207000,2,Не требует ремонта,Оригинал,,"бензин, 1.7 MT (80 л.с.) 4WD",механическая,полный,Левый,Внедорожник 5 дв.,золотистый,https://avatars.avto.ru/get-autoru-vos/20556383/0a147ecfba9c3d3ce5c2c7d00d89e173/1200x900,2026-09-22T05:52:44Z
Toyota,Touring HiAce,Toyota Touring HiAce I,https://auto.ru/cars/used/sale/toyota/touring_hiace/1133680532-682e2c21/,689000,Томск,2000,,8,370000,4,Не требует ремонта,Оригинал,,"бензин, 2.7 AT (145 л.с.) 4WD",автоматическая,полный,Правый,Минивэн,серый,https://avatars.avto.ru/get-autoru-vos/18106725/49aacd3ba368b9c04ffdca9e4c600ef4/1200x900,2026-09-22T05:52:44Z
Chery,Tiggo 4 Pro,Chery Tiggo 4 Pro I,https://auto.ru/cars/used/sale/chery/tiggo_4_pro/1134049380-36502b06/,1419000,Томск,2024,,5,49500,1,Не требует ремонта,Оригинал,,"бензин, 1.5 CVT (113 л.с.)",вариатор,передний,Левый,Внедорожник 5 дв.,серебристый,https://avatars.avto.ru/get-autoru-vos/4470305/85beaeb1a7235da538decc2d9aad22bb/1200x900,2026-09-22T05:52:44Z
Toyota,RAV4,Toyota RAV4 III (XA30),https://auto.ru/cars/used/sale/toyota/rav_4/1133221003-70fa9554/,999000,Томск,2007,,5,268000,4,Не требует ремонта,Дубликат,Луна+,"бензин, 2.0 AT (152 л.с.) 4WD",автоматическая,полный,Левый,Внедорожник 5 дв.,чёрный,https://photo.auto.ru/photo/get-autoru-vos/17713999/8pUPQmr372hVVXOtCHjfMTiXKhwLiUj66sFhpBxYLRKWijPHrMOH-8IWQDicIpuwwTj4eKnGmMd5_bNqJbPSi0QjVMDIRYN7iVDy-4t97-VodG6bOmMrKTQN6UKytOue4uYbEur45tXx0ph90mpQyf6PnizkMx4IAOpi3IrD8EVndI4/1200x900,2026-09-22T05:52:44Z
Lifan,Myway,Lifan Myway,https://auto.ru/cars/used/sale/lifan/myway/1133949458-a53ed808/,799000,Томск,2018,,7,124000,4,Не требует ремонта,Оригинал,,"бензин, 1.8 MT (125 л.с.)",механическая,задний,Левый,Внедорожник 5 дв.,белый,https://avatars.avto.ru/get-autoru-vos/20331633/a84d771c28b14d020be258d54803b09c/1200x900,2026-09-22T05:52:44Z
FAW,Besturn X80,FAW Besturn X80 I Рестайлинг,https://auto.ru/cars/used/sale/faw/x80/1133550304-d3842a36/,1259000,Томск,2020,,5,28000,4,Не требует ремонта,Оригинал,Luxury,"бензин, 2.0 AT (142 л.с.)",автоматическая,передний,Левый,Внедорожник 5 дв.,белый,https://photo.auto.ru/photo/get-autoru-vos/20265681/WHcQqqvJeLFMQHmuWcPTAAnIqjB6k29lBexr1EolJ_Rlly_0XImcR3_W7pvo4Ua33irWLO_9WuvMKfWzfKaZVDg_jclMFmIULDfIrAWH0Z7sjjw1YOb67HTFysPE_DZi8eFdauWs7vW_W8YyiFtWupfo8tOl_h-qfTlwQhRMrm3qIYA/1200x900,2026-09-22T05:52:44Z
Kia,Sportage,Kia Sportage IV Рестайлинг,https://auto.ru/cars/used/sale/kia/sportage/1134049382-b9d1b794/,1999000,Томск,2020,,5,150000,1,Не требует ремонта,Оригинал,,"бензин, 2.0 AT (150 л.с.) 4WD",автоматическая,полный,Левый,Внедорожник 5 дв.,белый,https://avatars.avto.ru/get-autoru-vos/16202224/98c03e085f6d6c85669794ebb760670e/1200x900,2026-09-22T05:52:44Z
Chevrolet,Niva,Chevrolet Niva I Рестайлинг,https://auto.ru/cars/used/sale/chevrolet/niva/1134119233-810064ae/,479000,Томск,2011,,5,121000,2,Не требует ремонта,Оригинал,,"бензин, 1.7 MT (80 л.с.) 4WD",механическая,полный,Левый,Внедорожник 5 дв.,серый,https://avatars.avto.ru/get-autoru-vos/21092119/8d02deba55f65f10b7febbe9584e6ad4/1200x900,2026-09-22T05:52:44Z
Honda,N-WGN,Honda N-WGN I Рестайлинг,https://auto.ru/cars/used/sale/honda/n_wgn/1133453747-168c29f8/,659000,Томск,2018,,4,89858,2,Не требует ремонта,Оригинал,,"бензин, 0.7 CVT (58 л.с.)",вариатор,передний,Правый,Хэтчбек 5 дв.,белый,https://avatars.avto.ru/get-autoru-vos/20673651/f444c0f6165551863b2dad23a163661e/1200x900,2026-09-22T05:52:44Z
Hyundai,Tucson,Hyundai Tucson IV,https://auto.ru/cars/used/sale/hyundai/tucson/1133384190-d582706c/,3099000,Томск,2022,,5,37000,1,Не требует ремонта,Оригинал,N Line Lifestyle,"дизель, 2.0d AT (186 л.с.) 4WD",автоматическая,полный,Левый,Внедорожник 5 дв.,коричневый,https://avatars.avto.ru/get-autoru-vos/20331633/9515b063110ac4c72acb44ecaf6c9d0c/1200x900,2026-09-22T05:52:44Z
Nissan,Terrano,Nissan Terrano III (D10),https://auto.ru/cars/used/sale/nissan/terrano/1134049385-33f99110/,1209000,Томск,2020,,5,187500,2,Не требует ремонта,Оригинал,,"бензин, 2.0 AT (143 л.с.) 4WD",автоматическая,полный,Левый,Внедорожник 5 дв.,серебристый,https://avatars.avto.ru/get-autoru-vos/19793268/899c73355acadce1c8fed54a4befb8f9/1200x900,2026-09-22T05:52:44Z
Toyota,RAV4,Toyota RAV4 IV (XA40) Рестайлинг,https://auto.ru/cars/used/sale/toyota/rav_4/1133964488-131bf5b6/,2499000,Томск,2019,,5,106500,2,Не требует ремонта,Оригинал,,"бензин, 2.0 CVT (146 л.с.) 4WD",вариатор,полный,Левый,Внедорожник 5 дв.,чёрный,https://avatars.avto.ru/get-autoru-vos/20189162/566115dc6a5d5e4560fbd103e89900af/1200x900,2026-09-22T05:52:44Z
УАЗ,Патриот,УАЗ Патриот I Рестайлинг 3,https://auto.ru/cars/used/sale/uaz/patriot/1134165111-d9e21363/,1369000,Томск,2020,,5,69000,2,Не требует ремонта,Оригинал,,"бензин, 2.7 AT (150 л.с.) 4WD",автоматическая,полный,Левый,Внедорожник 5 дв.,чёрный,https://photo.auto.ru/photo/get-autoru-vos/20961665/N-KyCNf0qVPJhwzyy7p86kbEi_B6Ge_71n9ehDwmJ-Zgh5uCvubzxEV4A7N3qZUs9WSQRx2Z7oK2P-KbqJ6l5Cq5nXMUUsFz-wqi0l9vl0tOz6AWiAGQyiKKXIctmhZSaTheNgXAv5aQWIhdi6nCtGCf_DyXj898U7GXnm4QSGp62iY/1200x900,2026-09-22T05:52:44Z
Nissan,Pathfinder,Nissan Pathfinder IV,https://auto.ru/cars/used/sale/nissan/pathfinder/1133698337-2f26befc/,1699000,Томск,2015,,7,305000,2,Не требует ремонта,Оригинал,,"бензин, 3.5 CVT (249 л.с.) 4WD",вариатор,полный,Левый,Внедорожник 5 дв.,чёрный,https://avatars.avto.ru/get-autoru-vos/18150448/56c596c1837dc5a5268662cbafa38cf7/1200x900,2026-09-22T05:52:47Z
Toyota,RAV4,Toyota RAV4 IV (XA40),https://auto.ru/cars/used/sale/toyota/rav_4/1134080112-11531f16/,2079000,Томск,2013,,5,250000,4,Не требует ремонта,Дубликат,,"бензин, 2.0 CVT (146 л.с.) 4WD",вариатор,полный,Левый,Внедорожник 5 дв.,чёрный,https://avatars.avto.ru/get-autoru-vos/2069532/a4d2c54ce5ab4748b739faffc352077a/1200x900,2026-09-22T05:52:47Z
Mitsubishi,Outlander,Mitsubishi Outlander II,https://auto.ru/cars/used/sale/mitsubishi/outlander/1133905493-a17e891d/,1069000,Томск,2007,,5,277000,4,Не требует ремонта,Дубликат,,"бензин, 3.0 AT (220 л.с.) 4WD",автоматическая,полный,Левый,Внедорожник 5 дв.,золотистый,https://avatars.avto.ru/get-autoru-vos/2162278/365ba2c8260c9ae8750efa1587baec00/1200x900,2026-09-22T05:52:47Z
Toyota,Corolla Verso,Toyota Corolla Verso I Рестайлинг,https://auto.ru/cars/used/sale/toyota/corolla_verso/1134021638-dfa6f3c1/,669000,Томск,2005,,5,363000,1,Не требует ремонта,Оригинал,,"дизель, 2.2d MT (136 л.с.)",механическая,передний,Левый,Компактвэн,серебристый,https://avatars.avto.ru/get-autoru-vos/20961665/6a039c1254db342357566bbb14de1b39/1200x900,2026-09-22T05:52:47Z
Honda,Stepwgn,Honda Stepwgn Spada V,https://auto.ru/cars/used/sale/honda/stepwagon/1133893199-9a6a2b90/,1999000,Томск,2016,,7,94000,1,Не требует ремонта,Оригинал,,"бензин, Spada 1.5 CVT (150 л.с.)",вариатор,передний,Правый,Минивэн Spada,фиолетовый,https://avatars.avto.ru/get-autoru-vos/2107167/84f040b88621a23c710e16513871ce4c/1200x900,2026-09-22T05:52:47Z
Honda,Freed,Honda Freed II,https://auto.ru/cars/used/sale/honda/freed/1134229385-e69dc6f6/,1669000,Томск,2019,,7,111000,1,Не требует ремонта,Оригинал,,"бензин, 1.5 CVT (131 л.с.)",вариатор,передний,Правый,Компактвэн,чёрный,https://avatars.avto.ru/get-autoru-vos/18049305/1971345a18d79380d0d2674c45cb3cc4/1200x900,2026-09-22T05:52:47Z
Honda,Vezel,Honda Vezel I Рестайлинг,https://auto.ru/cars/used/sale/honda/vezel/1134180360-36573a10/,1929000,Томск,2018,,5,105003,2,Не требует ремонта,Оригинал,,"бензин, 1.5 CVT (131 л.с.) 4WD",вариатор,полный,Правый,Внедорожник 5 дв.,белый,https://avatars.avto.ru/get-autoru-vos/20785675/bc100defa176009c0afe66bf1fd981de/1200x900,2026-09-22T05:52:47Z
Ford,Explorer,Ford Explorer V,https://auto.ru/cars/used/sale/ford/explorer/1134110302-98b0a7c4/,1709000,Томск,2014,,7,208000,3,Не требует ремонта,Оригинал,,"бензин, 3.5 AT (294 л.с.) 4WD",автоматическая,полный,Левый,Внедорожник 5 дв.,белый,https://photo.auto.ru/photo/get-autoru-vos/21116822/XEWqucblH7XDVCJNagsh5lI-w2eXyMMj27SCQH0zNrkpzsxyHQ3lzJeZkcQGAQYvtVtHHP_v_ZIFOYvMOPGMJkD-3ujjIRHWekceKJXZhBZ_orxwzur5qOd41sgs6pEylfk1WgYQMcmS9NuQY734otaE7ATrf8D7oPKblCzch_e_ix0/1200x900,2026-09-22T05:52:47Z
Nissan,X-Trail,Nissan X-Trail II Рестайлинг,https://auto.ru/cars/used/sale/nissan/x_trail/1134213308-bb89e990/,1539000,Томск,2014,,5,220000,2,Не требует ремонта,Оригинал,,"бензин, 2.0 CVT (141 л.с.) 4WD",вариатор,полный,Левый,Внедорожник 5 дв.,чёрный,https://photo.auto.ru/photo/get-autoru-vos/1998168/f7UKsUbvzlB_XrGtnZsHZt7nl3ZdTTftX959dk0WdPCAK2wzcMz4qvuK5mNCn_LEmrUdGgk2ALt1PC0jl9E3JEzXcpj_oSFK5yXXRN6P59eP6rYoY9GUqgKCaRxqRJOxdfX4QihGhde3AGR3lIhBxpcTMhCclWiacKyqD1jMl41m9lE/1200x900,2026-09-22T05:52:47Z
Nissan,X-Trail,Nissan X-Trail III Рестайлинг,https://auto.ru/cars/used/sale/nissan/x_trail/1133950481-3d157310/,1939000,Томск,2018,,5,165000,1,Не требует ремонта,Оригинал,,"бензин, 2.0 CVT (144 л.с.) 4WD",вариатор,полный,Правый,Внедорожник 5 дв.,коричневый,https://avatars.avto.ru/get-autoru-vos/17909659/45f5afe147cc4718b3aa379609840fae/1200x900,2026-09-22T05:52:47Z
Toyota,Prius Alpha,Toyota Prius Alpha I (ZVW40/41),https://auto.ru/cars/used/sale/toyota/prius_alpha/1133284278-9e135690/,1249000,Томск,2013,,5,370000,1,Не требует ремонта,Оригинал,,"гибрид, 1.8hyb CVT (99 л.с.)",вариатор,передний,Правый,Универсал 5 дв.,чёрный,https://avatars.avto.ru/get-autoru-vos/20392446/7138f2510d4b3d4b7060292c7c74755c/1200x900,2026-09-22T05:52:47Z
Nissan,X-Trail,Nissan X-Trail II Рестайлинг,https://auto.ru/cars/used/sale/nissan/x_trail/1133698346-983c6887/,1399000,Томск,2011,,5,190000,3,Не требует ремонта,Дубликат,,"дизель, 2.0d AT (150 л.с.) 4WD",автоматическая,полный,Левый,Внедорожник 5 дв.,синий,https://avatars.avto.ru/get-autoru-vos/17674678/86d59d70fd187555fb4b09a396aeb995/1200x900,2026-09-22T05:52:47Z
Nissan,Juke,Nissan Juke I,https://auto.ru/cars/used/sale/nissan/juke/1133857020-6c8ed871/,1109000,Томск,2012,,5,228000,3,Не требует ремонта,Оригинал,,"бензин, 1.6 CVT (190 л.с.)",вариатор,передний,Левый,Внедорожник 5 дв.,красный,https://avatars.avto.ru/get-autoru-vos/17757189/0345ec4a8cbbeff9d9c2f27e04d1ec29/1200x900,2026-09-22T05:52:47Z
Mitsubishi,Outlander,Mitsubishi Outlander III Рестайлинг 2,https://auto.ru/cars/used/sale/mitsubishi/outlander/1133425553-a07cea7d/,2209000,Томск,2016,,5,180000,3,Не требует ремонта,Оригинал,Instyle,"бензин, 2.4 CVT (167 л.с.) 4WD",вариатор,полный,Левый,Внедорожник 5 дв.,серебристый,https://avatars.avto.ru/get-autoru-vos/20341802/ad4fc0962ef1016e58569c1e679ce883/1200x900,2026-09-22T05:52:47Z
Mitsubishi,Outlander,Mitsubishi Outlander I,https://auto.ru/cars/used/sale/mitsubishi/outlander/1133774340-b18e285c/,649000,Томск,2006,,5,394000,4,Не требует ремонта,Оригинал,,"бензин, 2.4 AT (160 л.с.)",автоматическая,передний,Левый,Внедорожник 5 дв.,чёрный,https://avatars.avto.ru/get-autoru-vos/18017415/eeb5a21ba4b7c87067da9ce95ecb25ac/1200x900,2026-09-22T05:52:47Z
Lada (ВАЗ),Niva Travel,Lada (ВАЗ) Niva Travel I,https://auto.ru/cars/used/sale/vaz/niva_travel/1133563779-ff915772/,1389000,Томск,2024,,5,24308,1,Не требует ремонта,Оригинал,KHL'24 (2023-2024),"бензин, 1.7 MT (83 л.с.) 4WD",механическая,полный,Левый,Внедорожник 5 дв.,белый,https://avatars.avto.ru/get-autoru-vos/19816781/5c6d16752c9a31d6bd0a6f24c0c38281/1200x900,2026-09-22T05:52:47Z
Toyota,Camry,Toyota Camry V (XV30),https://auto.ru/cars/used/sale/toyota/camry/1134183402-e55a45b1/,839000,Томск,2003,,5,255990,1,Не требует ремонта,Оригинал,,"бензин, 3.0 AT (186 л.с.)",автоматическая,передний,Левый,Седан,зелёный,https://photo.auto.ru/photo/get-autoru-vos/21167286/e-S05k2FyP4Jsxv-zGFlKvWzit3-1n2x6azNPFUbZBQ93Jw0ckxoPHgxxvJUrU4XFrNNiIOnit7kNgSYJCw32HrWzN-kMtR4IAv-37fbraocxbsVUooWUwCsH7p0l_6-6hMB3DI9HdymkcHTlW8UasopoKmT3Tth9--OxPY5jYrv__0/1200x900,2026-09-22T05:52:47Z
Toyota,Wish,Toyota Wish I Рестайлинг,https://auto.ru/cars/used/sale/toyota/wish/1133626657-cd465999/,999000,Томск,2005,,6,300000,4,Не требует ремонта,Дубликат,,"бензин, 1.8 AT (132 л.с.)",автоматическая,передний,Правый,Компактвэн,белый,https://avatars.avto.ru/get-autoru-vos/17686578/816e4ed2601dfbfd75001208911ffbe4/1200x900,2026-09-22T05:52:47Z
Toyota,Corolla,Toyota Corolla VII (E100),https://auto.ru/cars/used/sale/toyota/corolla/1134153283-35643c26/,399000,Томск,2000,,5,177848,2,Не требует ремонта,Оригинал,,"бензин, 1.5 AT (97 л.с.)",автоматическая,передний,Правый,Универсал 5 дв.,серебристый,https://avatars.avto.ru/get-autoru-vos/18049305/6a6bd6bc386d91fd5699a6f1faa1fbef/1200x900,2026-09-22T05:52:47Z
Toyota,Alphard,Toyota Alphard I Рестайлинг,https://auto.ru/cars/used/sale/toyota/alphard/1132387679-3924c593/,1899000,Томск,2007,,7,222000,1,Не требует ремонта,Оригинал,,"бензин, 3.0 AT (220 л.с.) 4WD",автоматическая,полный,Правый,Минивэн,белый,https://avatars.avto.ru/get-autoru-vos/20606978/d30f1cefa68f3ce64513ccc4e793d416/1200x900,2026-09-22T05:52:47Z
Mitsubishi,Pajero Sport,Mitsubishi Pajero Sport II,https://auto.ru/cars/used/sale/mitsubishi/pajero_sport/1133624244-fa54c025/,1759000,Томск,2011,,5,159386,2,Не требует ремонта,Оригинал,Instyle,"бензин, 3.0 AT (220 л.с.) 4WD",автоматическая,полный,Левый,Внедорожник 5 дв.,серый,https://avatars.avto.ru/get-autoru-vos/20140694/8fd8c356a102d5e079926a7d33bd2c87/1200x900,2026-09-22T05:52:47Z
Toyota,Roomy,Toyota Roomy I Рестайлинг,https://auto.ru/cars/used/sale/toyota/roomy/1134183403-dc0fe27a/,1269000,Томск,2021,,5,31100,1,Не требует ремонта,Оригинал,,"бензин, 1.0 CVT (69 л.с.) 4WD",вариатор,полный,Правый,Микровэн,красный,https://photo.auto.ru/photo/get-autoru-vos/19297093/ATI9Qpp7n09o0BwVkWhSzgHXfO14TGNfSMslfVv_5tAEGqaXDsb242S3ZDOlnsK0rcfKisZw7E2FBeFgVxfPXYJcT_d6mF8yXaHFfNWT0OeUgT9s-LQoRBItsYvBGfy9B9YYsCRZzezJjp2zJg5AMMzcL5vJo9tyO48ZXrcXI-YAUQE/1200x900,2026-09-22T05:52:47Z
Toyota,RAV4,Toyota RAV4 III (XA30),https://auto.ru/cars/used/sale/toyota/rav_4/1133915738-d667b44e/,1299000,Томск,2007,,5,195000,3,Не требует ремонта,Оригинал,,"бензин, 2.4 CVT (170 л.с.) 4WD",вариатор,полный,Левый,Внедорожник 5 дв.,золотистый,https://avatars.avto.ru/get-autoru-vos/2176138/39c54ffe9ca62f6438f4d47aae547067/1200x900,2026-09-22T05:52:47Z
Honda,Freed,Honda Freed Spike I Рестайлинг,https://auto.ru/cars/used/sale/honda/freed/1132840617-ee3a67f8/,1189000,Томск,2012,,5,157000,1,Не требует ремонта,Оригинал,,"бензин, Spike 1.5 CVT (118 л.с.)",вариатор,передний,Правый,Компактвэн Spike,чёрный,https://avatars.avto.ru/get-autoru-vos/20172247/ed98f3811d96d502e7a3cc910547cc81/1200x900,2026-09-22T05:52:47Z
Honda,Freed,Honda Freed I Рестайлинг,https://auto.ru/cars/used/sale/honda/freed/1132378666-8e31dd29/,1139000,Томск,2012,,6,175000,1,Не требует ремонта,Оригинал,,"бензин, 1.5 CVT (118 л.с.)",вариатор,передний,Правый,Компактвэн,серебристый,https://avatars.avto.ru/get-autoru-vos/20358835/7bb92d7340498e3b33bd1d3c4e1c0340/1200x900,2026-09-22T05:52:47Z
Toyota,Wish,Toyota Wish II,https://auto.ru/cars/used/sale/toyota/wish/1133297843-2e383e63/,1239000,Томск,2010,,6,170000,3,Не требует ремонта,Оригинал,,"бензин, 1.8 CVT (144 л.с.)",вариатор,передний,Правый,Минивэн,серебристый,https://avatars.avto.ru/get-autoru-vos/16503020/daeff60a469aaca6e1425a1fef206623/1200x900,2026-09-22T05:52:47Z
Toyota,RAV4,Toyota RAV4 III (XA30) Рестайлинг,https://auto.ru/cars/used/sale/toyota/rav_4/1133879607-9cbef198/,1529000,Томск,2010,,5,205500,4,Не требует ремонта,Дубликат,,"бензин, 2.0 CVT (158 л.с.) 4WD",вариатор,полный,Левый,Внедорожник 5 дв.,чёрный,https://photo.auto.ru/photo/get-autoru-vos/18129838/ilbnqqfUkf13VCWo8HdjKWG-pQHGM5HyQj8hJHi0Bn_4ct0vMmUfLdXBCbwQ_m868gCJiYckkXhCIPsETsDt8XWlN4lOwSqSPbPcbWKgqkT720QDv5vMxq-w7Bz4RafYYfX7wZcFxl6ACG8b5qPMeK7l6dXnBHvgJF39IMw00Q5TlG0/1200x900,2026-09-22T05:52:47Z
Lexus,RX,Lexus RX 300 I,https://auto.ru/cars/used/sale/lexus/rx/1133964489-90d83734/,899000,Томск,2002,,5,210000,2,Не требует ремонта,Оригинал,,"бензин, 300 3.0 AT (201 л.с.) 4WD",автоматическая,полный,Левый,Внедорожник 5 дв.,белый,https://avatars.avto.ru/get-autoru-vos/4249454/647db009db8d655887f89d650b0f5576/1200x900,2026-09-22T05:52:47Z
Lada (ВАЗ),2111,Lada (ВАЗ) 2111,https://auto.ru/cars/used/sale/vaz/2111/1134183404-c48e5150/,149000,Томск,2004,,5,430000,4,Не требует ремонта,Дубликат,,"бензин, 1.5 MT (79 л.с.)",механическая,передний,Левый,Универсал 5 дв.,серый,https://photo.auto.ru/photo/get-autoru-vos/17642370/BmHuhuN1Gu_1fNDLAbo_rkaEUWncI6jEmdavB7-wvBbxbT1IbWZGNTbeOHkI31Y9IjbV1RZdDAKslUYoAO6X10w-POfGVZEE1oV_YVvzrwgTDQD8WTLLeHShIGeP1C82PGddVr2C85P_KORAu-_F7TuuuX7fJzeTSn1CBdD8rWVBkIk/1200x900,2026-09-22T05:52:47Z
Subaru,Outback,Subaru Outback IV Рестайлинг,https://auto.ru/cars/used/sale/subaru/outback/1133510303-54f731d9/,1399000,Томск,2012,,5,287100,2,Не требует ремонта,Оригинал,Deep Chery Edition,"бензин, 2.5 CVT (167 л.с.) 4WD",вариатор,полный,Левый,Универсал 5 дв.,серебристый,https://photo.auto.ru/photo/get-autoru-vos/15628906/CS8DxOakLKDYA8VQwsoJsGMX5Ww8KQYADh6BJl6zrgkoLZ_G4YxNEjTbbfZTwSK9Zg0-pb2ea6qjy5Z4LPTtuRhE2m66kSbagXbuzqtP6GDKkOeXV66zsSCEW2pkWD6KEG-yzPs4GDq4ZYlqx_C4_f1fBSm9oe0ywfPRCtdODvyeyhE/1200x900,2026-09-22T05:52:47Z
Toyota,FunCargo,Toyota FunCargo,https://auto.ru/cars/used/sale/toyota/funcargo/1134126717-59615023/,499000,Томск,2001,,5,256000,1,Не требует ремонта,Оригинал,,"бензин, 1.3 AT (88 л.с.)",автоматическая,передний,Правый,Компактвэн,чёрный,https://avatars.avto.ru/get-autoru-vos/20335149/d99871918f5f9662914c642c3f013673/1200x900,2026-09-22T05:52:47Z
Hyundai,i30,Hyundai i30 I Рестайлинг,https://auto.ru/cars/used/sale/hyundai/i30/1127954062-17ded250/,699000,Томск,2010,,5,228000,4,Не требует ремонта,Дубликат,Classic,"бензин, 1.6 AT (122 л.с.)",автоматическая,передний,Левый,Хэтчбек 5 дв.,белый,https://avatars.avto.ru/get-autoru-vos/18143138/a56b816de178ece75783da3b7c6e6e11/1200x900,2026-09-22T05:52:47Z
Citroen,C-Crosser,Citroen C-Crosser,https://auto.ru/cars/used/sale/citroen/c_crosser/1133430299-7f4bf58a/,849000,Томск,2011,,5,272000,3,Не требует ремонта,Дубликат,Confort (5 seats),"бензин, 2.0 CVT (147 л.с.) 4WD",вариатор,полный,Левый,Внедорожник 5 дв.,чёрный,https://avatars.avto.ru/get-autoru-vos/18106725/4c5968804ac552d6a18fb7537384d74b/1200x900,2026-09-22T05:52:47Z
Nissan,Juke,Nissan Juke I,https://auto.ru/cars/used/sale/nissan/juke/1133940583-042bfa9e/,1149000,Томск,2013,,5,247000,3,Не требует ремонта,Оригинал,,"бензин, 1.6 CVT (117 л.с.)",вариатор,передний,Левый,Внедорожник 5 дв.,белый,https://avatars.avto.ru/get-autoru-vos/20341802/ae29f14f2670319cde2ea9d04c6d8ca2/1200x900,2026-09-22T05:52:47Z
Nissan,X-Trail,Nissan X-Trail II Рестайлинг,https://auto.ru/cars/used/sale/nissan/x_trail/1133520278-26672228/,1259000,Томск,2012,,5,227200,3,Не требует ремонта,Оригинал,SE High,"бензин, 2.0 CVT (141 л.с.) 4WD",вариатор,полный,Левый,Внедорожник 5 дв.,серый,https://avatars.avto.ru/get-autoru-vos/17712067/51b55f3e0e483d4ee047cdafd80948eb/1200x900,2026-09-22T05:52:47Z
Toyota,Roomy,Toyota Roomy I,https://auto.ru/cars/used/sale/toyota/roomy/1133774339-b8bf6925/,1109000,Томск,2019,,5,112,1,Не требует ремонта,Оригинал,,"бензин, 1.0 CVT (98 л.с.)",вариатор,передний,Правый,Микровэн,чёрный,https://avatars.avto.ru/get-autoru-vos/17933380/cb2c4e16dd812dc94806cac444b28918/1200x900,2026-09-22T05:52:47Z
Subaru,Forester,Subaru Forester II Рестайлинг,https://auto.ru/cars/used/sale/subaru/forester/1132784445-8c96ce9f/,899000,Томск,2007,,5,285000,2,Не требует ремонта,Дубликат,,"бензин, 2.0 MT (158 л.с.) 4WD",механическая,полный,Левый,Внедорожник 5 дв.,чёрный,https://avatars.avto.ru/get-autoru-vos/18104669/58c583b5c7ee340564c66bad925d5f6b/1200x900,2026-09-22T05:52:47Z
Kia,Sportage,Kia Sportage II,https://auto.ru/cars/used/sale/kia/sportage/1134118306-35eb69fc/,919000,Томск,2008,,5,257000,4,Не требует ремонта,Оригинал,,"бензин, 2.0 AT (141 л.с.) 4WD",автоматическая,полный,Левый,Внедорожник 5 дв.,серый,https://photo.auto.ru/photo/get-autoru-vos/21009869/_IRYkWHgkFbhRd-PxHGJytd2MZFSmEKxsvGBFKyPjC_0oaxwkEoRqgyCoojs1VrLc64iFwdyJ-YogAJxNkxszDb2Pen5TQRC0bp2AbdY1Wwf2FbUQEv1e-OeF86_fppFlEeZMWNObbv70ar8MhAWjOZrrsZkPkM94wqm8e66zg00rCQ/1200x900,2026-09-22T05:52:50Z
SsangYong,Actyon,SsangYong Actyon II,https://auto.ru/cars/used/sale/ssang_yong/actyon/1133942745-961508c0/,1169000,Томск,2013,,5,139000,2,Не требует ремонта,Оригинал,,"бензин, 2.0 MT (149 л.с.)",механическая,передний,Левый,Внедорожник 5 дв.,белый,https://avatars.avto.ru/get-autoru-vos/20761562/4711860e8146f5cdaa7ab05ba33f4e0b/1200x900,2026-09-22T05:52:50Z
SsangYong,Tivoli,SsangYong Tivoli I Рестайлинг,https://auto.ru/cars/used/sale/ssang_yong/tivoli/1134104666-7506625a/,1849000,Томск,2019,,5,115000,1,Не требует ремонта,Оригинал,,"бензин, 1.5 AT (163 л.с.)",автоматическая,передний,Левый,Внедорожник 5 дв.,оранжевый,https://avatars.avto.ru/get-autoru-vos/17683531/620f8d1438ff439ce6eb8b03e765879e/1200x900,2026-09-22T05:52:50Z
Mitsubishi,Outlander,Mitsubishi Outlander II,https://auto.ru/cars/used/sale/mitsubishi/outlander/1134228364-415efeaa/,1269000,Томск,2007,,5,197000,3,Не требует ремонта,Оригинал,,"бензин, 3.0 AT (220 л.с.) 4WD",автоматическая,полный,Левый,Внедорожник 5 дв.,серебристый,https://avatars.avto.ru/get-autoru-vos/20181844/19f17341e291a7745c080b82d2078c64/1200x900,2026-09-22T05:52:50Z
Lada (ВАЗ),2121 (4x4),Lada (ВАЗ) 2121 (4x4) I Рестайлинг,https://auto.ru/cars/used/sale/vaz/2121/1133503607-bae81f06/,449000,Томск,2009,,4,105600,4,Не требует ремонта,Оригинал,,"бензин, 1.7 MT (79 л.с.) 4WD",механическая,полный,Левый,Внедорожник 3 дв.,белый,https://photo.auto.ru/photo/get-autoru-vos/20331633/-xthEnWs-egeFPiYp0zR6fPsiG0zftlY24DzO8pWyqGvDXvhPxoi9izWjFcQkMbgT6-09YzNmuZRN5xs0CIu3vpb_4NQV_4u-oaeMYgN9z5BHx1blprrqJxsgKsVzvxctooPXJN1x5fFSd84vLdzBDtZXWb17RsIKG5q75vOvZTqvWc/1200x900,2026-09-22T05:52:50Z
Hyundai,Tucson,Hyundai Tucson I,https://auto.ru/cars/used/sale/hyundai/tucson/1134176571-26d07fc2/,929000,Томск,2008,,5,166000,4,Не требует ремонта,Оригинал,,"бензин, 2.0 AT (141 л.с.)",автоматическая,передний,Левый,Внедорожник 5 дв.,серый,https://avatars.avto.ru/get-autoru-vos/20694092/9f0673b592f667eca9620afe58f97b62/1200x900,2026-09-22T05:52:50Z
Volkswagen,Tiguan,Volkswagen Tiguan I,https://auto.ru/cars/used/sale/volkswagen/tiguan/1134209120-ffe3782f/,1179000,Томск,2010,,5,234000,4,Не требует ремонта,Оригинал,,"бензин, 2.0 AT (170 л.с.) 4WD",автоматическая,полный,Левый,Внедорожник 5 дв.,белый,https://avatars.avto.ru/get-autoru-vos/17709926/2306b46596be5ae0676ac23a359c24de/1200x900,2026-09-22T05:52:50Z
Honda,Freed,Honda Freed Spike I Рестайлинг,https://auto.ru/cars/used/sale/honda/freed/1132944961-ccf15523/,1149000,Томск,2012,,5,123000,2,Не требует ремонта,Оригинал,,"бензин, Spike 1.5 CVT (118 л.с.)",вариатор,передний,Правый,Компактвэн Spike,серебристый,https://avatars.avto.ru/get-autoru-vos/20606978/676a60beef440b1eb86cca0de0f67a9d/1200x900,2026-09-22T05:52:50Z
Kia,K5,Kia K5 III,https://auto.ru/cars/used/sale/kia/k5/1133313682-8a13ad7f/,2119000,Томск,2020,,5,150000,1,Не требует ремонта,Оригинал,,"бензин, 2.0 AT (160 л.с.)",автоматическая,передний,Левый,Седан,чёрный,https://avatars.avto.ru/get-autoru-vos/18861955/868496f3cf93028a77edab5293b7619c/1200x900,2026-09-22T05:52:50Z
Infiniti,FX,Infiniti FX37 II (S51),https://auto.ru/cars/used/sale/infiniti/fx/1133029149-5fb09531/,2079000,Томск,2011,,5,230000,4,Не требует ремонта,Дубликат,Hi-tech,"бензин, FX37 3.7 AT (333 л.с.) 4WD",автоматическая,полный,Левый,Внедорожник 5 дв.,коричневый,https://avatars.avto.ru/get-autoru-vos/21119147/7769bce56ad66650790be20912d3e6a1/1200x900,2026-09-22T05:52:50Z
Subaru,Forester,Subaru Forester IV Рестайлинг,https://auto.ru/cars/used/sale/subaru/forester/1134198379-08225d3c/,1989000,Томск,2016,,5,161000,2,Не требует ремонта,Оригинал,,"бензин, 2.5 CVT (171 л.с.) 4WD",вариатор,полный,Левый,Внедорожник 5 дв.,серебристый,https://avatars.avto.ru/get-autoru-vos/17698338/788acbe4d3ee08dfd7d5a1d08ecea864/1200x900,2026-09-22T05:52:50Z
Mercedes-Benz,GLC Coupe,Mercedes-Benz GLC Coupe 300 I (C253) Рестайлинг,https://auto.ru/cars/used/sale/mercedes/glc_coupe/1133553334-613bbfae/,4909000,Томск,2019,,5,132000,4,Не требует ремонта,Оригинал,,"бензин, 300 2.0 AT (249 л.с.) 4WD",автоматическая,полный,Левый,Внедорожник 5 дв.,чёрный,https://avatars.avto.ru/get-autoru-vos/17637180/481015f1738cfd3cb12bb58ec64e9103/1200x900,2026-09-22T05:52:50Z
Chery,Tiggo 7 Pro,Chery Tiggo 7 Pro I,https://auto.ru/cars/used/sale/chery/tiggo_7_pro/1133674094-d337208f/,1659000,Томск,2022,,5,50500,1,Не требует ремонта,Оригинал,,"бензин, 1.5 CVT (147 л.с.)",вариатор,передний,Левый,Внедорожник 5 дв.,красный,https://avatars.avto.ru/get-autoru-vos/15688781/cc5b2e3263cfe47dab8522d33d567e57/1200x900,2026-09-22T05:52:50Z
Subaru,Levorg,Subaru Levorg I,https://auto.ru/cars/used/sale/subaru/levorg/1134166060-0baac923/,1639000,Томск,2015,,5,126000,1,Не требует ремонта,Оригинал,,"бензин, 1.6 CVT (170 л.с.) 4WD",вариатор,полный,Правый,Универсал 5 дв.,красный,https://avatars.avto.ru/get-autoru-vos/20656151/e68870e4ae9c860c052fa4d945824991/1200x900,2026-09-22T05:52:50Z
Toyota,Harrier,Toyota Harrier III (XU60),https://auto.ru/cars/used/sale/toyota/harrier/1132754154-f9e980db/,2429000,Томск,2017,,5,100300,1,Не требует ремонта,Оригинал,,"бензин, 2.0 CVT (151 л.с.)",вариатор,передний,Правый,Внедорожник 5 дв.,чёрный,https://avatars.avto.ru/get-autoru-vos/15404718/bf41d4802bc6eac7072dd95f5cc40300/1200x900,2026-09-22T05:52:50Z
Subaru,Forester,Subaru Forester IV,https://auto.ru/cars/used/sale/subaru/forester/1133608582-365acee9/,1339000,Томск,2014,,5,277000,1,Не требует ремонта,Оригинал,BM,"бензин, 2.0 CVT (150 л.с.) 4WD",вариатор,полный,Левый,Внедорожник 5 дв.,чёрный,https://avatars.avto.ru/get-autoru-vos/19063053/6d5c9c26d00bdd8836f58f58da0f45d6/1200x900,2026-09-22T05:52:50Z
Toyota,Premio,Toyota Premio II (T26) Рестайлинг,https://auto.ru/cars/used/sale/toyota/premio/1133698342-bce0bdaa/,999000,Томск,2010,,5,365000,2,Не требует ремонта,Оригинал,,"бензин, 1.5 CVT (110 л.с.)",вариатор,передний,Правый,Седан,белый,https://avatars.avto.ru/get-autoru-vos/20997557/12a2a39d0ef89ec5bd043f0f457b696f/1200x900,2026-09-22T05:52:50Z
Kia,Soul,Kia Soul I Рестайлинг,https://auto.ru/cars/used/sale/kia/soul/1133191162-52840499/,1079000,Томск,2012,,5,178000,3,Не требует ремонта,Оригинал,Comfort,"бензин, 1.6 AT (129 л.с.)",автоматическая,передний,Левый,Хэтчбек 5 дв.,красный,https://avatars.avto.ru/get-autoru-vos/20132077/05e00c77a6b9dc2c3df975209b51a5d8/1200x900,2026-09-22T05:52:50Z
Mitsubishi,Grandis,Mitsubishi Grandis I,https://auto.ru/cars/used/sale/mitsubishi/grandis/1132387678-05da3baf/,729000,Томск,2004,,7,284000,4,Не требует ремонта,Дубликат,,"бензин, 2.4 MT (165 л.с.)",механическая,передний,Левый,Минивэн,чёрный,https://avatars.avto.ru/get-autoru-vos/14855693/37c1bd3578e8ee4a7c18e880c7bbe5fa/1200x900,2026-09-22T05:52:50Z
Honda,Freed,Honda Freed II,https://auto.ru/cars/used/sale/honda/freed/1132705460-f36c4d99/,1449000,Томск,2017,,7,157000,1,Не требует ремонта,Оригинал,,"бензин, 1.5 CVT (131 л.с.)",вариатор,передний,Правый,Компактвэн,синий,https://avatars.avto.ru/get-autoru-vos/16446884/6658f5142f9369d55b7bb5bc43fcd521/1200x900,2026-09-22T05:52:50Z
УАЗ,Патриот,УАЗ Патриот I Рестайлинг 2,https://auto.ru/cars/used/sale/uaz/patriot/1134229384-698c08a6/,999000,Томск,2015,,5,203000,4,Не требует ремонта,Оригинал,,"бензин, 2.7 MT (128 л.с.) 4WD",механическая,полный,Левый,Внедорожник 5 дв.,чёрный,https://avatars.avto.ru/get-autoru-vos/17786981/28ec062f22b4d7a6577911dbfe34b67e/1200x900,2026-09-22T05:52:50Z
Nissan,Qashqai,Nissan Qashqai I Рестайлинг,https://auto.ru/cars/used/sale/nissan/qashqai/1134165112-39787a70/,1249000,Томск,2012,,5,168000,4,Не требует ремонта,Дубликат,,"бензин, 2.0 CVT (141 л.с.) 4WD",вариатор,полный,Левый,Внедорожник 5 дв.,серебристый,https://avatars.avto.ru/get-autoru-vos/20997557/923adf87275676cd4694f4fcc4c7986a/1200x900,2026-09-22T05:52:50Z
Nissan,Qashqai,Nissan Qashqai I Рестайлинг,https://auto.ru/cars/used/sale/nissan/qashqai/1134143979-901466a9/,1179000,Томск,2012,,5,203000,2,Не требует ремонта,Оригинал,,"бензин, 2.0 CVT (141 л.с.) 4WD",вариатор,полный,Левый,Внедорожник 5 дв.,белый,https://avatars.avto.ru/get-autoru-vos/14440393/576224be3717119a8806c158f1c18ca6/1200x900,2026-09-22T05:52:50Z
Mitsubishi,ASX,Mitsubishi ASX I,https://auto.ru/cars/used/sale/mitsubishi/asx/1133921108-0d4a606c/,1249000,Томск,2010,,5,316000,4,Не требует ремонта,Дубликат,,"бензин, 1.8 CVT (140 л.с.)",вариатор,передний,Левый,Внедорожник 5 дв.,красный,https://photo.auto.ru/photo/get-autoru-vos/20740510/1zUyIVne0YufInmRFmJGCHoirv3C8Z8U7WAj_-dCJVUIddPCxslFXKFi3Tz2hITI8DSBOSoAkYCzzw2zI0il7ukb1eFJ6-HmSOSRwfkD4qnUzYFGHQ3OtUCiTFBE5enAWk0Seh_HMGzKicPIAJV8pVty-v55bVOsbIAdwBdwpF1g_vM/1200x900,2026-09-22T05:52:50Z
Nissan,X-Trail,Nissan X-Trail II Рестайлинг,https://auto.ru/cars/used/sale/nissan/x_trail/1133715391-288048ab/,1499000,Томск,2012,,5,119000,1,Не требует ремонта,Оригинал,,"бензин, 2.0 CVT (141 л.с.) 4WD",вариатор,полный,Левый,Внедорожник 5 дв.,серебристый,https://avatars.avto.ru/get-autoru-vos/20951031/7fe7435bb46d32b7e33b8e5dc72d82a6/1200x900,2026-09-22T05:52:50Z
Mitsubishi,Outlander,Mitsubishi Outlander III Рестайлинг,https://auto.ru/cars/used/sale/mitsubishi/outlander/1133674618-51ddcd0a/,1659000,Томск,2014,,5,216000,2,Не требует ремонта,Оригинал,,"бензин, 2.4 CVT (167 л.с.) 4WD",вариатор,полный,Левый,Внедорожник 5 дв.,белый,https://avatars.avto.ru/get-autoru-vos/20487659/1bfdfae984dea41b9b515400ae80ff00/1200x900,2026-09-22T05:52:50Z
Honda,HR-V,Honda HR-V I Рестайлинг,https://auto.ru/cars/used/sale/honda/hr_v/1132993445-28f78612/,549000,Томск,2003,,5,270000,4,Не требует ремонта,Дубликат,,"бензин, 1.6 CVT (105 л.с.) 4WD",вариатор,полный,Левый,Внедорожник 5 дв.,синий,https://avatars.avto.ru/get-autoru-vos/20141841/3b525901ff1240cb2deab95fcf17b5fe/1200x900,2026-09-22T05:52:50Z
Mitsubishi,Outlander,Mitsubishi Outlander III,https://auto.ru/cars/used/sale/mitsubishi/outlander/1133698936-14b733db/,1639000,Томск,2013,,5,159000,2,Не требует ремонта,Оригинал,,"бензин, 2.4 CVT (167 л.с.) 4WD",вариатор,полный,Левый,Внедорожник 5 дв.,белый,https://avatars.avto.ru/get-autoru-vos/21092119/8b8b5929394f5ff1d13c5ddfaf03628a/1200x900,2026-09-22T05:52:50Z
Hyundai,Creta,Hyundai Creta I Рестайлинг,https://auto.ru/cars/used/sale/hyundai/creta/1133795337-077c8bbb/,2199000,Томск,2020,,5,36425,2,Не требует ремонта,Оригинал,,"бензин, 1.6 MT (121 л.с.) 4WD",механическая,полный,Левый,Внедорожник 5 дв.,серебристый,https://avatars.avto.ru/get-autoru-vos/21167286/b311f3a570d66b3a791e3da4446741a8/1200x900,2026-09-22T05:52:50Z
Mitsubishi,ASX,Mitsubishi ASX I,https://auto.ru/cars/used/sale/mitsubishi/asx/1131943229-a8bbf1a9/,1179000,Томск,2010,,5,163400,3,Не требует ремонта,Оригинал,Instyle,"бензин, 1.8 CVT (140 л.с.)",вариатор,передний,Левый,Внедорожник 5 дв.,серебристый,https://avatars.avto.ru/get-autoru-vos/18139133/c1b8fc3e05550ae4d81733a4a81ff86a/1200x900,2026-09-22T05:52:50Z
Toyota,Wish,Toyota Wish II,https://auto.ru/cars/used/sale/toyota/wish/1133939609-20ef8105/,1259000,Томск,2010,,6,165000,4,Не требует ремонта,Оригинал,,"бензин, 1.8 CVT (144 л.с.)",вариатор,передний,Правый,Минивэн,красный,https://photo.auto.ru/photo/get-autoru-vos/6027420/22rPmSdb_z_dtHCpaXlp3Yvmd76mOn6ovH0WPZUaUg6754Otaz7CynO7kDSZU657C0S1rj0NDgLMR6Ed8CVrvwxQKEu90-OU-xg7XMl2mm2sVemFdjExtbITbpXPeDVijSHt5CU3-8gcuuD6x1NV40Xuh1I99Q2CNalFgNTF7XLJ7Ko/1200x900,2026-09-22T05:52:50Z
Opel,Antara,Opel Antara I Рестайлинг,https://auto.ru/cars/used/sale/opel/antara/1134021019-3a760f08/,1149000,Томск,2013,,5,150000,4,Не требует ремонта,Дубликат,,"бензин, 2.4 AT (167 л.с.) 4WD",автоматическая,полный,Левый,Внедорожник 5 дв.,серебристый,https://avatars.avto.ru/get-autoru-vos/2154757/f667ba18062701b6cd5a6b0ad3cb0749/1200x900,2026-09-22T05:52:50Z
Suzuki,Grand Vitara,Suzuki Grand Vitara XL-7 I Рестайлинг,https://auto.ru/cars/used/sale/suzuki/grand_vitara/1132565058-1ffb41ee/,749000,Томск,2004,,5,305000,4,Не требует ремонта,Дубликат,,"бензин, XL-7 2.7 AT (184 л.с.) 4WD",автоматическая,полный,Левый,Внедорожник 5 дв. XL-7,серый,https://avatars.avto.ru/get-autoru-vos/17945344/4575866e572eb47a8ab6e308614dcfcb/1200x900,2026-09-22T05:52:50Z
Volkswagen,Tiguan,Volkswagen Tiguan I Рестайлинг,https://auto.ru/cars/used/sale/volkswagen/tiguan/1134152161-64995bed/,1379000,Томск,2013,,5,209000,1,Не требует ремонта,Оригинал,,"бензин, 2.0 AT (170 л.с.) 4WD",автоматическая,полный,Левый,Внедорожник 5 дв.,белый,https://avatars.avto.ru/get-autoru-vos/21119147/5a69b9e9aa69ea28cd65c2c2ad06c9a8/1200x900,2026-09-22T05:52:50Z
Chevrolet,Niva,Chevrolet Niva I,https://auto.ru/cars/used/sale/chevrolet/niva/1133626655-4b2e96b8/,299000,Томск,2007,,5,214379,4,Не требует ремонта,Оригинал,GLC,"бензин, 1.7 MT (80 л.с.) 4WD",механическая,полный,Левый,Внедорожник 5 дв.,серебристый,https://avatars.avto.ru/get-autoru-vos/17413889/ee4e3b667609bf5ca46eadc744773958/1200x900,2026-09-22T05:52:50Z
Nissan,Murano,Nissan Murano II (Z51) Рестайлинг,https://auto.ru/cars/used/sale/nissan/murano/1133871664-bb21e736/,1099000,Томск,2011,,5,376000,4,Не требует ремонта,Дубликат,,"бензин, 3.5 CVT (249 л.с.) 4WD",вариатор,полный,Левый,Внедорожник 5 дв.,чёрный,https://avatars.avto.ru/get-autoru-vos/4792406/208e7ce439c9c273ecd857a154f9e057/1200x900,2026-09-22T05:52:50Z
Ravon,Nexia R3,Ravon Nexia R3,https://auto.ru/cars/used/sale/ravon/nexia_r3/1134118307-cabb4973/,629000,Томск,2017,,5,224000,2,Не требует ремонта,Оригинал,,"бензин, 1.5 MT (107 л.с.)",механическая,передний,Левый,Седан,коричневый,https://photo.auto.ru/photo/get-autoru-vos/18152297/TgEd9d9T_jCaoFGhFzqU9VafbSRNTcafBLDnN2s7MsYLE-1L94HHLYnmX_L3SEh3qIdgRqtl8pO6tiHHE-1OGR12bacqqsBANS0mvah9prwyOb8to45WrqTRhMlGfTK1uIpXNqAqjsfJvuKf-RXOGtrHfNbmYwN8jrZNJtqEJPjvgNs/1200x900,2026-09-22T05:52:50Z
Nissan,Juke,Nissan Juke I,https://auto.ru/cars/used/sale/nissan/juke/1134080113-0c291f71/,1149000,Томск,2012,,5,180000,4,Не требует ремонта,Оригинал,,"бензин, 1.6 CVT (117 л.с.)",вариатор,передний,Левый,Внедорожник 5 дв.,коричневый,https://avatars.avto.ru/get-autoru-vos/20181844/8b36584d4152a773acf12fcbf9c7f1d2/1200x900,2026-09-22T05:52:53Z
Nissan,Murano,Nissan Murano II (Z51) Рестайлинг 2,https://auto.ru/cars/used/sale/nissan/murano/1133941094-a08c1e79/,1319000,Томск,2012,,5,233000,3,Не требует ремонта,Дубликат,,"бензин, 3.5 CVT (249 л.с.) 4WD",вариатор,полный,Левый,Внедорожник 5 дв.,чёрный,https://avatars.avto.ru/get-autoru-vos/2155411/026a4b0d7f14e367d214a907987035ed/1200x900,2026-09-22T05:52:53Z
Hyundai,Tucson,Hyundai Tucson III,https://auto.ru/cars/used/sale/hyundai/tucson/1134209121-ecb6d5c4/,2279000,Томск,2015,,5,159530,3,Не требует ремонта,Дубликат,,"бензин, 2.0 AT (150 л.с.) 4WD",автоматическая,полный,Левый,Внедорожник 5 дв.,голубой,https://avatars.avto.ru/get-autoru-vos/21002260/fe69d3c7192d174c357c001a83d6361f/1200x900,2026-09-22T05:52:53Z
Toyota,Raize,Toyota Raize I,https://auto.ru/cars/used/sale/toyota/raize/1132806274-7b2ef5eb/,1809000,Томск,2022,,5,47500,1,Не требует ремонта,Оригинал,E,"бензин, 1.2 CVT (87 л.с.)",вариатор,передний,Правый,Внедорожник 5 дв.,красный,https://avatars.avto.ru/get-autoru-vos/20606978/9385a6eafee7b400c01aab775914f693/1200x900,2026-09-22T05:52:53Z
Chery,Tiggo 4,Chery Tiggo 4 I Рестайлинг,https://auto.ru/cars/used/sale/chery/tiggo_4/1133857224-828cf8bd/,1489000,Томск,2019,,5,86000,1,Не требует ремонта,Оригинал,,"бензин, 2.0 CVT (122 л.с.)",вариатор,передний,Левый,Внедорожник 5 дв.,белый,https://avatars.avto.ru/get-autoru-vos/15404718/b716af797fd187a7ba85089262163834/1200x900,2026-09-22T05:52:53Z
Chevrolet,Rezzo,Chevrolet Rezzo,https://auto.ru/cars/used/sale/chevrolet/rezzo/1133071898-f3ceeb9d/,449000,Томск,2008,,5,186000,4,Не требует ремонта,Дубликат,Elite,"бензин, 1.6 MT (90 л.с.)",механическая,передний,Левый,Компактвэн,синий,https://avatars.avto.ru/get-autoru-vos/17981265/bb9030b6428df72d1b35bf2d51c1ab92/1200x900,2026-09-22T05:52:53Z
Lexus,NX,Lexus NX 200 I Рестайлинг,https://auto.ru/cars/used/sale/lexus/nx/1134030824-72691949/,3399000,Томск,2019,,5,138000,2,Не требует ремонта,Дубликат,,"бензин, 200 2.0 CVT (150 л.с.) 4WD",вариатор,полный,Левый,Внедорожник 5 дв.,красный,https://avatars.avto.ru/get-autoru-vos/16908002/f0ebeaa99d900f9991ca12362b9ba184/1200x900,2026-09-22T05:52:53Z
Changan,CS55 Plus,Changan CS55 Plus II,https://auto.ru/cars/used/sale/changan/cs55plus/1133774336-4e68523f/,2369000,Томск,2023,,5,45000,1,Не требует ремонта,Оригинал,,"бензин, 1.5 AMT (181 л.с.)",робот,передний,Левый,Внедорожник 5 дв.,серебристый,https://avatars.avto.ru/get-autoru-vos/5459774/1f00dbdaaecc7cdf25109a7c4c874bae/1200x900,2026-09-22T05:52:53Z
Honda,Odyssey,Honda Odyssey III,https://auto.ru/cars/used/sale/honda/odyssey/1133955954-6b64d591/,799000,Томск,2004,,7,102000,3,Не требует ремонта,Оригинал,,"бензин, 2.4 AT (160 л.с.) 4WD",автоматическая,полный,Правый,Компактвэн,фиолетовый,https://avatars.avto.ru/get-autoru-vos/20507677/763771aca24d45962cb150666ea7d4cc/1200x900,2026-09-22T05:52:53Z
Hyundai,Santa Fe,Hyundai Santa Fe Classic Classic,https://auto.ru/cars/used/sale/hyundai/santa_fe/1133857018-cc21d472/,799000,Томск,2008,,5,246000,4,Не требует ремонта,Оригинал,,"бензин, Classic 2.7 AT (173 л.с.) 4WD",автоматическая,полный,Левый,Внедорожник 5 дв. Classic,серый,https://avatars.avto.ru/get-autoru-vos/20394542/c0fb0acf6a3031ab17900d1626f3ceb8/1200x900,2026-09-22T05:52:53Z
Toyota,Avensis,Toyota Avensis II,https://auto.ru/cars/used/sale/toyota/avensis/1134216804-0c69c5eb/,929000,Томск,2004,,5,315000,4,Не требует ремонта,Дубликат,,"бензин, 2.4 AT (163 л.с.)",автоматическая,передний,Левый,Седан,серый,https://photo.auto.ru/photo/get-autoru-vos/20390804/5Ap--8Q6YYaRJ_t30IGL8ZZNcOMI1hxClurfm4YwqUySjeZPwgiLtZJ5J4Uzxma0bmuzHkvDTxuZ5aV_ycr_N-WJOzeupEbR_Tnz7F9H2OUvOlxgRqXxzNmo4LRh9LKj5ZciFJAw5rlGsA1f3zP4PmHIc5Mg6KaMvmdB0E8wpoB6xhE/1200x900,2026-09-22T05:52:53Z
Chevrolet,Cruze,Chevrolet Cruze I,https://auto.ru/cars/used/sale/chevrolet/cruze/1134104665-13bb8f6c/,849000,Томск,2011,,5,116000,2,Не требует ремонта,Оригинал,,"бензин, 1.8 MT (141 л.с.)",механическая,передний,Левый,Седан,чёрный,https://avatars.avto.ru/get-autoru-vos/17699914/68bd41596495f3063f0bbe35d1928f73/1200x900,2026-09-22T05:52:53Z
Lada (ВАЗ),Kalina,Lada (ВАЗ) Kalina I,https://auto.ru/cars/used/sale/vaz/kalina/1133119606-e86a15dc/,249000,Томск,2005,,5,180000,2,Не требует ремонта,Дубликат,,"бензин, 1.6 MT (90 л.с.)",механическая,передний,Левый,Седан,красный,https://photo.auto.ru/photo/get-autoru-vos/18049305/4lll4Df_s1f0io4R66N9lHpZHPnZez6JZADBC73kJxeEeonjmRqS5JUtE66te6s9Ir3hHcQa0N82RI5wZ1KFBUkYq3AtG-WY9MtNnprPJi0LKTVqtXb2x6_O92fOMlGlfwAuvyyiLz51MgkNHc-z_6IhDZWWaRQS1Mf-8YyfHusODdo/1200x900,2026-09-22T05:52:53Z
Hyundai,i30,Hyundai i30 I,https://auto.ru/cars/used/sale/hyundai/i30/1133940093-ea518d7d/,709000,Томск,2009,,5,220000,3,Не требует ремонта,Оригинал,,"бензин, 1.6 AT (122 л.с.)",автоматическая,передний,Левый,Хэтчбек 5 дв.,чёрный,https://avatars.avto.ru/get-autoru-vos/20444157/d94b76147cb06b40dab3eacf37fc2090/1200x900,2026-09-22T05:52:53Z
Nissan,Dayz Roox,Nissan Dayz Roox I,https://auto.ru/cars/used/sale/nissan/dayz_roox/1134152162-84baee9b/,759000,Томск,2015,,4,156000,2,Не требует ремонта,Оригинал,,"бензин, 0.7 CVT (49 л.с.)",вариатор,передний,Правый,Хэтчбек 5 дв.,жёлтый,https://avatars.avto.ru/get-autoru-vos/20140694/ff6a260dde9e05b4ba38a0cfa46d7f93/1200x900,2026-09-22T05:52:53Z
Mazda,CX-5,Mazda CX-5 I Рестайлинг,https://auto.ru/cars/used/sale/mazda/cx_5/1133181205-9a64ce7b/,1829000,Томск,2015,,5,157000,3,Не требует ремонта,Дубликат,Active,"бензин, 2.0 AT (150 л.с.)",автоматическая,передний,Левый,Внедорожник 5 дв.,серебристый,https://photo.auto.ru/photo/get-autoru-vos/17674678/xhryYACakjKsoKCnE4fOdxcJT63_AlH70QvJRqfFlqOfVOxr3gUBqOEZ3isLF21QeVYURib95Rst-Z27RjcSnd_gpkiJBXykaAuP24eKRAVHLzRj94eV71r3dxh1B-XqtzrhqFZdJW1WzYWxCA3i_pGHxO6lyBjx0c2eGOnLGJPyZs4/1200x900,2026-09-22T05:52:53Z
Toyota,Vitz,Toyota Vitz I (P10),https://auto.ru/cars/used/sale/toyota/vitz/1132752998-a26e5dda/,359000,Томск,1999,,5,340000,1,Не требует ремонта,Оригинал,,"бензин, 1.0 AT (70 л.с.)",автоматическая,передний,Правый,Хэтчбек 3 дв.,белый,https://avatars.avto.ru/get-autoru-vos/20035467/91c15a8cab65b9604f42b682e24ee0de/1200x900,2026-09-22T05:52:53Z
Toyota,Harrier,Toyota Harrier I (XU10),https://auto.ru/cars/used/sale/toyota/harrier/1133545582-72f633fc/,759000,Томск,1998,,5,375000,4,Не требует ремонта,Дубликат,,"бензин, 3.0 AT (220 л.с.) 4WD",автоматическая,полный,Правый,Внедорожник 5 дв.,серый,https://avatars.avto.ru/get-autoru-vos/18005086/1ce379f99566c6f201cbff9297e51d27/1200x900,2026-09-22T05:52:53Z
Chevrolet,Niva,Chevrolet Niva I Рестайлинг,https://auto.ru/cars/used/sale/chevrolet/niva/1133861399-28333767/,839000,Томск,2020,,5,155000,1,Не требует ремонта,Оригинал,,"бензин, 1.7 MT (80 л.с.) 4WD",механическая,полный,Левый,Внедорожник 5 дв.,серебристый,https://avatars.avto.ru/get-autoru-vos/3690741/fb175b14f0cccb846a34a4115a81bef3/1200x900,2026-09-22T05:52:53Z
Honda,Stepwgn,Honda Stepwgn Spada V Рестайлинг,https://auto.ru/cars/used/sale/honda/stepwagon/1132405601-bc8a88f5/,2569000,Томск,2019,,7,55000,1,Не требует ремонта,Оригинал,,"бензин, Spada 1.5 CVT (150 л.с.)",вариатор,передний,Правый,Минивэн Spada,серебристый,https://photo.auto.ru/photo/get-autoru-vos/19851294/eNnhmPwHuUF8Sjcgw74fTSvK-CF5Vo_80C1VJQWb3EQN1wxGJhucLvU3R48EoHKO8EtHqIKINIBUYF4yMLd3Dtk7EmEEipuRqS_cSi9xA1o12myja-5RHcVrYj--sjwbDpv0pKy46r0MBcrxl3i5bMWSp1P7vqmB7dcjBsoHioOS1_U/1200x900,2026-09-22T05:52:53Z
Mitsubishi,Outlander,Mitsubishi Outlander III,https://auto.ru/cars/used/sale/mitsubishi/outlander/1133905491-fcff3078/,1769000,Томск,2012,,5,170000,4,Не требует ремонта,Оригинал,,"бензин, 2.0 CVT (146 л.с.) 4WD",вариатор,полный,Левый,Внедорожник 5 дв.,белый,https://avatars.avto.ru/get-autoru-vos/21119147/f46c2f88fd178c6c7e4f57d0b44ed882/1200x900,2026-09-22T05:52:53Z
Chery,Tiggo 7 Pro Max,Chery Tiggo 7 Pro Max I,https://auto.ru/cars/used/sale/chery/tiggo_7_pro_max/1133942174-a86f1894/,1999000,Томск,2023,,5,75500,1,Не требует ремонта,Оригинал,,"бензин, 1.6 AMT (150 л.с.) 4WD",робот,полный,Левый,Внедорожник 5 дв.,чёрный,https://avatars.avto.ru/get-autoru-vos/10868311/a02f3e4002fd600fbd2ea06f22a5e266/1200x900,2026-09-22T05:52:53Z
Mitsubishi,Outlander,Mitsubishi Outlander II Рестайлинг,https://auto.ru/cars/used/sale/mitsubishi/outlander/1131811318-6e367a69/,1429000,Томск,2012,,5,144700,2,Не требует ремонта,Оригинал,,"бензин, 2.4 CVT (170 л.с.)",вариатор,передний,Левый,Внедорожник 5 дв.,синий,https://avatars.avto.ru/get-autoru-vos/16743792/4c043c0df92ca66256ff74915d83cdff/1200x900,2026-09-22T05:52:53Z
Mitsubishi,Outlander,Mitsubishi Outlander III,https://auto.ru/cars/used/sale/mitsubishi/outlander/1134049387-6929262d/,1929000,Томск,2014,,5,178000,3,Не требует ремонта,Оригинал,,"бензин, 2.4 CVT (167 л.с.) 4WD",вариатор,полный,Левый,Внедорожник 5 дв.,серый,https://avatars.avto.ru/get-autoru-vos/2171287/1ab8c2b5800ed58d574606df8eff10a0/1200x900,2026-09-22T05:52:53Z
Hyundai,Tucson,Hyundai Tucson III Рестайлинг,https://auto.ru/cars/used/sale/hyundai/tucson/1132754157-5a6c1e63/,2349000,Томск,2019,,5,119000,2,Не требует ремонта,Оригинал,High-Tech,"бензин, 2.0 AT (150 л.с.) 4WD",автоматическая,полный,Левый,Внедорожник 5 дв.,серый,https://avatars.avto.ru/get-autoru-vos/17791070/1ec751bbc4090627a7b7a6af1b4ef56b/1200x900,2026-09-22T05:52:53Z
Toyota,Avensis,Toyota Avensis III Рестайлинг,https://auto.ru/cars/used/sale/toyota/avensis/1133398348-2245e1cd/,1369000,Томск,2012,,5,224000,3,Не требует ремонта,Оригинал,,"бензин, 2.0 CVT (152 л.с.)",вариатор,передний,Правый,Универсал 5 дв.,чёрный,https://avatars.avto.ru/get-autoru-vos/17993102/159e79ac245a6fa01d6cb6d9eb370838/1200x900,2026-09-22T05:52:53Z
Audi,Q5,Audi Q5 I (8R),https://auto.ru/cars/used/sale/audi/q5/1133372345-4d3b5f62/,1449000,Томск,2011,,5,232000,3,Не требует ремонта,Дубликат,,"бензин, 2.0 AMT (211 л.с.) 4WD",робот,полный,Левый,Внедорожник 5 дв.,белый,https://avatars.avto.ru/get-autoru-vos/20785675/167323c47a677aa9603e87b90769d995/1200x900,2026-09-22T05:52:53Z
Lada (ВАЗ),Niva Travel,Lada (ВАЗ) Niva Travel I,https://auto.ru/cars/used/sale/vaz/niva_travel/1133480543-ae975220/,1359000,Томск,2022,,5,12500,2,Не требует ремонта,Оригинал,KHL'24 (2023-2024),"бензин, 1.7 MT (80 л.с.) 4WD",механическая,полный,Левый,Внедорожник 5 дв.,зелёный,https://avatars.avto.ru/get-autoru-vos/18536126/0b7759ec25842608c11bb2a9596253e8/1200x900,2026-09-22T05:52:53Z
Honda,CR-V,Honda CR-V II,https://auto.ru/cars/used/sale/honda/cr_v/1133949880-c51245d9/,879000,Томск,2004,,5,181000,4,Не требует ремонта,Оригинал,,"бензин, 2.4 AT (162 л.с.)",автоматическая,передний,Левый,Внедорожник 5 дв.,чёрный,https://avatars.avto.ru/get-autoru-vos/17973312/c107de1d13857eb142da1171ebdc5574/1200x900,2026-09-22T05:52:53Z
Toyota,Passo,Toyota Passo III,https://auto.ru/cars/used/sale/toyota/passo/1133857223-3f9fe209/,1039000,Томск,2017,,5,84000,1,Не требует ремонта,Оригинал,,"бензин, 1.0 CVT (69 л.с.)",вариатор,передний,Правый,Хэтчбек 5 дв.,синий,https://avatars.avto.ru/get-autoru-vos/11557313/a9924b3d7fc73794dff1af4458dc95f1/1200x900,2026-09-22T05:52:53Z
Kia,Sportage,Kia Sportage III,https://auto.ru/cars/used/sale/kia/sportage/1134160598-ac393ee0/,1439000,Томск,2011,,5,149000,3,Не требует ремонта,Дубликат,,"бензин, 2.0 AT (150 л.с.) 4WD",автоматическая,полный,Левый,Внедорожник 5 дв.,синий,https://avatars.avto.ru/get-autoru-vos/20315033/23d3268049ce35297d98d7f0997e5b72/1200x900,2026-09-22T05:52:53Z
Lada (ВАЗ),2121 (4x4),Lada (ВАЗ) 2121 (4x4) I Рестайлинг,https://auto.ru/cars/used/sale/vaz/2121/1133295096-89c18c8f/,419000,Томск,2012,,4,74000,2,Не требует ремонта,Оригинал,Black Edition,"бензин, 1.7 MT (83 л.с.) 4WD",механическая,полный,Левый,Внедорожник 3 дв.,синий,https://avatars.avto.ru/get-autoru-vos/20104625/6587122aef0e1724eab0eee084dbbdfd/1200x900,2026-09-22T05:52:53Z
Toyota,Avensis,Toyota Avensis II Рестайлинг,https://auto.ru/cars/used/sale/toyota/avensis/1133939118-a3fe6d7b/,959000,Томск,2008,,5,226000,3,Не требует ремонта,Дубликат,,"бензин, 1.8 AT (129 л.с.)",автоматическая,передний,Левый,Седан,зелёный,https://avatars.avto.ru/get-autoru-vos/16976316/00bdbae3618751bc398e9e06002ca90c/1200x900,2026-09-22T05:52:53Z
Nissan,Qashqai,Nissan Qashqai II,https://auto.ru/cars/used/sale/nissan/qashqai/1134126096-ddb14c6b/,1799000,Томск,2017,,5,111000,3,Не требует ремонта,Оригинал,,"бензин, 2.0 CVT (144 л.с.) 4WD",вариатор,полный,Левый,Внедорожник 5 дв.,чёрный,https://avatars.avto.ru/get-autoru-vos/20289822/15eb391c1034f777cf2489241d42c3d8/1200x900,2026-09-22T05:52:53Z
Nissan,X-Trail,Nissan X-Trail II,https://auto.ru/cars/used/sale/nissan/x_trail/1133208207-a4b889de/,1169000,Томск,2008,,5,285000,4,Не требует ремонта,Дубликат,SE,"бензин, 2.5 CVT (169 л.с.) 4WD",вариатор,полный,Левый,Внедорожник 5 дв.,серый,https://photo.auto.ru/photo/get-autoru-vos/20394542/nNQgR7SwGqX_KchRrljvWdg9_gBaHOMk7LO9LueJXBIOodxojYXJgKT1uK5I-xz754OzCd09sDJKMh8yyzihoaT3kj2eRWnxvhErJ0v0JvsBOENdrPHkYNshCeThuJWJtUW_S0nhVB3AJBnyWnwq0-C98Pt8zfjkFi37Xe-sVCEmZII/1200x900,2026-09-22T05:52:53Z
Honda,Freed,Honda Freed Spike I Рестайлинг,https://auto.ru/cars/used/sale/honda/freed/1133627837-6d9ac67a/,999000,Томск,2012,,5,191475,2,Не требует ремонта,Оригинал,,"гибрид, Spike 1.5hyb CVT (88 л.с.)",вариатор,передний,Правый,Компактвэн Spike,серебристый,https://avatars.avto.ru/get-autoru-vos/20360782/7bec7de5f9188a717f805df3155addfd/1200x900,2026-09-22T05:52:53Z
Toyota,Corolla,"Toyota Corolla IX (E120, E130)",https://auto.ru/cars/used/sale/toyota/corolla/1134026546-e95cd22c/,529000,Томск,2002,,5,375000,3,Не требует ремонта,Дубликат,,"бензин, 1.5 AT (110 л.с.)",автоматическая,передний,Правый,Седан,серебристый,https://avatars.avto.ru/get-autoru-vos/20360782/eb305c762a5246e9cb4ab67389c41a88/1200x900,2026-09-22T05:52:53Z
Toyota,Corolla,"Toyota Corolla Fielder XI (E160, E170, E180) Рестайлинг 1",https://auto.ru/cars/used/sale/toyota/corolla/1132755063-86a13854/,1349000,Томск,2015,,5,124000,1,Не требует ремонта,Оригинал,,"бензин, Fielder 1.5 CVT (109 л.с.)",вариатор,передний,Правый,Универсал 5 дв. Fielder,чёрный,https://avatars.avto.ru/get-autoru-vos/14637477/e8f6c927db413caf5feb6bd533a0a0b3/1200x900,2026-09-22T05:52:55Z
Haval,Dargo,Haval Dargo I,https://auto.ru/cars/used/sale/haval/dargo/1134080114-54ba51f4/,3099000,Томск,2023,,5,25700,2,Не требует ремонта,Оригинал,,"бензин, 2.0 AMT (192 л.с.) 4WD",робот,полный,Левый,Внедорожник 5 дв.,чёрный,https://avatars.avto.ru/get-autoru-vos/20829654/e93173be4fe13aa3ae9d3694bf8b7168/1200x900,2026-09-22T05:52:55Z
Volkswagen,Tiguan,Volkswagen Tiguan I Рестайлинг,https://auto.ru/cars/used/sale/volkswagen/tiguan/1133765370-2824e1a6/,899000,Томск,2013,,5,306000,4,Не требует ремонта,Дубликат,,"бензин, 1.4 MT (150 л.с.) 4WD",механическая,полный,Левый,Внедорожник 5 дв.,серый,https://avatars.avto.ru/get-autoru-vos/15041766/6681b17261b64738e79876bf39f4b2c2/1200x900,2026-09-22T05:52:55Z
Ford,Focus,Ford Focus II Рестайлинг,https://auto.ru/cars/used/sale/ford/focus/1134110305-6f585b27/,599000,Томск,2010,,5,290000,4,Не требует ремонта,Дубликат,,"бензин, 1.6 MT (115 л.с.)",механическая,передний,Левый,Хэтчбек 5 дв.,серебристый,https://photo.auto.ru/photo/get-autoru-vos/20104625/eFgU6Tl6WJu-XnRAdSeI6TQWNc2GBh8R8cb2lqqzxZwyR751EbjzSIX1Kv0gY16Ej7Xk5tXmxWodrBnw8zw1cugWn53dGGdaTurFf9_USlsyMQhBtaSfx_DzuchDzttmiXjaew4Zg__B8QJRPFkmkEbDRfw0VISJ0O54zTB_Bmb1CCc/1200x900,2026-09-22T05:52:55Z
Subaru,Impreza,Subaru Impreza II Рестайлинг 1,https://auto.ru/cars/used/sale/subaru/impreza/1133667492-90da8180/,589000,Томск,2005,,5,251000,3,Не требует ремонта,Дубликат,,"бензин, 1.5 AT (100 л.с.) 4WD",автоматическая,полный,Правый,Универсал 5 дв.,белый,https://avatars.avto.ru/get-autoru-vos/20309075/0732e4ef7314ac9db5e843c4bd78a0ba/1200x900,2026-09-22T05:52:55Z
Nissan,Juke,Nissan Juke I,https://auto.ru/cars/used/sale/nissan/juke/1134050856-d9b7eecb/,799000,Томск,2010,,5,154989,1,Не требует ремонта,Оригинал,,"бензин, 1.5 CVT (114 л.с.)",вариатор,передний,Правый,Внедорожник 5 дв.,серебристый,https://avatars.avto.ru/get-autoru-vos/2189589/2d43496bf4c18a7a0371c9e1df1a977a/1200x900,2026-09-22T05:52:55Z
Toyota,RAV4,Toyota RAV4 IV (XA40),https://auto.ru/cars/used/sale/toyota/rav_4/1133904554-95a92255/,2289000,Томск,2015,,5,138000,3,Не требует ремонта,Оригинал,,"бензин, 2.0 CVT (146 л.с.) 4WD",вариатор,полный,Левый,Внедорожник 5 дв.,чёрный,https://avatars.avto.ru/get-autoru-vos/18006848/1e0eb7ed6f752886639d73a339002c6b/1200x900,2026-09-22T05:52:55Z
Peugeot,Traveller,Peugeot Traveller I,https://auto.ru/cars/used/sale/peugeot/traveller/1132915790-5a72ef8c/,2899000,Томск,2018,,6,147000,2,Не требует ремонта,Оригинал,Active,"дизель, 2.0d AT (150 л.с.)",автоматическая,передний,Левый,Минивэн,чёрный,https://avatars.avto.ru/get-autoru-vos/19793268/af3a9bd948f7a81e166f2321aee9f30a/1200x900,2026-09-22T05:52:55Z
Subaru,Levorg,Subaru Levorg I,https://auto.ru/cars/used/sale/subaru/levorg/1133191913-4a051612/,1779000,Томск,2017,,5,107154,1,Не требует ремонта,Оригинал,,"бензин, 1.6 CVT (170 л.с.) 4WD",вариатор,полный,Правый,Универсал 5 дв.,чёрный,https://avatars.avto.ru/get-autoru-vos/18139133/7448cadc6ba726d991788958e72cff10/1200x900,2026-09-22T05:52:55Z
Honda,Fit Shuttle,Honda Fit Shuttle I,https://auto.ru/cars/used/sale/honda/fit_shuttle/1132270650-5fc104d1/,1049000,Томск,2013,,5,189650,2,Не требует ремонта,Оригинал,,"бензин, 1.5 AT (120 л.с.) 4WD",автоматическая,полный,Правый,Универсал 5 дв.,серебристый,https://avatars.avto.ru/get-autoru-vos/20141841/9e96aa380c5984611ee75fd17dceefb5/1200x900,2026-09-22T05:52:55Z
Toyota,Avensis,Toyota Avensis II,https://auto.ru/cars/used/sale/toyota/avensis/1132915792-54af7fcf/,929000,Томск,2005,,5,209237,3,Не требует ремонта,Дубликат,,"бензин, 1.8 AT (129 л.с.)",автоматическая,передний,Левый,Седан,красный,https://avatars.avto.ru/get-autoru-vos/17686578/f45085aca422e1907f61c62caac4f310/1200x900,2026-09-22T05:52:55Z
Honda,Fit Shuttle,Honda Fit Shuttle I Рестайлинг,https://auto.ru/cars/used/sale/honda/fit_shuttle/1133743959-a37ef264/,1199000,Томск,2014,,5,124000,2,Не требует ремонта,Оригинал,,"гибрид, 1.3hyb CVT (88 л.с.)",вариатор,передний,Правый,Универсал 5 дв.,серебристый,https://avatars.avto.ru/get-autoru-vos/15628906/82eb2f3bc3c865600ecd414891ab735c/1200x900,2026-09-22T05:52:55Z
УАЗ,Патриот,УАЗ Патриот I Рестайлинг 3,https://auto.ru/cars/used/sale/uaz/patriot/1132986437-71232c35/,1159000,Томск,2017,,5,62000,1,Не требует ремонта,Оригинал,Стандарт,"бензин, 2.7 MT (135 л.с.) 4WD",механическая,полный,Левый,Внедорожник 5 дв.,белый,https://avatars.avto.ru/get-autoru-vos/16673081/086c7c056aede51dcacf94cd65fb2086/1200x900,2026-09-22T05:52:55Z
Toyota,Yaris Cross,Toyota Yaris Cross I,https://auto.ru/cars/used/sale/toyota/yaris_cross/1133921106-d5e0cbb5/,2099000,Томск,2020,,5,120000,1,Не требует ремонта,Оригинал,,"бензин, 1.5 CVT (120 л.с.)",вариатор,передний,Правый,Внедорожник 5 дв.,чёрный,https://photo.auto.ru/photo/get-autoru-vos/20036242/E5Q4fomQ55kHTCbkjRLIRqQZfdJrd2ltPsj5Z_aEAj1wpzoUTzWDjBrL1Z5smxeTMwGVGPx_qIy5lZJylicE5swuhM0ST9EQVH0Y2L2ABq2oySlIK8mop2A8EQZR70Fq3vkqcab5FgOHlEe3QK4PFB0oOuwS4idf5iGBV31qDmDUGRE/1200x900,2026-09-22T05:52:55Z
Renault,Sandero,Renault Sandero I,https://auto.ru/cars/used/sale/renault/sandero/1133149618-16fd8727/,629000,Томск,2011,,5,144500,4,Не требует ремонта,Дубликат,,"бензин, 1.6 AT (103 л.с.)",автоматическая,передний,Левый,Хэтчбек 5 дв.,золотистый,https://avatars.avto.ru/get-autoru-vos/20606978/48ac876b5ea1670fd237558a9c01df8d/1200x900,2026-09-22T05:52:55Z
Nissan,Teana,Nissan Teana II (J32) Рестайлинг,https://auto.ru/cars/used/sale/nissan/teana/1134109215-bda10750/,1169000,Томск,2011,,5,266000,4,Не требует ремонта,Дубликат,,"бензин, 2.5 CVT (182 л.с.)",вариатор,передний,Левый,Седан,серый,https://avatars.avto.ru/get-autoru-vos/20134224/ee34d9f3b2d087faa085a828766f063d/1200x900,2026-09-22T05:52:55Z
Toyota,Prius,Toyota Prius IV (XW50),https://auto.ru/cars/used/sale/toyota/prius/1133285357-c9b70134/,1849000,Томск,2016,,5,143000,2,Не требует ремонта,Оригинал,Люкс,"гибрид, 1.8hyb AT (98 л.с.)",автоматическая,передний,Правый,Лифтбек,белый,https://avatars.avto.ru/get-autoru-vos/17913096/6e1c676cc6513fd830392632f89dba15/1200x900,2026-09-22T05:52:55Z
Kia,Sportage,Kia Sportage III,https://auto.ru/cars/used/sale/kia/sportage/1133563778-db26cc7a/,1549000,Томск,2012,,5,184000,2,Не требует ремонта,Оригинал,Classic,"бензин, 2.0 AT (150 л.с.)",автоматическая,передний,Левый,Внедорожник 5 дв.,чёрный,https://avatars.avto.ru/get-autoru-vos/16417992/a1b7898a3904f0757a04721f5fa9dc7a/1200x900,2026-09-22T05:52:55Z
Honda,Fit,Honda Fit I,https://auto.ru/cars/used/sale/honda/fit/1130817453-e284260b/,449000,Томск,2007,,5,153000,4,Не требует ремонта,Оригинал,,"бензин, 1.3 CVT (86 л.с.)",вариатор,передний,Правый,Хэтчбек 5 дв.,красный,https://avatars.avto.ru/get-autoru-vos/2142482/12da05a51aad48faab1b8130fb83949a/1200x900,2026-09-22T05:52:55Z
Hyundai,Creta,Hyundai Creta I,https://auto.ru/cars/used/sale/hyundai/creta/1133747309-b377ba35/,1599000,Томск,2017,,5,167000,2,Не требует ремонта,Оригинал,,"бензин, 1.6 AT (123 л.с.)",автоматическая,передний,Левый,Внедорожник 5 дв.,серебристый,https://photo.auto.ru/photo/get-autoru-vos/5482631/zAvykAY7k5_selwmJZB_FdfB1a7K633mEi1aHdmkFN77F4wFmigK6X-tQt7sNhztl2oBVBki52HA6cf9B0IqREachVMeEBnIk9Lz8H6Knpm9ceo5YJBG8mVdXvB2-UnX-Yss42epK4PQ9EMy-NaY9RSLQEbkXnUojnhfMTtaV1KJDDc/1200x900,2026-09-22T05:52:55Z
Volkswagen,Tiguan,Volkswagen Tiguan II,https://auto.ru/cars/used/sale/volkswagen/tiguan/1134213310-ef80694d/,2209000,Томск,2018,,5,146000,4,Не требует ремонта,Оригинал,,"бензин, 1.4 AMT (150 л.с.)",робот,передний,Левый,Внедорожник 5 дв.,белый,https://photo.auto.ru/photo/get-autoru-vos/19298886/2gpzQ8J1xOrzhK7wdpXcezNr-DRLjko4YKK4DVpiCvcuOnm6Z-rqq19C9L_onmYAV1UyKwpkIbtg9j-d0qvIwFJAp2T1fqEBkLyLQNOh1VBK7yV6cYyW2_REeWkejwUA8e6FOOHKr2ivn_8Hq1-yGJFChsfN48uV_6OpN5Vy2UGpuuo/1200x900,2026-09-22T05:52:55Z
Toyota,Corolla,"Toyota Corolla IX (E120, E130)",https://auto.ru/cars/used/sale/toyota/corolla/1133765369-bd6c2fb5/,499000,Томск,2003,,5,299999,4,Не требует ремонта,Оригинал,,"бензин, 1.8 AT (132 л.с.)",автоматическая,передний,Левый,Седан,бежевый,https://avatars.avto.ru/get-autoru-vos/3564599/711a7baf4e14ca69866271f0a463ca0c/1200x900,2026-09-22T05:52:55Z
Haval,F7,Haval F7 I,https://auto.ru/cars/used/sale/haval/f7/1134119232-56087f6a/,1559000,Томск,2022,,5,263000,2,Не требует ремонта,Оригинал,,"бензин, 2.0 AMT (190 л.с.) 4WD",робот,полный,Левый,Внедорожник 5 дв.,чёрный,https://avatars.avto.ru/get-autoru-vos/20272960/16ea5f52a9e127f5b92331576eb49126/1200x900,2026-09-22T05:52:55Z
Toyota,Auris,Toyota Auris II Рестайлинг,https://auto.ru/cars/used/sale/toyota/auris/1133674619-141e7031/,1599000,Томск,2016,,5,20000,1,Не требует ремонта,Оригинал,,"бензин, 1.5 CVT (108 л.с.)",вариатор,передний,Правый,Хэтчбек 5 дв.,белый,https://avatars.avto.ru/get-autoru-vos/17913096/05623022359a833c2a0d91533962273d/1200x900,2026-09-22T05:52:55Z
Toyota,Raize,Toyota Raize I,https://auto.ru/cars/used/sale/toyota/raize/1129080005-889cd28d/,1759000,Томск,2019,,5,28150,2,Не требует ремонта,Оригинал,G,"бензин, 1.0 CVT (98 л.с.)",вариатор,передний,Правый,Внедорожник 5 дв.,серебристый,https://photo.auto.ru/photo/get-autoru-vos/15628906/9BFkGo7YqezHARGFn-rYyKnJenkrjxjj9GZeGEKc4uaWBzIcwJZZmKL_WysR-dJCDol2N9roenxLjkgAwtipT5bUFd3YGQXQEdPCnaZeeprJPI0O0ujLOlDDwJm2Fu2IZPN7xigvtdpPPtu7ciDBYm6ahd0AZQSDzQt3yXaA3aW5ycg/1200x900,2026-09-22T05:52:55Z
Lada (ВАЗ),Niva Travel,Lada (ВАЗ) Niva Travel I,https://auto.ru/cars/used/sale/vaz/niva_travel/1133892210-5d070c1d/,1119000,Томск,2023,,5,36000,1,Не требует ремонта,Оригинал,,"бензин, 1.7 MT (83 л.с.) 4WD",механическая,полный,Левый,Внедорожник 5 дв.,зелёный,https://photo.auto.ru/photo/get-autoru-vos/19290997/6qAJXHo5f4ITYA9axzvS89fuF3g8U7sz3e0WXiCil3mUCDb4aoHq1R6XKpvzX-pKnes-COk7K7MxUTpqMoHogCzCgW79dNlY4zJYvmdcUSgKr04YwrBaxqHjtvfKFJYefZB3YfB5F5bT299kfDNXz85cXfYBcMHn7gG6B6uKDx-pTW4/1200x900,2026-09-22T05:52:55Z
Hyundai,Elantra,Hyundai Elantra IV (HD),https://auto.ru/cars/used/sale/hyundai/elantra/1134198380-60084a69/,809000,Томск,2008,,5,213000,2,Не требует ремонта,Оригинал,,"бензин, 1.6 AT (122 л.с.)",автоматическая,передний,Левый,Седан,бежевый,https://avatars.avto.ru/get-autoru-vos/17999629/78d45b4fc3c66ff8f091c884b6218c8f/1200x900,2026-09-22T05:52:55Z
Toyota,Roomy,Toyota Roomy I,https://auto.ru/cars/used/sale/toyota/roomy/1134065084-f292311a/,1299000,Томск,2018,,5,68000,1,Не требует ремонта,Оригинал,,"бензин, 1.0 CVT (69 л.с.) 4WD",вариатор,полный,Правый,Микровэн,синий,https://avatars.avto.ru/get-autoru-vos/18104669/25e1c8497694537de13f7281cb979696/1200x900,2026-09-22T05:52:55Z
Kia,Rio,Kia Rio III Рестайлинг,https://auto.ru/cars/used/sale/kia/rio/1132258720-12b216fd/,749000,Томск,2016,,5,149000,4,Не требует ремонта,Дубликат,Comfort Аудио,"бензин, 1.4 AT (107 л.с.)",автоматическая,передний,Левый,Седан,серый,https://avatars.avto.ru/get-autoru-vos/15185647/0afdc7656372fc34c134b266d728878a/1200x900,2026-09-22T05:52:55Z
Chevrolet,Spark,Chevrolet Spark III,https://auto.ru/cars/used/sale/chevrolet/spark/1133857218-d65eb370/,799000,Томск,2013,,5,123000,4,Не требует ремонта,Оригинал,,"бензин, 1.0 AT (67 л.с.)",автоматическая,передний,Левый,Хэтчбек 5 дв.,зелёный,https://avatars.avto.ru/get-autoru-vos/4387000/065c2cb34a7010df49ee6951f31fb00a/1200x900,2026-09-22T05:52:55Z
Toyota,Corolla,"Toyota Corolla X (E140, E150)",https://auto.ru/cars/used/sale/toyota/corolla/1134126095-f68c4574/,829000,Томск,2008,,5,290000,4,Не требует ремонта,Дубликат,,"бензин, 1.6 MT (124 л.с.)",механическая,передний,Левый,Седан,голубой,https://avatars.avto.ru/get-autoru-vos/17640555/10da6cd04b417a994345ffb88d69f938/1200x900,2026-09-22T05:52:55Z
Lada (ВАЗ),Granta,Lada (ВАЗ) Granta I Рестайлинг,https://auto.ru/cars/used/sale/vaz/granta/1132387675-0e63c7e1/,499000,Томск,2020,,5,211000,2,Не требует ремонта,Оригинал,Standard,"бензин, 1.6 MT (87 л.с.)",механическая,передний,Левый,Седан,коричневый,https://avatars.avto.ru/get-autoru-vos/18861955/6bc704fa20585ae1c783332b3845812b/1200x900,2026-09-22T05:52:55Z
Honda,Shuttle,Honda Shuttle II,https://auto.ru/cars/used/sale/honda/shuttle/1133564642-fb2177e6/,1229000,Томск,2016,,5,185000,1,Не требует ремонта,Оригинал,,"бензин, 1.5 CVT (132 л.с.) 4WD",вариатор,полный,Правый,Универсал 5 дв.,белый,https://avatars.avto.ru/get-autoru-vos/20172247/15d2457dea5cbaea71840c28b9b83f41/1200x900,2026-09-22T05:52:55Z
Toyota,RAV4,Toyota RAV4 IV (XA40),https://auto.ru/cars/used/sale/toyota/rav_4/1133857432-d338e848/,2299000,Томск,2014,,5,207500,2,Не требует ремонта,Оригинал,,"бензин, 2.5 AT (179 л.с.) 4WD",автоматическая,полный,Левый,Внедорожник 5 дв.,коричневый,https://avatars.avto.ru/get-autoru-vos/16417992/aaf08a0c19e0041aab0ec0eeaacab282/1200x900,2026-09-22T05:52:55Z
Volkswagen,Tiguan,Volkswagen Tiguan I Рестайлинг,https://auto.ru/cars/used/sale/volkswagen/tiguan/1133116939-6b71f0a1/,1539000,Томск,2013,,5,179610,1,Не требует ремонта,Оригинал,CLUB,"бензин, 2.0 AT (170 л.с.) 4WD",автоматическая,полный,Левый,Внедорожник 5 дв.,серый,https://avatars.avto.ru/get-autoru-vos/20035467/0f9d15022c3661f7d91fe5b6ca172a1e/1200x900,2026-09-22T05:52:55Z
Geely,Coolray,Geely Coolray I,https://auto.ru/cars/used/sale/geely/coolray/1134109217-9588d385/,2049000,Томск,2022,,5,39000,2,Не требует ремонта,Оригинал,,"бензин, 1.5 AMT (150 л.с.)",робот,передний,Левый,Внедорожник 5 дв.,белый,https://avatars.avto.ru/get-autoru-vos/20680164/2e9c8491946d0681b105d93e0eb69ee4/1200x900,2026-09-22T05:52:55Z
Chevrolet,Aveo,Chevrolet Aveo II,https://auto.ru/cars/used/sale/chevrolet/aveo/1134126097-479d9b0a/,739000,Томск,2015,,5,106100,4,Не требует ремонта,Оригинал,,"бензин, 1.6 MT (115 л.с.)",механическая,передний,Левый,Седан,белый,https://avatars.avto.ru/get-autoru-vos/17642370/de3b51e30d9592f06b86b668dd16707f/1200x900,2026-09-22T05:52:55Z
Volkswagen,Jetta,Volkswagen Jetta VI Рестайлинг,https://auto.ru/cars/used/sale/volkswagen/jetta/1133090619-ad19dc23/,1449000,Томск,2018,,5,92100,3,Не требует ремонта,Оригинал,Allstar,"бензин, 1.4 AMT (125 л.с.)",робот,передний,Левый,Седан,серый,https://avatars.avto.ru/get-autoru-vos/19793268/79b08ccec04dccd31edb2f7d118d080c/1200x900,2026-09-22T05:53:01Z
Volkswagen,Polo,Volkswagen Polo V,https://auto.ru/cars/used/sale/volkswagen/polo/1134213784-3ba04090/,829000,Томск,2011,,5,327000,4,Не требует ремонта,Оригинал,,"бензин, 1.6 AT (105 л.с.)",автоматическая,передний,Левый,Седан,красный,https://avatars.avto.ru/get-autoru-vos/20335149/f9366cbbea6e42c14e75b3cfc64d78b2/1200x900,2026-09-22T05:53:01Z
Toyota,RAV4,Toyota RAV4 II (XA20),https://auto.ru/cars/used/sale/toyota/rav_4/1133506231-1c808c5b/,599000,Томск,2001,,5,304000,3,Не требует ремонта,Дубликат,,"бензин, 1.8 AT (125 л.с.)",автоматическая,передний,Правый,Внедорожник 5 дв.,синий,https://avatars.avto.ru/get-autoru-vos/14440393/e8f020886198f6e78e59d55ac097c434/1200x900,2026-09-22T05:53:01Z
Renault,Megane,Renault Megane III,https://auto.ru/cars/used/sale/renault/megane/1132930757-1dd37cf9/,459000,Томск,2010,,5,232000,3,Не требует ремонта,Оригинал,,"бензин, 1.6 MT (100 л.с.)",механическая,передний,Левый,Хэтчбек 5 дв.,голубой,https://avatars.avto.ru/get-autoru-vos/17786981/ba2931d1d9c135920ef1d6de23933b97/1200x900,2026-09-22T05:53:01Z
Volkswagen,Polo,Volkswagen Polo V Рестайлинг,https://auto.ru/cars/used/sale/volkswagen/polo/1134109216-7e282e33/,1159000,Томск,2016,,5,153000,2,Не требует ремонта,Оригинал,,"бензин, 1.6 AT (110 л.с.)",автоматическая,передний,Левый,Седан,синий,https://avatars.avto.ru/get-autoru-vos/18536126/9a7cb713db2b03528077f24a646528fb/1200x900,2026-09-22T05:53:01Z
Kia,Cerato,Kia Cerato I,https://auto.ru/cars/used/sale/kia/cerato/1133598017-1064c5fa/,479000,Томск,2007,,5,231000,4,Не требует ремонта,Дубликат,,"бензин, 1.6 MT (122 л.с.)",механическая,передний,Левый,Седан,голубой,https://avatars.avto.ru/get-autoru-vos/15611445/ce736857171882d913396959cb2e4d80/1200x900,2026-09-22T05:53:01Z
Chevrolet,Lacetti,Chevrolet Lacetti I,https://auto.ru/cars/used/sale/chevrolet/lacetti/1133715390-e048896a/,429000,Томск,2006,,5,189000,4,Не требует ремонта,Дубликат,,"бензин, 1.6 AT (109 л.с.)",автоматическая,передний,Левый,Хэтчбек 5 дв.,красный,https://avatars.avto.ru/get-autoru-vos/17909659/9298d416b5bdabac94521d8d38124af5/1200x900,2026-09-22T05:53:01Z
Ford,Focus,Ford Focus III,https://auto.ru/cars/used/sale/ford/focus/1134138600-4096ce53/,1029000,Томск,2012,,5,127000,2,Не требует ремонта,Оригинал,,"бензин, 2.0 AMT (150 л.с.)",робот,передний,Левый,Хэтчбек 5 дв.,серый,https://photo.auto.ru/photo/get-autoru-vos/19811519/5YmQ9Np0-Lqg9hwYqE_4lT_l1IjniIjMHtyOXvpptQVLl4EuIuaHdH6ScdBjO908LssuoYFqecIL65Jm4vCfKzNJnaoPPausMnloUkt7r3qhXTSr3Yd9M7BSqkGAk5mD4FG_9Y22l6F8yRRvoKqsngroRsbfwRjty0EhWt2XGFKnPJo/1200x900,2026-09-22T05:53:01Z
Kia,Ceed,Kia Ceed I,https://auto.ru/cars/used/sale/kia/ceed/1132603995-c1d5550a/,599000,Томск,2007,,5,171500,4,Не требует ремонта,Дубликат,,"бензин, 1.6 AT (115 л.с.)",автоматическая,передний,Левый,Хэтчбек 5 дв.,синий,https://avatars.avto.ru/get-autoru-vos/14440393/45ded9118dc95e66a85c106a788e4d4a/1200x900,2026-09-22T05:53:01Z
Lexus,NX,Lexus NX 200 I Рестайлинг,https://auto.ru/cars/used/sale/lexus/nx/1132992789-02787b4a/,3319000,Томск,2018,,5,145638,4,Не требует ремонта,Оригинал,Luxury Safety,"бензин, 200 2.0 CVT (150 л.с.) 4WD",вариатор,полный,Левый,Внедорожник 5 дв.,белый,https://avatars.avto.ru/get-autoru-vos/18790574/e5aee7d9bb3bd0993b9b906410acc848/1200x900,2026-09-22T05:53:01Z
Nissan,Note,Nissan Note II Рестайлинг,https://auto.ru/cars/used/sale/nissan/note/1133698340-7bfbbc77/,889000,Томск,2017,,5,190000,2,Не требует ремонта,Оригинал,,"бензин, 1.2 CVT (79 л.с.)",вариатор,передний,Правый,Хэтчбек 5 дв.,серый,https://avatars.avto.ru/get-autoru-vos/20272960/a9b464a1bf2844be502b1e21ebecf3c8/1200x900,2026-09-22T05:53:01Z
УАЗ,Патриот,УАЗ Патриот I Рестайлинг 3,https://auto.ru/cars/used/sale/uaz/patriot/1133697811-7f401266/,1899000,Томск,2021,,5,84000,3,Не требует ремонта,Оригинал,,"бензин, 2.7 AT (150 л.с.) 4WD",автоматическая,полный,Левый,Внедорожник 5 дв.,белый,https://photo.auto.ru/photo/get-autoru-vos/2166065/JitRyV_uVJjwuuQhTlRYzbGQGlBka83g625mf5R6sdrTQMGt8c-SyvyQVyalg8zsCZxQZVK4wf6Wv1mmSOgPr2YFHr_RPk7SdP0px4V1X7t5S-5ndhf_NJO4qbIJEjBCsZs7u1qNaQ1ccXWnPJofudWH02ILQkNqacJ57y6xJMAT-HY/1200x900,2026-09-22T05:53:01Z
Renault,Fluence,Renault Fluence I,https://auto.ru/cars/used/sale/renault/fluence/1133258939-fc993b15/,759000,Томск,2012,,5,116500,1,Не требует ремонта,Оригинал,,"бензин, 1.6 MT (106 л.с.)",механическая,передний,Левый,Седан,серебристый,https://avatars.avto.ru/get-autoru-vos/20606978/07de83e3f2774dc39a536ba6db7a66ae/1200x900,2026-09-22T05:53:01Z
Daihatsu,Move,Daihatsu Move VI,https://auto.ru/cars/used/sale/daihatsu/move/1133857220-bb7233b1/,799000,Томск,2016,,5,116000,1,Не требует ремонта,Оригинал,,"бензин, 0.7 CVT (52 л.с.)",вариатор,передний,Правый,Микровэн,белый,https://avatars.avto.ru/get-autoru-vos/5479042/40277224c67e1eff613125448676e8eb/1200x900,2026-09-22T05:53:01Z
Kia,Rio,Kia Rio III Рестайлинг,https://auto.ru/cars/used/sale/kia/rio/1134229383-c9815e5d/,1059000,Томск,2016,,5,130000,4,Не требует ремонта,Дубликат,,"бензин, 1.6 AT (123 л.с.)",автоматическая,передний,Левый,Седан,чёрный,https://avatars.avto.ru/get-autoru-vos/2144720/7e3719d424621ff0c89ed3295de68427/1200x900,2026-09-22T05:53:01Z
Nissan,Primera,Nissan Primera (QG18DE) II (P11),https://auto.ru/cars/used/sale/nissan/primera/1133181206-5766c1bb/,349000,Томск,2000,,5,437000,4,Не требует ремонта,Оригинал,,"бензин, (QG18DE) 1.8 AT (125 л.с.)",автоматическая,передний,Правый,Универсал 5 дв.,чёрный,https://photo.auto.ru/photo/get-autoru-vos/20055049/tdLbKd9i-pe9hHIKC2weKPNR4x2Hxc7_JRvoUbqB0zOAl9s-CpanIBbjegCrXGzjoxGPM2k9bWGxxFsaWTzSIyuP3R86b50NyeUb6SNxz6K9tCDg4ZU02LEhJxfa4WRMwupd6hfGmhkaLI6aEaTh8J2k6tKy1GWzNxg76loC-G9fI1U/1200x900,2026-09-22T05:53:01Z
Mitsubishi,Mirage,Mitsubishi Mirage VI,https://auto.ru/cars/used/sale/mitsubishi/mirage/1133662899-b15bf554/,799000,Томск,2014,,5,86664,2,Не требует ремонта,Оригинал,,"бензин, 1.0 CVT (69 л.с.)",вариатор,передний,Правый,Хэтчбек 5 дв.,серебристый,https://avatars.avto.ru/get-autoru-vos/20291570/0edf5cf8ff6883219f7d13466b705769/1200x900,2026-09-22T05:53:01Z
Toyota,Allex,Toyota Allex I,https://auto.ru/cars/used/sale/toyota/allex/1134061633-cd0e62ea/,549000,Томск,2002,,5,242000,4,Не требует ремонта,Оригинал,,"бензин, 1.5 AT (110 л.с.)",автоматическая,передний,Правый,Хэтчбек 5 дв.,серебристый,https://avatars.avto.ru/get-autoru-vos/20189162/7f8dc1efaa9c8223ace97d93b058558a/1200x900,2026-09-22T05:53:01Z
Opel,Insignia,Opel Insignia I Рестайлинг,https://auto.ru/cars/used/sale/opel/insignia/1133964491-e011d16b/,1139000,Томск,2014,,5,220000,4,Не требует ремонта,Дубликат,,"бензин, 1.6 AT (170 л.с.)",автоматическая,передний,Левый,Лифтбек,белый,https://avatars.avto.ru/get-autoru-vos/2069642/0e7b5b949f7d85c82af76f06ce3b6006/1200x900,2026-09-22T05:53:01Z
Nissan,March,Nissan March II (K11),https://auto.ru/cars/used/sale/nissan/march/1133915737-4744f5bd/,349000,Томск,2001,,5,100000,4,Не требует ремонта,Дубликат,,"бензин, 1.0 AT (60 л.с.)",автоматическая,передний,Правый,Хэтчбек 5 дв.,серый,https://avatars.avto.ru/get-autoru-vos/4383474/ec5c06b30b7a20f7cbbf7abaef8a5777/1200x900,2026-09-22T05:53:01Z
Nissan,Note,Nissan Note I Рестайлинг,https://auto.ru/cars/used/sale/nissan/note/1133964487-86f5c6fe/,999000,Томск,2012,,5,163000,1,Не требует ремонта,Оригинал,,"бензин, 1.6 AT (110 л.с.)",автоматическая,передний,Левый,Хэтчбек 5 дв.,коричневый,https://avatars.avto.ru/get-autoru-vos/19798937/05680363ef1c4ff92fcd41b537a9c4a7/1200x900,2026-09-22T05:53:01Z
Hyundai,Getz,Hyundai Getz I Рестайлинг,https://auto.ru/cars/used/sale/hyundai/getz/1133460193-c9a82e04/,459000,Томск,2006,,5,191000,4,Не требует ремонта,Оригинал,GLS,"бензин, 1.6 AT (105 л.с.)",автоматическая,передний,Левый,Хэтчбек 5 дв.,чёрный,https://avatars.avto.ru/get-autoru-vos/19811519/9eb63c9e489d352b7413ba8311eb6812/1200x900,2026-09-22T05:53:01Z
Toyota,Roomy,Toyota Roomy I,https://auto.ru/cars/used/sale/toyota/roomy/1132525459-4f417431/,1099000,Томск,2019,,5,81000,1,Не требует ремонта,Оригинал,,"бензин, 1.0 CVT (69 л.с.)",вариатор,передний,Правый,Микровэн,красный,https://avatars.avto.ru/get-autoru-vos/16348430/f1cde3d9f7720892c82197dab701dcbe/1200x900,2026-09-22T05:53:01Z
Nissan,Note,Nissan Note II Рестайлинг,https://auto.ru/cars/used/sale/nissan/note/1134080116-ba904120/,1049000,Томск,2017,,5,118100,1,Не требует ремонта,Оригинал,,"бензин, 1.2 CVT (79 л.с.)",вариатор,передний,Правый,Хэтчбек 5 дв.,белый,https://avatars.avto.ru/get-autoru-vos/21151957/fe464da9a3d2ed13fde8e5f8d4d3fe2e/1200x900,2026-09-22T05:53:01Z
Chery,Tiggo (T11),Chery Tiggo (T11) I Рестайлинг (FL),https://auto.ru/cars/used/sale/chery/tiggo/1134126716-a73a9244/,749000,Томск,2014,,5,77500,3,Не требует ремонта,Оригинал,,"бензин, 1.6 CVT (126 л.с.)",вариатор,передний,Левый,Внедорожник 5 дв.,серый,https://avatars.avto.ru/get-autoru-vos/18150448/81c55eae44f88c1a7b7cad5ccd5d11cf/1200x900,2026-09-22T05:53:01Z
Lexus,GX,Lexus GX 470 I,https://auto.ru/cars/used/sale/lexus/gx/1133879606-6d6c175d/,1899000,Томск,2003,,5,298475,4,Не требует ремонта,Оригинал,,"бензин, 470 4.7 AT (235 л.с.) 4WD",автоматическая,полный,Левый,Внедорожник 5 дв.,чёрный,https://photo.auto.ru/photo/get-autoru-vos/20346480/OFqs06DXzJecCgXZFBc6z3zePGpxSLtEfWPq2O7YLi5Eb89yqWEDzI-AHvhy_Q9jFOkH2Pg_NhRVfgNXhb7jlmQ3wMPQRw9U2UkqR8b1VuHzg0K0TwdOEXoBk_t9VS0g-4SQrMyXolwOflMuYM8EA-74ucCZ2bHzbgF0i_9hMmqdZIs/1200x900,2026-09-22T05:53:01Z
Hyundai,Solaris,Hyundai Solaris I Рестайлинг,https://auto.ru/cars/used/sale/hyundai/solaris/1132367349-69d4d523/,779000,Томск,2015,,5,144000,4,Не требует ремонта,Дубликат,Active,"бензин, 1.6 MT (123 л.с.)",механическая,передний,Левый,Седан,белый,https://avatars.avto.ru/get-autoru-vos/11719605/00c1c2bd374f2314568879dffff3ea9a/1200x900,2026-09-22T05:53:01Z
Honda,Fit,Honda Fit II,https://auto.ru/cars/used/sale/honda/fit/1132754151-abd9a49d/,899000,Томск,2012,,5,140000,3,Не требует ремонта,Оригинал,,"бензин, 1.3 CVT (99 л.с.)",вариатор,передний,Правый,Хэтчбек 5 дв.,чёрный,https://avatars.avto.ru/get-autoru-vos/20410536/c93baa55b508a005fcc4d0421d0325c4/1200x900,2026-09-22T05:53:01Z
Chevrolet,Aveo,Chevrolet Aveo II,https://auto.ru/cars/used/sale/chevrolet/aveo/1134137702-5f52c88e/,649000,Томск,2012,,5,155000,2,Не требует ремонта,Дубликат,,"бензин, 1.6 AT (115 л.с.)",автоматическая,передний,Левый,Седан,синий,https://photo.auto.ru/photo/get-autoru-vos/18071266/6GcXIYiEgwQ1SS2xSDFxERzpvIc3kxtV5coNhInZR1cDwRlwrXvAAlMrW5KLRZMkCsLiA_TwdBARztlmK2ERuymf7AVts_f8bZ1P_xfLI_d90gpcMiQD7nDTxSEjBXvFjkTKz1weK5rkhewEVsW46PLmmL1ezOloSc8TBsKXqgCD5rk/1200x900,2026-09-22T05:53:01Z
Nissan,Note,Nissan Note e-Power II Рестайлинг,https://auto.ru/cars/used/sale/nissan/note/1134030825-b8ada6f8/,999000,Томск,2017,,5,250000,4,Не требует ремонта,Оригинал,,"гибрид, e-Power 1.2hyb AT (109 л.с.)",автоматическая,передний,Правый,Хэтчбек 5 дв.,белый,https://avatars.avto.ru/get-autoru-vos/14637477/5b8ed26eb6ce6c9d66f60d0426f36d37/1200x900,2026-09-22T05:53:01Z
Volkswagen,Polo,Volkswagen Polo VI,https://auto.ru/cars/used/sale/volkswagen/polo/1133608584-e8b46c7b/,1229000,Томск,2022,,5,223000,2,Не требует ремонта,Оригинал,Respect,"бензин, 1.6 AT (110 л.с.)",автоматическая,передний,Левый,Лифтбек,белый,https://avatars.avto.ru/get-autoru-vos/17024389/b7c95677d5c46a9f54d307612a4c34e1/1200x900,2026-09-22T05:53:01Z
Nissan,Dayz Roox,Nissan Dayz Roox I,https://auto.ru/cars/used/sale/nissan/dayz_roox/1133342414-82e4f5d8/,899000,Томск,2016,,4,56000,1,Не требует ремонта,Оригинал,,"бензин, 0.7 CVT (49 л.с.) 4WD",вариатор,полный,Правый,Хэтчбек 5 дв.,белый,https://avatars.avto.ru/get-autoru-vos/21068092/dfc1cdfa8bb235585b4f7677df8f802f/1200x900,2026-09-22T05:53:01Z
Nissan,Almera,Nissan Almera II (N16) Рестайлинг,https://auto.ru/cars/used/sale/nissan/almera/1133743960-907d60c6/,549000,Томск,2006,,5,307000,4,Не требует ремонта,Дубликат,,"бензин, 1.8 AT (116 л.с.)",автоматическая,передний,Левый,Седан,синий,https://avatars.avto.ru/get-autoru-vos/5487819/b9bf9cfcc5b95cea55e712d1d049056e/1200x900,2026-09-22T05:53:01Z
Toyota,Camry,Toyota Camry VII (XV50),https://auto.ru/cars/used/sale/toyota/camry/1131748921-f17fbf7a/,1599000,Томск,2013,,5,184000,4,Не требует ремонта,Оригинал,Классик,"бензин, 2.0 AT (148 л.с.)",автоматическая,передний,Левый,Седан,белый,https://avatars.avto.ru/get-autoru-vos/17024389/189e62ab04f5842de306f2c5b9b44482/1200x900,2026-09-22T05:53:01Z
Volkswagen,Passat,Volkswagen Passat B6,https://auto.ru/cars/used/sale/volkswagen/passat/1134110304-a41b02f6/,679000,Томск,2008,,5,268300,4,Не требует ремонта,Дубликат,,"бензин, 1.6 MT (102 л.с.)",механическая,передний,Левый,Седан,серый,https://photo.auto.ru/photo/get-autoru-vos/17645331/Ihna170voiDRPOr2u9UjgeA8I-UdSUggOGXqPrKljji0KW44BOgVqi6Tx7XC_XA5Vm40SMUMLVIHuXQG4O8HzHgrhfZTLAMTTKrl1nxrm4K6JmXyYkrBB44hm7F0KkX3iIvGJZmZbNd_UATstJSZykyv0QTTdXD_JkTkLKlIkj8hgM4/1200x900,2026-09-22T05:53:01Z
Honda,Fit Shuttle,Honda Fit Shuttle I,https://auto.ru/cars/used/sale/honda/fit_shuttle/1133949459-e5a4d1db/,1079000,Томск,2011,,5,195000,3,Не требует ремонта,Оригинал,,"бензин, 1.5 CVT (120 л.с.)",вариатор,передний,Правый,Универсал 5 дв.,белый,https://avatars.avto.ru/get-autoru-vos/20439065/682fe3b7819f90522119b663f9a29ae9/1200x900,2026-09-22T05:53:01Z
Volkswagen,Passat,Volkswagen Passat B6,https://auto.ru/cars/used/sale/volkswagen/passat/1133702820-fd3adf53/,739000,Томск,2006,,5,181000,2,Не требует ремонта,Оригинал,,"бензин, 2.0 MT (150 л.с.)",механическая,передний,Левый,Седан,золотистый,https://avatars.avto.ru/get-autoru-vos/6202689/718ab9e2c545dd36be5cda23ee55fd96/1200x900,2026-09-22T05:53:01Z
Mitsubishi,Pajero,Mitsubishi Pajero II Рестайлинг,https://auto.ru/cars/used/sale/mitsubishi/pajero/1132068890-5be1ba4b/,799000,Томск,1997,,5,280000,4,Не требует ремонта,Дубликат,,"бензин, 3.5 AT (208 л.с.) 4WD",автоматическая,полный,Левый,Внедорожник 5 дв.,синий,https://avatars.avto.ru/get-autoru-vos/18535762/ec2f74e3dcacfde8045d0737e87821f4/1200x900,2026-09-22T05:53:04Z
Toyota,Corolla,"Toyota Corolla IX (E120, E130) Рестайлинг",https://auto.ru/cars/used/sale/toyota/corolla/1132944958-9a22c536/,659000,Томск,2006,,5,426800,4,Не требует ремонта,Дубликат,,"бензин, 1.5 AT (110 л.с.) 4WD",автоматическая,полный,Правый,Седан,белый,https://avatars.avto.ru/get-autoru-vos/17660749/68dfdb68f5003fff8c3ec4b7f8aa58a1/1200x900,2026-09-22T05:53:04Z
Chevrolet,Niva,Chevrolet Niva I Рестайлинг,https://auto.ru/cars/used/sale/chevrolet/niva/1134126098-78ef35e9/,969000,Томск,2018,,5,14600,1,Не требует ремонта,Оригинал,,"бензин, 1.7 MT (80 л.с.) 4WD",механическая,полный,Левый,Внедорожник 5 дв.,коричневый,https://avatars.avto.ru/get-autoru-vos/20894132/b9258352f975a22fe3632caa90466fa8/1200x900,2026-09-22T05:53:04Z
Hyundai,Solaris,Hyundai Solaris I,https://auto.ru/cars/used/sale/hyundai/solaris/1134197493-23028ce6/,859000,Томск,2012,,5,264000,1,Не требует ремонта,Оригинал,,"бензин, 1.6 MT (123 л.с.)",механическая,передний,Левый,Хэтчбек 5 дв.,серебристый,https://avatars.avto.ru/get-autoru-vos/20543926/8df2c394d73dcdeaaacbf96757b2f562/1200x900,2026-09-22T05:53:04Z
Kia,Rio,Kia Rio III Рестайлинг,https://auto.ru/cars/used/sale/kia/rio/1133949879-311a1474/,1329000,Томск,2017,,5,62000,1,Не требует ремонта,Оригинал,,"бензин, 1.6 AT (123 л.с.)",автоматическая,передний,Левый,Седан,синий,https://avatars.avto.ru/get-autoru-vos/5232449/df314c03f2e95112bae4e1023d1fe544/1200x900,2026-09-22T05:53:04Z
Mitsubishi,Lancer,Mitsubishi Lancer X,https://auto.ru/cars/used/sale/mitsubishi/lancer/1133824166-14d1f47a/,1099000,Томск,2008,,5,265000,4,Не требует ремонта,Дубликат,,"бензин, 1.8 CVT (143 л.с.)",вариатор,передний,Левый,Седан,серебристый,https://avatars.avto.ru/get-autoru-vos/6376310/adefde92d252fa8431422641129c6450/1200x900,2026-09-22T05:53:04Z
Mazda,3,Mazda 3 IV (BP),https://auto.ru/cars/used/sale/mazda/3/1132827918-aef85b46/,1949000,Томск,2022,,5,23800,1,Не требует ремонта,Оригинал,,"бензин, 1.5 AT (111 л.с.)",автоматическая,передний,Правый,Хэтчбек 5 дв.,серебристый,https://avatars.avto.ru/get-autoru-vos/18008089/03d6b46a6a501565902b48f0815d6297/1200x900,2026-09-22T05:53:04Z
Mitsubishi,Lancer,Mitsubishi Lancer X Рестайлинг,https://auto.ru/cars/used/sale/mitsubishi/lancer/1132992788-3293759f/,799000,Томск,2012,,5,315000,2,Не требует ремонта,Оригинал,Inform,"бензин, 1.6 MT (117 л.с.)",механическая,передний,Левый,Седан,серый,https://avatars.avto.ru/get-autoru-vos/20193191/915a304d69a38078cf824d1f1d9f906c/1200x900,2026-09-22T05:53:04Z
Kia,Ceed,Kia Ceed II,https://auto.ru/cars/used/sale/kia/ceed/1133920067-d962c232/,949000,Томск,2013,,5,245000,2,Не требует ремонта,Оригинал,,"бензин, 1.6 AT (129 л.с.)",автоматическая,передний,Левый,Хэтчбек 5 дв.,серый,https://avatars.avto.ru/get-autoru-vos/1863716/261bdf97be3846ca6095bb6e07bb9117/1200x900,2026-09-22T05:53:04Z
Toyota,Tank,Toyota Tank I,https://auto.ru/cars/used/sale/toyota/tank/1133666436-1e073466/,1199000,Томск,2019,,5,17250,1,Не требует ремонта,Оригинал,,"бензин, 1.0 CVT (69 л.с.)",вариатор,передний,Правый,Микровэн,белый,https://avatars.avto.ru/get-autoru-vos/20761562/375fced5f504ca69a0f14c9c2a414981/1200x900,2026-09-22T05:53:04Z
Kia,Rio,Kia Rio IV,https://auto.ru/cars/used/sale/kia/rio/1134126094-ff337dfa/,1329000,Томск,2017,,5,89000,1,Не требует ремонта,Оригинал,,"бензин, 1.6 AT (123 л.с.)",автоматическая,передний,Левый,Седан,серый,https://avatars.avto.ru/get-autoru-vos/2063021/d34f221755b83a27aa9d9f912561c754/1200x900,2026-09-22T05:53:04Z
Toyota,Roomy,Toyota Roomy I,https://auto.ru/cars/used/sale/toyota/roomy/1133904555-924c72e7/,979000,Томск,2018,,5,125000,1,Не требует ремонта,Оригинал,,"бензин, 1.0 CVT (69 л.с.)",вариатор,передний,Правый,Микровэн,чёрный,https://avatars.avto.ru/get-autoru-vos/21092119/c80a69e2a87a04d9036358e0f06bd5c0/1200x900,2026-09-22T05:53:04Z
Ford,Focus,Ford Focus II Рестайлинг,https://auto.ru/cars/used/sale/ford/focus/1134214852-66110834/,779000,Томск,2011,,5,147000,3,Не требует ремонта,Оригинал,,"бензин, 1.6 AT (100 л.с.)",автоматическая,передний,Левый,Хэтчбек 5 дв.,серый,https://avatars.avto.ru/get-autoru-vos/20444157/678b57ecafed94b14c725dc6d484eb66/1200x900,2026-09-22T05:53:04Z
Nissan,Teana,Nissan Teana II (J32) Рестайлинг,https://auto.ru/cars/used/sale/nissan/teana/1133905492-cb0120a1/,1159000,Томск,2011,,5,201107,4,Не требует ремонта,Дубликат,,"бензин, 2.5 CVT (182 л.с.)",вариатор,передний,Левый,Седан,чёрный,https://avatars.avto.ru/get-autoru-vos/20055049/eda22a00bee8a7ce9944ad3bbe760144/1200x900,2026-09-22T05:53:04Z
Hyundai,Solaris,Hyundai Solaris I,https://auto.ru/cars/used/sale/hyundai/solaris/1133786883-5e39537f/,709000,Томск,2011,,5,210000,4,Не требует ремонта,Дубликат,,"бензин, 1.6 AT (123 л.с.)",автоматическая,передний,Левый,Седан,серебристый,https://avatars.avto.ru/get-autoru-vos/20444157/4eaba2fde56476bbc21f570b210cf51b/1200x900,2026-09-22T05:53:04Z
Skoda,Rapid,Skoda Rapid I Рестайлинг,https://auto.ru/cars/used/sale/skoda/rapid/1134030823-df31d97c/,1229000,Томск,2019,,5,155000,3,Не требует ремонта,Дубликат,,"бензин, 1.6 AT (110 л.с.)",автоматическая,передний,Левый,Лифтбек,белый,https://avatars.avto.ru/get-autoru-vos/21083893/b8138eab7e804a942d1bd341fa3c813b/1200x900,2026-09-22T05:53:04Z
Toyota,Camry,Toyota Camry VI (XV40),https://auto.ru/cars/used/sale/toyota/camry/1133861854-3f605642/,1189000,Томск,2006,,5,376000,4,Не требует ремонта,Дубликат,,"бензин, 2.4 AT (167 л.с.)",автоматическая,передний,Левый,Седан,чёрный,https://avatars.avto.ru/get-autoru-vos/20140694/0e68be890792b90bd15ab10c60fb1647/1200x900,2026-09-22T05:53:04Z
Volkswagen,Polo,Volkswagen Polo V Рестайлинг,https://auto.ru/cars/used/sale/volkswagen/polo/1133191166-54ddac6e/,949000,Томск,2017,,5,300000,1,Не требует ремонта,Оригинал,CONNECT,"бензин, 1.6 AT (110 л.с.)",автоматическая,передний,Левый,Седан,белый,https://avatars.avto.ru/get-autoru-vos/16966486/032e86331f3311a675e91d9f989e8b61/1200x900,2026-09-22T05:53:04Z
Opel,Astra,Opel Astra GTC H Рестайлинг,https://auto.ru/cars/used/sale/opel/astra/1133920070-c2786190/,559000,Томск,2010,,4,190000,3,Не требует ремонта,Оригинал,,"бензин, GTC 1.6 MT (115 л.с.)",механическая,передний,Левый,Хэтчбек 3 дв. GTC,серебристый,https://avatars.avto.ru/get-autoru-vos/2176395/6d923d3cf1a62e2325dcb7badc93bf7e/1200x900,2026-09-22T05:53:04Z
Mazda,Demio,Mazda Demio II (DY),https://auto.ru/cars/used/sale/mazda/demio/1133680533-0d1c6c36/,449000,Томск,2004,,5,198000,4,Не требует ремонта,Оригинал,,"бензин, 1.4 AT (91 л.с.)",автоматическая,передний,Правый,Хэтчбек 5 дв.,серебристый,https://avatars.avto.ru/get-autoru-vos/20265681/04407d95ed3084ce7ed567e354b803dd/1200x900,2026-09-22T05:53:04Z
Toyota,Corolla,"Toyota Corolla Axio XI (E160, E170) Рестайлинг 2",https://auto.ru/cars/used/sale/toyota/corolla/1131335991-a4d1f5cb/,1439000,Томск,2021,,5,61000,1,Не требует ремонта,Оригинал,,"бензин, Axio 1.5 CVT (103 л.с.) 4WD",вариатор,полный,Правый,Седан Axio,белый,https://avatars.avto.ru/get-autoru-vos/16813311/9be96c97b23afdb404a9b580d27d7f6c/1200x900,2026-09-22T05:53:04Z
Nissan,Teana,Nissan Teana II (J32) Рестайлинг,https://auto.ru/cars/used/sale/nissan/teana/1133941644-f7ffbcff/,1099000,Томск,2011,,5,251000,4,Не требует ремонта,Дубликат,,"бензин, 2.5 CVT (185 л.с.)",вариатор,передний,Левый,Седан,чёрный,https://avatars.avto.ru/get-autoru-vos/2163416/249bc2cd7971750609d1ef6365bce81a/1200x900,2026-09-22T05:53:04Z
Toyota,Auris,Toyota Auris I,https://auto.ru/cars/used/sale/toyota/auris/1133191167-844643ca/,679000,Томск,2007,,5,198000,3,Не требует ремонта,Оригинал,,"бензин, 1.6 AMT (124 л.с.)",робот,передний,Левый,Хэтчбек 5 дв.,чёрный,https://avatars.avto.ru/get-autoru-vos/20394542/3ae83149e07f0ef409a23181bfdd2bce/1200x900,2026-09-22T05:53:04Z
Kia,Ceed,Kia Ceed I Рестайлинг,https://auto.ru/cars/used/sale/kia/ceed/1133601861-e32c0d89/,839000,Томск,2010,,5,165000,4,Не требует ремонта,Дубликат,Comfort,"бензин, 1.6 MT (122 л.с.)",механическая,передний,Левый,Хэтчбек 5 дв.,серый,https://avatars.avto.ru/get-autoru-vos/16964490/068927154db43e6d17176afca066d425/1200x900,2026-09-22T05:53:04Z
Toyota,Corolla,"Toyota Corolla X (E140, E150) Рестайлинг",https://auto.ru/cars/used/sale/toyota/corolla/1133000169-22f82abb/,1229000,Томск,2012,,5,250000,4,Не требует ремонта,Оригинал,Комфорт Плюс,"бензин, 1.6 AT (124 л.с.)",автоматическая,передний,Левый,Седан,белый,https://avatars.avto.ru/get-autoru-vos/17981265/b7cccb3dc2c4c89b2ff550b80175b3c0/1200x900,2026-09-22T05:53:04Z
Kia,Rio,Kia Rio 4-speed III,https://auto.ru/cars/used/sale/kia/rio/1133191914-02ad48ac/,829000,Томск,2013,,5,127000,3,Не требует ремонта,Дубликат,Luxe,"бензин, 4-speed 1.6 AT (123 л.с.)",автоматическая,передний,Левый,Седан,золотистый,https://avatars.avto.ru/get-autoru-vos/19793268/1bee99f97f9d0d31234580de732adad0/1200x900,2026-09-22T05:53:04Z
Volkswagen,Polo,Volkswagen Polo VI,https://auto.ru/cars/used/sale/volkswagen/polo/1134118305-4783038c/,1629000,Томск,2020,,5,160000,2,Не требует ремонта,Оригинал,,"бензин, 1.6 MT (110 л.с.)",механическая,передний,Левый,Лифтбек,коричневый,https://photo.auto.ru/photo/get-autoru-vos/21092119/ENN4ysrJZs3ocpo6doOVsLy6DxiOMNcOYbClCJNy3UWD_E5nqFy8tthEMmrJt2G9sgModYSJE8p6TThzYPLiyHuRk-Mw5h1EvSOoxzDOZMgjDRVvjaB4t7FHZhzqNFzxU6sqtlv8oVPTv4ESFbnR5Rgey79Rdd43bBoYesyzkYiWx2Q/1200x900,2026-09-22T05:53:04Z
Toyota,Vitz,Toyota Vitz III (XP130) Рестайлинг 2,https://auto.ru/cars/used/sale/toyota/vitz/1133167530-c38c6a6e/,1099000,Томск,2017,,5,72500,2,Не требует ремонта,Оригинал,,"гибрид, 1.5hyb CVT (74 л.с.)",вариатор,передний,Правый,Хэтчбек 5 дв.,чёрный,https://avatars.avto.ru/get-autoru-vos/17973062/b974c9c008ffa8c91168b7649fe3c7fa/1200x900,2026-09-22T05:53:04Z
Mazda,6,Mazda 6 II (GH),https://auto.ru/cars/used/sale/mazda/6/1132752995-37d89733/,849000,Томск,2008,,5,212000,4,Не требует ремонта,Дубликат,Sport,"бензин, 2.0 AT (147 л.с.)",автоматическая,передний,Левый,Седан,синий,https://avatars.avto.ru/get-autoru-vos/20346480/119083c68548cbf7447616cb0e823594/1200x900,2026-09-22T05:53:04Z
Mazda,6,Mazda 6 III (GJ),https://auto.ru/cars/used/sale/mazda/6/1127525318-0e324d3a/,1399000,Томск,2013,,5,171586,4,Не требует ремонта,Дубликат,Active,"бензин, 2.5 AT (192 л.с.)",автоматическая,передний,Левый,Седан,белый,https://avatars.avto.ru/get-autoru-vos/17841911/a3820f4c1f94f85a0f30fb4eb54c2272/1200x900,2026-09-22T05:53:04Z
Peugeot,107,Peugeot 107 I,https://auto.ru/cars/used/sale/peugeot/107/1133519735-9e5530b0/,359000,Томск,2007,,4,141036,3,Не требует ремонта,Оригинал,Active,"бензин, 1.0 AMT (68 л.с.)",робот,передний,Левый,Хэтчбек 5 дв.,красный,https://avatars.avto.ru/get-autoru-vos/20444157/69e849ae76daa171ceaf8a78d4ecf30e/1200x900,2026-09-22T05:53:04Z
Ford,Focus,Ford Focus III,https://auto.ru/cars/used/sale/ford/focus/1133920069-7b7c6b27/,799000,Томск,2011,,5,146000,4,Не требует ремонта,Дубликат,,"бензин, 1.6 AMT (125 л.с.)",робот,передний,Левый,Хэтчбек 5 дв.,коричневый,https://avatars.avto.ru/get-autoru-vos/20193191/c4453b65198487a52900587fa1254127/1200x900,2026-09-22T05:53:04Z
Lada (ВАЗ),Vesta,Lada (ВАЗ) Vesta I,https://auto.ru/cars/used/sale/vaz/vesta/1133865992-d10824b6/,889000,Томск,2018,,5,193000,1,Не требует ремонта,Оригинал,,"бензин, 1.6 MT (106 л.с.)",механическая,передний,Левый,Седан,белый,https://avatars.avto.ru/get-autoru-vos/4758774/2d3af8c6361fa8792b7b9e2fbec17365/1200x900,2026-09-22T05:53:04Z
Suzuki,Solio,Suzuki Solio III,https://auto.ru/cars/used/sale/suzuki/solio/1134137701-03f0942c/,949000,Томск,2019,,5,112500,1,Не требует ремонта,Оригинал,,"бензин, 1.2 CVT (91 л.с.)",вариатор,передний,Правый,Микровэн,серебристый,https://photo.auto.ru/photo/get-autoru-vos/19811519/umH-ULyw_M4zng13GjUSgX3i3VHVJPknhZ4rs6r_957rADwIqXUCakBeWXgTJLMrC0FlxN6PrnUuEZ9w16aEqR5-4USzp0hJqRQv9L6YcJlk3PJz3ri50JCFnL6vjRFqjSWSoxz8HoiKzEybKJuv497YAt1RvmmkdU-8z_zcJ0pg08E/1200x900,2026-09-22T05:53:04Z
Kia,Rio,Kia Rio III,https://auto.ru/cars/used/sale/kia/rio/1134213309-9c02d500/,859000,Томск,2014,,5,131000,1,Не требует ремонта,Оригинал,,"бензин, 1.4 MT (107 л.с.)",механическая,передний,Левый,Седан,серебристый,https://photo.auto.ru/photo/get-autoru-vos/16273341/vIEpOpjTw8Cv1C_-gH4--YnBvcB0_S1RLdaNe6IrOyHh_pLj8zcUse5vpO-Nn5soYxvFPt1J0OaUuOV_uaZAyvYZpM4tfhlWQ9IegoFAcSY34DRFeJpUcTGHB1FWfdhZR9LanXdJuU1nPMlNMEjsn0QSl0f6Jv6Lju8R8lJRE5W9qXc/1200x900,2026-09-22T05:53:04Z
Toyota,Vitz,Toyota Vitz III (XP130) Рестайлинг,https://auto.ru/cars/used/sale/toyota/vitz/1129257541-93f0270f/,1029000,Томск,2018,,5,71500,2,Не требует ремонта,Оригинал,,"бензин, 1.0 CVT (69 л.с.)",вариатор,передний,Правый,Хэтчбек 5 дв.,фиолетовый,https://avatars.avto.ru/get-autoru-vos/17757189/a219cb2ebdadb9aa97cea79a81c124b1/1200x900,2026-09-22T05:53:04Z
Kia,Ceed,Kia Ceed I Рестайлинг,https://auto.ru/cars/used/sale/kia/ceed/1134216040-98db6f67/,849000,Томск,2011,,5,342300,4,Не требует ремонта,Дубликат,,"бензин, 1.6 AT (122 л.с.)",автоматическая,передний,Левый,Хэтчбек 3 дв.,золотистый,https://avatars.avto.ru/get-autoru-vos/17791070/a7feb391dcbad7357ce6d3647e49ee51/1200x900,2026-09-22T05:53:04Z
Skoda,Superb,Skoda Superb II,https://auto.ru/cars/used/sale/skoda/superb/1133608065-dfec275f/,1049000,Томск,2012,,5,202500,3,Не требует ремонта,Оригинал,Active,"бензин, 1.8 AT (152 л.с.)",автоматическая,передний,Левый,Лифтбек,серый,https://avatars.avto.ru/get-autoru-vos/20656151/f5f7481edcd5cc3dc48428e794e2e233/1200x900,2026-09-22T05:53:07Z
Lada (ВАЗ),Vesta,Lada (ВАЗ) Vesta I Рестайлинг (NG),https://auto.ru/cars/used/sale/vaz/vesta/1134110306-134c786c/,1199000,Томск,2024,,5,113000,1,Не требует ремонта,Оригинал,,"бензин, 1.8 CVT (122 л.с.)",вариатор,передний,Левый,Седан,белый,https://photo.auto.ru/photo/get-autoru-vos/19798937/xLxnGtVyHWvBc5NQoo2og1kxeR2JBdKKLr0f6IUjZOXeb0iA4ygujQ5aQbcU_9jPUn45JEaA2di0QqnElKij6GK2MCvOfv7-M6QamjRuPob-wG15AQXvzLblv2FduoUk_9Q0vUdhZk_U00v7rg9R1VBdthOFZmUHbO1KMI9b0ho_4Q/1200x900,2026-09-22T05:53:07Z
Lada (ВАЗ),Vesta,Lada (ВАЗ) Vesta I,https://auto.ru/cars/used/sale/vaz/vesta/1134080115-db6f9d62/,899000,Томск,2018,,5,134000,2,Не требует ремонта,Оригинал,,"бензин, 1.6 AMT (106 л.с.)",робот,передний,Левый,Седан,коричневый,https://avatars.avto.ru/get-autoru-vos/21167286/6499db39002b5e5e3ab8bdc4617ead07/1200x900,2026-09-22T05:53:07Z
Chery,Tiggo 7 Pro,Chery Tiggo 7 Pro I,https://auto.ru/cars/used/sale/chery/tiggo_7_pro/1133920066-fa8ff0ce/,1699000,Томск,2021,,5,59200,2,Не требует ремонта,Оригинал,,"бензин, 1.5 CVT (147 л.с.)",вариатор,передний,Левый,Внедорожник 5 дв.,серебристый,https://avatars.avto.ru/get-autoru-vos/17783177/60c13b767742dd9618b98dda34965da9/1200x900,2026-09-22T05:53:07Z
Lada (ВАЗ),Granta,Lada (ВАЗ) Granta I Рестайлинг,https://auto.ru/cars/used/sale/vaz/granta/1133200496-ceed1078/,829000,Томск,2020,,5,97800,2,Не требует ремонта,Оригинал,Практик,"бензин, 1.6 MT (106 л.с.)",механическая,передний,Левый,Седан,коричневый,https://avatars.avto.ru/get-autoru-vos/20189162/761033da1750b03f53042c245a3a1b26/1200x900,2026-09-22T05:53:07Z
Mercedes-Benz,C-Класс,Mercedes-Benz C-Класс 200 III (W204) Рестайлинг,https://auto.ru/cars/used/sale/mercedes/c_klasse/1133915739-99a38afb/,1409000,Томск,2012,,5,204000,4,Не требует ремонта,Дубликат,,"бензин, 200 1.8 AT (184 л.с.)",автоматическая,задний,Левый,Седан,чёрный,https://avatars.avto.ru/get-autoru-vos/4772527/d27a803da9456772fa34f189a7331921/1200x900,2026-09-22T05:53:07Z
Nissan,Skyline,Nissan Skyline XI (V35),https://auto.ru/cars/used/sale/nissan/skyline/1134065083-7a2e9887/,559000,Томск,2001,,5,215000,4,Не требует ремонта,Дубликат,,"бензин, 2.5 AT (215 л.с.)",автоматическая,задний,Правый,Седан,серый,https://avatars.avto.ru/get-autoru-vos/15416179/ffa31e040cccccdd80258074c17e7568/1200x900,2026-09-22T05:53:07Z
Nissan,Bluebird Sylphy,Nissan Bluebird Sylphy I (G10),https://auto.ru/cars/used/sale/nissan/bluebird_sylphy/1133043927-f2a90d1d/,399000,Томск,2002,,5,359000,4,Не требует ремонта,Дубликат,,"бензин, 1.8 AT (120 л.с.)",автоматическая,передний,Правый,Седан,бежевый,https://avatars.avto.ru/get-autoru-vos/16308788/85796bb60e89ea9004eda0ba2964193d/1200x900,2026-09-22T05:53:07Z
Lada (ВАЗ),Granta,Lada (ВАЗ) Granta I Рестайлинг,https://auto.ru/cars/used/sale/vaz/granta/1132160144-32a49845/,879000,Томск,2022,,5,15000,1,Не требует ремонта,Оригинал,Standard,"бензин, 1.6 MT (90 л.с.)",механическая,передний,Левый,Лифтбек,белый,https://avatars.avto.ru/get-autoru-vos/15404718/c472a1fa19ef171603ebee99eef32bf5/1200x900,2026-09-22T05:53:07Z
Chevrolet,Aveo,Chevrolet Aveo II,https://auto.ru/cars/used/sale/chevrolet/aveo/1133221001-038e9d5b/,999000,Томск,2013,,5,86753,2,Не требует ремонта,Оригинал,LT,"бензин, 1.6 AT (115 л.с.)",автоматическая,передний,Левый,Седан,серый,https://photo.auto.ru/photo/get-autoru-vos/1960127/6byuNS7dzdoezSiKtYfMgVKmsn3di6z28BCj1GH7VqzPOp8KvdnJ5v2DpWJXunE72fdw-m4ej7-qUZm9ISKMzP2Okniu9S_SAdCe1YcAchDjaJnwztIaivppx-YiF_IvG79jJgIQ5HW-iPWjywTU0nNW42QoRaOPtRuUvlHQsMgFSg/1200x900,2026-09-22T05:53:07Z
Nissan,Note,Nissan Note II Рестайлинг,https://auto.ru/cars/used/sale/nissan/note/1132258721-9de4f6c4/,1099000,Томск,2018,,5,130500,2,Не требует ремонта,Оригинал,,"бензин, 1.2 CVT (79 л.с.)",вариатор,передний,Правый,Хэтчбек 5 дв.,бежевый,https://avatars.avto.ru/get-autoru-vos/20172247/93ba0fa67403249abf8300dddaa8ecb1/1200x900,2026-09-22T05:53:07Z
Hyundai,Solaris,Hyundai Solaris II,https://auto.ru/cars/used/sale/hyundai/solaris/1133942173-dcbe89a0/,1359000,Томск,2019,,5,150000,2,Не требует ремонта,Оригинал,,"бензин, 1.6 AT (123 л.с.)",автоматическая,передний,Левый,Седан,синий,https://avatars.avto.ru/get-autoru-vos/5859529/2a94689181eabb8b90a8eb1fec06fc0d/1200x900,2026-09-22T05:53:07Z
Lada (ВАЗ),Granta,Lada (ВАЗ) Granta I,https://auto.ru/cars/used/sale/vaz/granta/1134021639-5b1da6ab/,679000,Томск,2014,,5,13400,2,Не требует ремонта,Оригинал,,"бензин, 1.6 AT (98 л.с.)",автоматическая,передний,Левый,Седан,чёрный,https://avatars.avto.ru/get-autoru-vos/20487659/d00ca641d28966d2d94fb48b7c7bef8c/1200x900,2026-09-22T05:53:07Z
Toyota,Camry,Toyota Camry US Market VIII (XV70) Рестайлинг,https://auto.ru/cars/used/sale/toyota/camry/1133489538-005fc9dd/,3049000,Томск,2021,,5,101873,1,Не требует ремонта,Оригинал,,"бензин, US Market 2.5 AT (203 л.с.)",автоматическая,передний,Левый,Седан,синий,https://avatars.avto.ru/get-autoru-vos/18106725/0f87c9b02ea6cbafecdb168208a5111c/1200x900,2026-09-22T05:53:07Z
Volkswagen,Polo,Volkswagen Polo V,https://auto.ru/cars/used/sale/volkswagen/polo/1133947349-8c0af538/,899000,Томск,2013,,5,114200,1,Не требует ремонта,Оригинал,,"бензин, 1.2 AMT (105 л.с.)",робот,передний,Правый,Хэтчбек 5 дв.,серый,https://avatars.avto.ru/get-autoru-vos/17711545/1c4b8df97dd102e14220500f4845dc55/1200x900,2026-09-22T05:53:07Z
Lada (ВАЗ),Granta,Lada (ВАЗ) Granta I Рестайлинг,https://auto.ru/cars/used/sale/vaz/granta/1133507710-3d347436/,709000,Томск,2021,,5,105000,2,Не требует ремонта,Оригинал,Comfort'24,"бензин, 1.6 MT (90 л.с.)",механическая,передний,Левый,Лифтбек,серебристый,https://photo.auto.ru/photo/get-autoru-vos/17971448/xV5VpSnMmQHDMJHZL1X00X_TpHouXxUcWSL-oc3unSpXeWZZRIE8TfTHdbKOdTvVnonWNHJuDKymoOIfU_0XlGqHkwH9nRsl0hQGV_cfsZaTMk6W29GpoXAeSB0v1F1VUYCod7zpDBTy7jsm6eDmS4qAwUCIpYVqFfPsbQMGsnBf6g/1200x900,2026-09-22T05:53:07Z
Lada (ВАЗ),Vesta,Lada (ВАЗ) Vesta SW I,https://auto.ru/cars/used/sale/vaz/vesta/1133698339-912e5aae/,1099000,Томск,2018,,5,70000,2,Не требует ремонта,Оригинал,,"бензин, SW 1.8 AMT (122 л.с.)",робот,передний,Левый,Универсал 5 дв. SW,серебристый,https://avatars.avto.ru/get-autoru-vos/20656151/818cb085d8a5b45a143668e879f5b706/1200x900,2026-09-22T05:53:07Z
Lada (ВАЗ),Granta,Lada (ВАЗ) Granta I Рестайлинг,https://auto.ru/cars/used/sale/vaz/granta/1133517304-d6ed0b7b/,899000,Томск,2020,,5,51000,2,Не требует ремонта,Оригинал,Luxe (2018-2019),"бензин, 1.6 AT (98 л.с.)",автоматическая,передний,Левый,Лифтбек,коричневый,https://photo.auto.ru/photo/get-autoru-vos/20656151/OTXL3hzrBKpRfGTul0QaCWVUXwUl_Kx_HYvTNAzrFMQwcI3JBmpRrxX1GuC2R9DKhNesjReU6DdWu2odM53dywL3-W0prNA7QpvpE9MBthrTaOdd8XNAE3C25nbJCSctOzZmmpTbzjXEHReCJZ-nQgVowMokToXot6X_2Vvv0FRWyA/1200x900,2026-09-22T05:53:07Z
Toyota,Land Cruiser,Toyota Land Cruiser 200 Series,https://auto.ru/cars/used/sale/toyota/land_cruiser/1131895490-0b0180c1/,3149000,Томск,2011,,7,268000,3,Не требует ремонта,Дубликат,Люкс,"дизель, 4.5d AT (235 л.с.) 4WD",автоматическая,полный,Левый,Внедорожник 5 дв.,серебристый,https://avatars.avto.ru/get-autoru-vos/2156362/c665221fb7715138345ab0db5a940404/1200x900,2026-09-22T05:53:07Z
Toyota,Ractis,Toyota Ractis II,https://auto.ru/cars/used/sale/toyota/ractis/1134165113-477d95e4/,999000,Томск,2015,,5,127008,2,Не требует ремонта,Оригинал,,"бензин, 1.3 CVT (99 л.с.)",вариатор,передний,Правый,Хэтчбек 5 дв.,серебристый,https://avatars.avto.ru/get-autoru-vos/18989329/54a5be3de5288656abe1e5fbff7e4fd9/1200x900,2026-09-22T05:53:07Z
Lada (ВАЗ),Kalina,Lada (ВАЗ) Kalina II,https://auto.ru/cars/used/sale/vaz/kalina/1134228363-31768488/,829000,Томск,2015,,5,129000,2,Не требует ремонта,Оригинал,,"бензин, 1.6 AT (87 л.с.)",автоматическая,передний,Левый,Хэтчбек 5 дв.,коричневый,https://avatars.avto.ru/get-autoru-vos/18004164/d2cf67b8cc24b0ee6fd073c28f4a9853/1200x900,2026-09-22T05:53:07Z
Suzuki,Solio,Suzuki Solio III,https://auto.ru/cars/used/sale/suzuki/solio/1133698934-c462876a/,1109000,Томск,2019,,5,162800,1,Не требует ремонта,Оригинал,,"гибрид, 1.2hyb AMT (91 л.с.)",робот,передний,Правый,Микровэн,серый,https://avatars.avto.ru/get-autoru-vos/17915300/aada0c4b07e4dfe7d735aa317fc0e1e2/1200x900,2026-09-22T05:53:07Z
BMW,5 серии,BMW 5 серии 525d xDrive VI (F10/F11/F07),https://auto.ru/cars/used/sale/bmw/5er/1133774335-216f6461/,1849000,Томск,2011,,5,224750,4,Не требует ремонта,Оригинал,,"дизель, 525d xDrive 2.0d AT (218 л.с.) 4WD",автоматическая,полный,Левый,Седан,чёрный,https://avatars.avto.ru/get-autoru-vos/17640555/1c27d4f5f0fcdf6fc8d2cfdd5159eaee/1200x900,2026-09-22T05:53:07Z
Skoda,Fabia,Skoda Fabia II Рестайлинг,https://auto.ru/cars/used/sale/skoda/fabia/1133907372-8f565ac8/,659000,Томск,2011,,5,156000,2,Не требует ремонта,Оригинал,,"бензин, 1.4 MT (86 л.с.)",механическая,передний,Левый,Универсал 5 дв.,белый,https://avatars.avto.ru/get-autoru-vos/4758774/d620eae94cf09f2d3c79e559220607b5/1200x900,2026-09-22T05:53:07Z
Lada (ВАЗ),Vesta,Lada (ВАЗ) Vesta I,https://auto.ru/cars/used/sale/vaz/vesta/1133191915-61aed652/,1159000,Томск,2018,,5,127300,1,Не требует ремонта,Оригинал,Classic Start (2016-2018),"бензин, 1.6 MT (106 л.с.)",механическая,передний,Левый,Седан,оранжевый,https://avatars.avto.ru/get-autoru-vos/20033387/217ad5fbe4ed51a0feae61eb1c10ca0b/1200x900,2026-09-22T05:53:07Z
Lada (ВАЗ),Kalina,Lada (ВАЗ) Kalina II,https://auto.ru/cars/used/sale/vaz/kalina/1134049901-5e98da57/,519000,Томск,2016,,5,103500,1,Не требует ремонта,Оригинал,,"бензин, 1.6 MT (106 л.с.)",механическая,передний,Левый,Универсал 5 дв.,синий,https://photo.auto.ru/photo/get-autoru-vos/19792100/vACbNr4SxXkWCG9qCkK-dTKxBFE91r67v2cyaBlHdm1OqIr0fAzAwQQGSN7L0dEMD52cOKxvnut0bZvF6HMpsc7g9XrhO310jFsoz5wr_SgjTfhvzsmdv8rDnuc3LJo6hpmvxHas-m8bLhTAh6-m58nRcBK--heOSll2nChp4Oi550g/1200x900,2026-09-22T05:53:07Z
Nissan,Note,Nissan Note II,https://auto.ru/cars/used/sale/nissan/note/1134065085-8b1012c2/,949000,Томск,2015,,5,60000,2,Не требует ремонта,Оригинал,,"бензин, 1.2 CVT (98 л.с.)",вариатор,передний,Правый,Хэтчбек 5 дв.,синий,https://avatars.avto.ru/get-autoru-vos/20507677/98acd9dd64bbe346a15a7edf7ca83d57/1200x900,2026-09-22T05:53:07Z
Hyundai,Solaris,Hyundai Solaris I Рестайлинг,https://auto.ru/cars/used/sale/hyundai/solaris/1134110303-6be77dba/,1199000,Томск,2016,,5,115000,2,Не требует ремонта,Оригинал,,"бензин, 1.6 AT (123 л.с.)",автоматическая,передний,Левый,Седан,серый,https://photo.auto.ru/photo/get-autoru-vos/19873021/dlXhC7xeDdoHgQ8tRBlY_1tb9z27DZgLaT4Xc9rznqURe01Coqzq8MrY4B2R7GiVJq6II_8w30FYvw_F0cNg4ZzMvZaUwogy0d3CNYx4FvyC1GhU3JQQUJYoemsLniT7Nzy_fml7Dg496Nk9QjGsgZcdrW-5GMmt-Ncsb57XNaPIRw/1200x900,2026-09-22T05:53:07Z
Ford,Fusion,Ford Fusion I Рестайлинг,https://auto.ru/cars/used/sale/ford/fusion/1132603996-9dc32732/,469000,Томск,2006,,5,190000,4,Не требует ремонта,Дубликат,Core,"бензин, 1.4 AMT (80 л.с.)",робот,передний,Левый,Хэтчбек 5 дв.,голубой,https://avatars.avto.ru/get-autoru-vos/15611445/632d40791fcc18f7d7d8f5d4489f02b1/1200x900,2026-09-22T05:53:07Z
Mazda,6,Mazda 6 III (GJ) Рестайлинг 2,https://auto.ru/cars/used/sale/mazda/6/1131229868-980c845b/,2159000,Томск,2019,,5,53000,4,Не требует ремонта,Оригинал,Drive,"бензин, 2.0 AT (150 л.с.)",автоматическая,передний,Левый,Седан,белый,https://avatars.avto.ru/get-autoru-vos/18866657/ce061d756432ec2da419133f3999f838/1200x900,2026-09-22T05:53:07Z
BMW,1 серии,BMW 1 серии 116i II (F20/F21),https://auto.ru/cars/used/sale/bmw/1er/1134165110-b4c30d31/,1769000,Томск,2015,,5,69000,1,Не требует ремонта,Оригинал,,"бензин, 116i 1.6 AT (136 л.с.)",автоматическая,задний,Правый,Хэтчбек 5 дв.,белый,https://photo.auto.ru/photo/get-autoru-vos/20961665/TlU-gFgxx5CfV8IeHQxAQcA3Pgbzk00G9ZSCOdSiCbwNCvFO4rpGbe-4_CVvN7qdir6Iuw8GIv5-hptwU9ADP4cj0R3R7AyXZ37TYmH7X_QaNCQ31zuWbBBQPjjyaXUP19cXyO2rFwkwEMKAoyrqJayQjhkPe16P35rk9MEGONK7Hw/1200x900,2026-09-22T05:53:07Z
Toyota,Camry,Toyota Camry VIII (XV70),https://auto.ru/cars/used/sale/toyota/camry/1133989830-f3314ac3/,2499000,Томск,2020,,5,130000,2,Не требует ремонта,Оригинал,,"бензин, 2.0 AT (150 л.с.)",автоматическая,передний,Левый,Седан,белый,https://avatars.avto.ru/get-autoru-vos/21009869/1104b4cc6d692b23479e27e74d38dfca/1200x900,2026-09-22T05:53:07Z
Toyota,Camry,Toyota Camry V (XV30),https://auto.ru/cars/used/sale/toyota/camry/1133551299-e8220e8f/,729000,Томск,2002,,5,314000,4,Не требует ремонта,Дубликат,,"бензин, 2.4 AT (152 л.с.)",автоматическая,передний,Левый,Седан,зелёный,https://avatars.avto.ru/get-autoru-vos/20360782/765516348092a4da6522b2e9b5fd13ba/1200x900,2026-09-22T05:53:07Z
Ford,Focus,Ford Focus III,https://auto.ru/cars/used/sale/ford/focus/1134228365-ae4fa903/,1049000,Томск,2012,,5,186000,4,Не требует ремонта,Оригинал,,"бензин, 2.0 AMT (150 л.с.)",робот,передний,Левый,Хэтчбек 5 дв.,чёрный,https://avatars.avto.ru/get-autoru-vos/20306952/3b896ead8b7c22c107ad081597fec617/1200x900,2026-09-22T05:53:07Z
Ford,Focus,Ford Focus III,https://auto.ru/cars/used/sale/ford/focus/1133116937-b3ae7b2d/,799000,Томск,2013,,5,210000,4,Не требует ремонта,Оригинал,SYNC Edition,"бензин, 1.6 AMT (125 л.с.)",робот,передний,Левый,Седан,красный,https://avatars.avto.ru/get-autoru-vos/21119147/53a58b21f1a2830998098b1d8491666e/1200x900,2026-09-22T05:53:07Z
Hyundai,Solaris,Hyundai Solaris I,https://auto.ru/cars/used/sale/hyundai/solaris/1134214851-03ddd94c/,689000,Томск,2011,,5,160000,2,Не требует ремонта,Оригинал,,"бензин, 1.4 MT (107 л.с.)",механическая,передний,Левый,Хэтчбек 5 дв.,голубой,https://avatars.avto.ru/get-autoru-vos/16813311/c730d7fbffe8695811a495cfdd421f36/1200x900,2026-09-22T05:53:07Z
Toyota,Corolla,"Toyota Corolla IX (E120, E130)",https://auto.ru/cars/used/sale/toyota/corolla/1133478851-a92df936/,539000,Томск,2002,,5,280000,4,Не требует ремонта,Оригинал,,"бензин, 1.5 AT (110 л.с.)",автоматическая,передний,Правый,Седан,бежевый,https://avatars.avto.ru/get-autoru-vos/20335149/d41e59f7e67747deae4bb94216325593/1200x900,2026-09-22T05:53:07Z
Toyota,Fortuner,Toyota Fortuner II,https://auto.ru/cars/used/sale/toyota/fortuner/1133359467-86709711/,2699000,Тюмень,2017,,7,154594,1,Не требует ремонта,Оригинал,Элеганс,"дизель, 2.8d AT (177 л.с.) 4WD",автоматическая,полный,Левый,Внедорожник 5 дв.,белый,https://avatars.avto.ru/get-autoru-vos/2126349/db5ddd7b074b2b79b9dac5e7610de3f5/1200x900,2026-09-22T05:53:11Z
Infiniti,QX60,Infiniti QX60 I Рестайлинг,https://auto.ru/cars/used/sale/infiniti/qx60/1133286081-1123d89a/,2209000,Тюмень,2018,,7,90000,2,Не требует ремонта,Оригинал,,"бензин, 3.5 CVT (265 л.с.) 4WD",вариатор,полный,Левый,Внедорожник 5 дв.,белый,https://avatars.avto.ru/get-autoru-vos/19815194/f21063ce7aab30ec054c19ba7570fa7e/1200x900,2026-09-22T05:53:11Z
Honda,Stepwgn,Honda Stepwgn V,https://auto.ru/cars/used/sale/honda/stepwagon/1133880486-d20375d4/,1499000,Тюмень,2015,,7,129260,3,Не требует ремонта,Оригинал,,"бензин, 1.5 CVT (150 л.с.)",вариатор,передний,Правый,Минивэн,серебристый,https://avatars.avto.ru/get-autoru-vos/2165842/438f26bf71c64f54cb0e9513e7bc8a5c/1200x900,2026-09-22T05:53:11Z
Omoda,C7,Omoda C7,https://auto.ru/cars/used/sale/omoda/c7/1134155676-0196c92e/,2859000,Тюмень,2025,,5,19000,1,Не требует ремонта,Оригинал,,"бензин, 1.6 AMT (150 л.с.) 4WD",робот,полный,Левый,Внедорожник 5 дв.,серебристый,https://avatars.avto.ru/get-autoru-vos/20116688/e87409399003f798e3bdc5bee6f058be/1200x900,2026-09-22T05:53:11Z
Mitsubishi,Outlander,Mitsubishi Outlander II Рестайлинг,https://auto.ru/cars/used/sale/mitsubishi/outlander/1133121139-be251bf0/,899000,Тюмень,2012,,5,344000,3,Не требует ремонта,Дубликат,Instyle,"бензин, 2.0 CVT (147 л.с.) 4WD",вариатор,полный,Левый,Внедорожник 5 дв.,белый,https://avatars.avto.ru/get-autoru-vos/17410390/62254a4fafb0a9be1e3237bd74a01b48/1200x900,2026-09-22T05:53:11Z
Toyota,Camry,Toyota Camry V (XV30) Рестайлинг,https://auto.ru/cars/used/sale/toyota/camry/1133074413-19193a4a/,699000,Тюмень,2005,,5,94000,2,Не требует ремонта,Оригинал,,"бензин, 2.4 AT (159 л.с.)",автоматическая,передний,Левый,Седан,чёрный,https://avatars.avto.ru/get-autoru-vos/20487659/af91238d46922f40255ac0e7788325fe/1200x900,2026-09-22T05:53:11Z
Jeep,Grand Cherokee,Jeep Grand Cherokee IV (WK2),https://auto.ru/cars/used/sale/jeep/grand_cherokee/1133669670-5427e9ea/,1529000,Тюмень,2012,,5,282000,4,Не требует ремонта,Дубликат,,"бензин, 3.6 AT (286 л.с.) 4WD",автоматическая,полный,Левый,Внедорожник 5 дв.,серый,https://avatars.avto.ru/get-autoru-vos/17665660/c8ed9983049bda398396765e1c102c30/1200x900,2026-09-22T05:53:11Z
Hyundai,Solaris,Hyundai Solaris I Рестайлинг,https://auto.ru/cars/used/sale/hyundai/solaris/1130889938-6f9c6fec/,649000,Тюмень,2015,,5,205000,3,Не требует ремонта,Дубликат,Active,"бензин, 1.4 AT (107 л.с.)",автоматическая,передний,Левый,Седан,белый,https://avatars.avto.ru/get-autoru-vos/20694092/f80216d03d9dccc4f0d0ba8e07a733f1/1200x900,2026-09-22T05:53:11Z
Mercedes-Benz,GL-Класс,Mercedes-Benz GL-Класс 500 I (X164) Рестайлинг,https://auto.ru/cars/used/sale/mercedes/gl_klasse/1134031316-80a14d1c/,1549000,Тюмень,2011,,5,270175,4,Не требует ремонта,Оригинал,,"бензин, 500 5.5 AT (388 л.с.) 4WD",автоматическая,полный,Левый,Внедорожник 5 дв.,коричневый,https://avatars.avto.ru/get-autoru-vos/19298886/50d99144690d1c52dd7730cd4e336898/1200x900,2026-09-22T05:53:11Z
Haval,Jolion,Haval Jolion I Рестайлинг,https://auto.ru/cars/used/sale/haval/jolion/1134138614-2244392f/,2249000,Тюмень,2024,,5,25435,1,Не требует ремонта,Оригинал,,"бензин, 1.5 AMT (150 л.с.) 4WD",робот,полный,Левый,Внедорожник 5 дв.,красный,https://avatars.avto.ru/get-autoru-vos/17674678/e00568a1437d260d99351e6ba0a94878/1200x900,2026-09-22T05:53:11Z
Omoda,C5,Omoda C5 I Рестайлинг,https://auto.ru/cars/used/sale/omoda/c5/1133427132-4c780b4f/,2229000,Тюмень,2024,,5,2400,1,Не требует ремонта,Оригинал,Актив,"бензин, 1.6 AMT (150 л.с.) 4WD",робот,полный,Левый,Внедорожник 5 дв.,белый,https://avatars.avto.ru/get-autoru-vos/20656151/5e226f57226832f9ad4fa46cb3b2335a/1200x900,2026-09-22T05:53:11Z
Mazda,Bongo Friendee,Mazda Bongo Friendee I Рестайлинг,https://auto.ru/cars/used/sale/mazda/bongo_friendee/1134210314-396ce3c6/,549000,Тюмень,2001,,8,220746,1,Не требует ремонта,Оригинал,,"дизель, 2.5d AT (130 л.с.) 4WD",автоматическая,полный,Правый,Минивэн,серебристый,https://avatars.avto.ru/get-autoru-vos/21092119/978fd329a1ba9e64232551b35dd39389/1200x900,2026-09-22T05:53:11Z
Toyota,Land Cruiser Prado,Toyota Land Cruiser Prado 150 Series Рестайлинг 1,https://auto.ru/cars/used/sale/toyota/land_cruiser_prado/1134145790-06e3d540/,3549000,Тюмень,2015,,5,181000,4,Не требует ремонта,Оригинал,,"бензин, 2.7 AT (159 л.с.) 4WD",автоматическая,полный,Левый,Внедорожник 5 дв.,белый,https://avatars.avto.ru/get-autoru-vos/21221080/e444efe6335564f170bdc40c0b9fb81a/1200x900,2026-09-22T05:53:11Z
Citroen,C-Crosser,Citroen C-Crosser,https://auto.ru/cars/used/sale/citroen/c_crosser/1133554252-49569bf4/,1199000,Тюмень,2012,,5,212000,2,Не требует ремонта,Оригинал,Confort (5 seats),"бензин, 2.4 CVT (170 л.с.) 4WD",вариатор,полный,Левый,Внедорожник 5 дв.,серебристый,https://avatars.avto.ru/get-autoru-vos/18621059/e5ce9fc0059f6025728343c7a62018ad/1200x900,2026-09-22T05:53:11Z
Great Wall,Poer,Great Wall Poer I,https://auto.ru/cars/used/sale/great_wall/poer/1134127723-cb0e2590/,2999000,Тюмень,2023,,5,65000,1,Не требует ремонта,Оригинал,,"дизель, 2.0d AT (150 л.с.) 4WD",автоматическая,полный,Левый,Пикап Двойная кабина,серебристый,https://avatars.avto.ru/get-autoru-vos/18129838/aa417c48e5dac1395bfbf0dd3ee1db69/1200x900,2026-09-22T05:53:11Z
Mazda,6,Mazda 6 II (GH) Рестайлинг,https://auto.ru/cars/used/sale/mazda/6/1134217794-334cbab5/,739000,Тюмень,2010,,5,248700,4,Не требует ремонта,Дубликат,,"бензин, 2.0 MT (147 л.с.)",механическая,передний,Левый,Лифтбек,чёрный,https://avatars.avto.ru/get-autoru-vos/20022717/d2b4e88bb74794e80119070e098ad15a/1200x900,2026-09-22T05:53:11Z
Haval,Jolion,Haval Jolion I Рестайлинг,https://auto.ru/cars/used/sale/haval/jolion/1134097268-f19e8c93/,2349000,Тюмень,2025,,5,16441,1,Не требует ремонта,Оригинал,,"бензин, 1.5 AMT (150 л.с.) 4WD",робот,полный,Левый,Внедорожник 5 дв.,белый,https://avatars.avto.ru/get-autoru-vos/20394542/4c44001f1e71ceb24b7977ffdf84ce9f/1200x900,2026-09-22T05:53:11Z
Toyota,HiAce,Toyota HiAce H300,https://auto.ru/cars/used/sale/toyota/hiace/1133374254-f1a17555/,4949000,Тюмень,2021,,9,151000,2,Не требует ремонта,Оригинал,,"дизель, 2.8d MT (150 л.с.)",механическая,задний,Левый,Минивэн,серебристый,https://avatars.avto.ru/get-autoru-vos/20761562/12b409b23fb22aecee8ce9c69cf93aec/1200x900,2026-09-22T05:53:11Z
FAW,Bestune T99,FAW Bestune T99 I Рестайлинг,https://auto.ru/cars/used/sale/faw/bestune_t99/1134200827-4d00427f/,2899000,Тюмень,2023,,5,25431,2,Не требует ремонта,Оригинал,,"бензин, 2.0 AT (218 л.с.)",автоматическая,передний,Левый,Внедорожник 5 дв.,белый,https://avatars.avto.ru/get-autoru-vos/20022717/f9478bfcf1e2c2a0725b0aaf3571cec9/1200x900,2026-09-22T05:53:11Z
Hyundai,Solaris,Hyundai Solaris I Рестайлинг,https://auto.ru/cars/used/sale/hyundai/solaris/1133580662-b0d80b13/,1189000,Тюмень,2016,,5,89500,3,Не требует ремонта,Оригинал,Special Edition,"бензин, 1.6 MT (123 л.с.)",механическая,передний,Левый,Седан,коричневый,https://avatars.avto.ru/get-autoru-vos/20331633/d3117975397b084fc93699be224ca2e2/1200x900,2026-09-22T05:53:11Z
Subaru,Forester,Subaru Forester III Рестайлинг,https://auto.ru/cars/used/sale/subaru/forester/1133151399-b6470584/,1059000,Тюмень,2011,,5,263000,1,Не требует ремонта,Оригинал,2M,"бензин, 2.0 MT (150 л.с.) 4WD",механическая,полный,Левый,Внедорожник 5 дв.,серый,https://avatars.avto.ru/get-autoru-vos/16966486/7099076857f2ae8cca22f03cb1c6302b/1200x900,2026-09-22T05:53:11Z
Porsche,Macan,Porsche Macan I Рестайлинг,https://auto.ru/cars/used/sale/porsche/macan/1132957323-e82217ad/,5349000,Тюмень,2019,,5,58000,2,Не требует ремонта,Оригинал,Macan,"бензин, 2.0 AMT (252 л.с.) 4WD",робот,полный,Левый,Внедорожник 5 дв.,чёрный,https://avatars.avto.ru/get-autoru-vos/16308788/393a54ca9fcc74c2df92caadc0a783c1/1200x900,2026-09-22T05:53:11Z
Toyota,Roomy,Toyota Roomy I Рестайлинг,https://auto.ru/cars/used/sale/toyota/roomy/1133750069-bacc6660/,1239000,Тюмень,2021,,5,93350,1,Не требует ремонта,Оригинал,,"бензин, 1.0 CVT (69 л.с.)",вариатор,передний,Правый,Микровэн,синий,https://avatars.avto.ru/get-autoru-vos/17831387/16eb67683a1efb2fe247f6b4d32628df/1200x900,2026-09-22T05:53:11Z
Suzuki,Xbee,Suzuki Xbee I,https://auto.ru/cars/used/sale/suzuki/xbee/1134031315-dab81a08/,1329000,Тюмень,2018,,4,146100,1,Не требует ремонта,Оригинал,,"бензин, 1.0 AT (99 л.с.) 4WD",автоматическая,полный,Правый,Внедорожник 5 дв.,синий,https://avatars.avto.ru/get-autoru-vos/16149001/97ad0c77979fbad6f72e1e11913c3ae5/1200x900,2026-09-22T05:53:11Z
Honda,Stepwgn,Honda Stepwgn V Рестайлинг,https://auto.ru/cars/used/sale/honda/stepwagon/1133753670-d6e2b1f5/,2449000,Тюмень,2020,,7,92000,2,Не требует ремонта,Оригинал,,"бензин, 1.5 CVT (150 л.с.)",вариатор,передний,Правый,Минивэн,белый,https://avatars.avto.ru/get-autoru-vos/6167167/94afe89815fa65300357dffe1472ec89/1200x900,2026-09-22T05:53:11Z
Subaru,XV,Subaru XV I,https://auto.ru/cars/used/sale/subaru/xv/1133455313-cafa5d1d/,1289000,Тюмень,2013,,5,201000,3,Не требует ремонта,Оригинал,CC,"бензин, 1.6 CVT (114 л.с.) 4WD",вариатор,полный,Левый,Внедорожник 5 дв.,красный,https://avatars.avto.ru/get-autoru-vos/20507677/6353ec7242788b1f0879d1b9d4d04e6e/1200x900,2026-09-22T05:53:11Z
Subaru,Tribeca,Subaru Tribeca I Рестайлинг,https://auto.ru/cars/used/sale/subaru/b9_tribeca/1133840813-6bd5955b/,979000,Тюмень,2007,,5,334000,4,Не требует ремонта,Дубликат,,"бензин, 3.6 AT (258 л.с.) 4WD",автоматическая,полный,Левый,Внедорожник 5 дв.,серебристый,https://avatars.avto.ru/get-autoru-vos/15688781/85d47d8c13bdcb9148d6f27734ce4fbb/1200x900,2026-09-22T05:53:11Z
Infiniti,QX60,Infiniti QX60 I,https://auto.ru/cars/used/sale/infiniti/qx60/1134097269-d47ca870/,2099000,Тюмень,2014,,7,97236,3,Не требует ремонта,Оригинал,,"бензин, 3.5 CVT (262 л.с.) 4WD",вариатор,полный,Левый,Внедорожник 5 дв.,белый,https://avatars.avto.ru/get-autoru-vos/17945344/22fcf4fdff87775d4f1031c81ed98fb6/1200x900,2026-09-22T05:53:11Z
Kia,Sportage,Kia Sportage III,https://auto.ru/cars/used/sale/kia/sportage/1134200825-f7e4aecd/,1409000,Тюмень,2013,,5,198000,2,Не требует ремонта,Оригинал,,"бензин, 2.0 MT (150 л.с.)",механическая,передний,Левый,Внедорожник 5 дв.,серый,https://avatars.avto.ru/get-autoru-vos/18141476/a986495c7054fe293bd0803cd7cddd41/1200x900,2026-09-22T05:53:11Z
Mazda,CX-9,Mazda CX-9 II,https://auto.ru/cars/used/sale/mazda/cx_9/1134007250-90971166/,3199000,Тюмень,2019,,7,92380,2,Не требует ремонта,Оригинал,,"бензин, 2.5 AT (231 л.с.)",автоматическая,передний,Левый,Внедорожник 5 дв.,серебристый,https://avatars.avto.ru/get-autoru-vos/18720861/245054ddabca30db365bbd8d12aa4c3c/1200x900,2026-09-22T05:53:11Z
Renault,Kaptur,Renault Kaptur I,https://auto.ru/cars/used/sale/renault/kaptur/1133957712-6d7e7211/,1599000,Тюмень,2016,,5,138691,1,Не требует ремонта,Оригинал,,"бензин, 2.0 AT (143 л.с.) 4WD",автоматическая,полный,Левый,Внедорожник 5 дв.,голубой,https://avatars.avto.ru/get-autoru-vos/17980859/6fd15dccb9c2ec941ff427d9e540d448/1200x900,2026-09-22T05:53:11Z
Tank,500,Tank 500 I,https://auto.ru/cars/used/sale/tank/500/1133352568-b62350b5/,4099000,Тюмень,2023,,5,67610,2,Не требует ремонта,Оригинал,Бизнес,"бензин, 3.0 AT (299 л.с.) 4WD",автоматическая,полный,Левый,Внедорожник 5 дв.,жёлтый,https://avatars.avto.ru/get-autoru-vos/20291570/fd635f02011df5aa932c8f058de62e0c/1200x900,2026-09-22T05:53:11Z
Chery,Tiggo 7 Pro Max,Chery Tiggo 7 Pro Max I,https://auto.ru/cars/used/sale/chery/tiggo_7_pro_max/1134166053-6973741e/,2299000,Тюмень,2023,,5,19658,1,Не требует ремонта,Оригинал,,"бензин, 1.5 CVT (147 л.с.)",вариатор,передний,Левый,Внедорожник 5 дв.,белый,https://avatars.avto.ru/get-autoru-vos/17909659/f13bccf5b4bc01467c6b618ce3a61449/1200x900,2026-09-22T05:53:11Z
Volkswagen,Tiguan,Volkswagen Tiguan I Рестайлинг,https://auto.ru/cars/used/sale/volkswagen/tiguan/1133277434-e3753bdd/,1099000,Тюмень,2011,,5,300000,1,Не требует ремонта,Оригинал,CLUB,"бензин, 2.0 AT (170 л.с.) 4WD",автоматическая,полный,Левый,Внедорожник 5 дв.,синий,https://avatars.avto.ru/get-autoru-vos/18720861/f77824abff15453db000a982076df3e0/1200x900,2026-09-22T05:53:11Z
Chevrolet,Equinox,Chevrolet Equinox III Рестайлинг,https://auto.ru/cars/used/sale/chevrolet/equinox/1134127729-579be559/,2449000,Тюмень,2022,,5,55000,2,Не требует ремонта,Оригинал,,"бензин, 1.5 AT (173 л.с.) 4WD",автоматическая,полный,Левый,Внедорожник 5 дв.,чёрный,https://avatars.avto.ru/get-autoru-vos/15611445/93ccc143a322fbdeef62b09b05a36c0e/1200x900,2026-09-22T05:53:11Z
Toyota,RAV4,Toyota RAV4 III (XA30) Рестайлинг,https://auto.ru/cars/used/sale/toyota/rav_4/1133943825-bf589106/,1389000,Тюмень,2011,,5,232000,2,Не требует ремонта,Оригинал,,"бензин, 2.0 CVT (148 л.с.) 4WD",вариатор,полный,Левый,Внедорожник 5 дв.,чёрный,https://avatars.avto.ru/get-autoru-vos/2072159/1c45440164bf1a867f462aacaa272f6e/1200x900,2026-09-22T05:53:11Z
Infiniti,Q30,Infiniti Q30,https://auto.ru/cars/used/sale/infiniti/q30/1133753672-a6807b2d/,3099000,Тюмень,2017,,5,37000,1,Не требует ремонта,Оригинал,,"бензин, 1.6 AMT (149 л.с.)",робот,передний,Левый,Хэтчбек 5 дв.,белый,https://avatars.avto.ru/get-autoru-vos/17755365/38fc7afec6890302350173bc4070f7e9/1200x900,2026-09-22T05:53:11Z
Audi,A7,Audi A7 I (4G) Рестайлинг,https://auto.ru/cars/used/sale/audi/a7/1132468682-df09ee48/,2949000,Тюмень,2015,,4,175000,3,Не требует ремонта,Оригинал,,"дизель, 3.0d AMT (245 л.с.) 4WD",робот,полный,Левый,Лифтбек,белый,https://avatars.avto.ru/get-autoru-vos/18006848/df01a16b767cc2ade851620ca387fc1f/1200x900,2026-09-22T05:53:14Z
Toyota,C-HR,Toyota C-HR I,https://auto.ru/cars/used/sale/toyota/c_hr/1133602835-0033a1e2/,1929000,Тюмень,2018,,5,105000,1,Не требует ремонта,Оригинал,,"бензин, 1.2 CVT (115 л.с.)",вариатор,передний,Правый,Внедорожник 5 дв.,чёрный,https://avatars.avto.ru/get-autoru-vos/18141476/41a5590676673c8f6a52b6c15ebe305b/1200x900,2026-09-22T05:53:14Z
Subaru,Levorg,Subaru Levorg II,https://auto.ru/cars/used/sale/subaru/levorg/1134068296-93ac420d/,2599000,Тюмень,2021,,5,61073,1,Не требует ремонта,Оригинал,,"бензин, 1.8 CVT (177 л.с.) 4WD",вариатор,полный,Правый,Универсал 5 дв.,серебристый,https://avatars.avto.ru/get-autoru-vos/20138408/aabe59ec9c4c717474e355b9022d24a1/1200x900,2026-09-22T05:53:14Z
Volvo,XC90,Volvo XC90 I,https://auto.ru/cars/used/sale/volvo/xc90/1133854833-6046f3a5/,1079000,Тюмень,2006,,5,240698,4,Не требует ремонта,Дубликат,,"бензин, 2.5 AT (210 л.с.) 4WD",автоматическая,полный,Левый,Внедорожник 5 дв.,серебристый,https://avatars.avto.ru/get-autoru-vos/20671634/bb74d277a94240cec9b10f169c1af133/1200x900,2026-09-22T05:53:14Z
Mazda,CX-7,Mazda CX-7 I,https://auto.ru/cars/used/sale/mazda/cx_7/1133609522-1ef6039b/,749000,Тюмень,2007,,5,248000,4,Не требует ремонта,Оригинал,Sport,"бензин, 2.3 AT (238 л.с.) 4WD",автоматическая,полный,Левый,Внедорожник 5 дв.,красный,https://avatars.avto.ru/get-autoru-vos/20487659/b37dd3e6235e94fa645df36877a8340d/1200x900,2026-09-22T05:53:14Z
Renault,Koleos,Renault Koleos I,https://auto.ru/cars/used/sale/renault/koleos/1132916819-4d76377c/,839000,Тюмень,2011,,5,388000,1,Не требует ремонта,Оригинал,Dynamique Confort 4x4,"бензин, 2.5 CVT (171 л.с.) 4WD",вариатор,полный,Левый,Внедорожник 5 дв.,серебристый,https://avatars.avto.ru/get-autoru-vos/15580208/92184ff2ee5e86e6017be7e1154ddcf2/1200x900,2026-09-22T05:53:14Z
Ford,Explorer,Ford Explorer III,https://auto.ru/cars/used/sale/ford/explorer/1133775359-edb0af82/,979000,Тюмень,2004,,7,250000,4,Не требует ремонта,Дубликат,,"бензин, 4.0 AT (212 л.с.) 4WD",автоматическая,полный,Левый,Внедорожник 5 дв.,серый,https://avatars.avto.ru/get-autoru-vos/17973062/68f00f9b013210cd992b0a1c4004f9e1/1200x900,2026-09-22T05:53:14Z
Renault,Kaptur,Renault Kaptur I Рестайлинг,https://auto.ru/cars/used/sale/renault/kaptur/1134230497-811da448/,1879000,Тюмень,2021,,5,80000,1,Не требует ремонта,Оригинал,,"бензин, 1.6 CVT (114 л.с.)",вариатор,передний,Левый,Внедорожник 5 дв.,красный,https://avatars.avto.ru/get-autoru-vos/20606978/49683f480a697a385229e395e0ef4139/1200x900,2026-09-22T05:53:14Z
Nissan,Terrano,Nissan Terrano III (D10),https://auto.ru/cars/used/sale/nissan/terrano/1134210315-de538d70/,1319000,Тюмень,2017,,5,170038,1,Не требует ремонта,Оригинал,,"бензин, 1.6 MT (114 л.с.) 4WD",механическая,полный,Левый,Внедорожник 5 дв.,чёрный,https://avatars.avto.ru/get-autoru-vos/20951031/7bfc1b1b164f918e586062bc16701db8/1200x900,2026-09-22T05:53:14Z
Mercedes-Benz,GLK-Класс,Mercedes-Benz GLK-Класс 300 I (X204),https://auto.ru/cars/used/sale/mercedes/glk_klasse/1133827167-cc450cf5/,1929000,Тюмень,2011,,5,112130,4,Не требует ремонта,Оригинал,,"бензин, 300 3.0 AT (231 л.с.) 4WD",автоматическая,полный,Левый,Внедорожник 5 дв.,чёрный,https://avatars.avto.ru/get-autoru-vos/2142377/5e2fcaab34dd2183b9905d574192c080/1200x900,2026-09-22T05:53:14Z
Chery,Tiggo 7 Pro Max,Chery Tiggo 7 Pro Max I,https://auto.ru/cars/used/sale/chery/tiggo_7_pro_max/1133521147-df39990f/,2149000,Тюмень,2023,,5,39200,2,Не требует ремонта,Оригинал,Prestige,"бензин, 1.6 AMT (150 л.с.) 4WD",робот,полный,Левый,Внедорожник 5 дв.,белый,https://avatars.avto.ru/get-autoru-vos/15587596/9bd0e8c78441404c1c8bd4840a4de7a4/1200x900,2026-09-22T05:53:14Z
Nissan,X-Trail,Nissan X-Trail II Рестайлинг,https://auto.ru/cars/used/sale/nissan/x_trail/1134230495-92f82238/,1529000,Тюмень,2014,,5,273000,3,Не требует ремонта,Оригинал,,"бензин, 2.0 CVT (141 л.с.) 4WD",вариатор,полный,Левый,Внедорожник 5 дв.,белый,https://avatars.avto.ru/get-autoru-vos/20951031/88355a2022fbddba945eeff4f97b5f3d/1200x900,2026-09-22T05:53:14Z
Hyundai,Creta,Hyundai Creta I,https://auto.ru/cars/used/sale/hyundai/creta/1134210307-cf58886f/,2169000,Тюмень,2019,,5,92000,2,Не требует ремонта,Оригинал,,"бензин, 2.0 AT (150 л.с.) 4WD",автоматическая,полный,Левый,Внедорожник 5 дв.,чёрный,https://photo.auto.ru/photo/get-autoru-vos/21068092/fXxNEQYzP_GBZDWOIXRoi4j7VIokl6-o2T9RGIV44XL-8cXcxHt5chf4hR02ECsvqj-Kdfw5gyn1GuXgdxeJZX-1OWMn8f8e4d29DFL6C76zYCXeASNZ0zzwJpoYNTjcsED3SNZQm9_48GGH6fHSnz3S5nEn8RpLjUrsSOrLgU_Zb9Q/1200x900,2026-09-22T05:53:14Z
Chery,Tiggo 7 Pro Max,Chery Tiggo 7 Pro Max I,https://auto.ru/cars/used/sale/chery/tiggo_7_pro_max/1133640505-76414007/,1979000,Тюмень,2024,,5,42620,1,Не требует ремонта,Оригинал,Prestige,"бензин, 1.5 CVT (147 л.с.)",вариатор,передний,Левый,Внедорожник 5 дв.,серебристый,https://photo.auto.ru/photo/get-autoru-vos/20656151/ZwxN9Oow156CknMcquX56m40w7FIqxDb9sUYCiDwVIb6geM8eI498KNcQEYV4V6XS_-RBYUOQnWNBa8C9BGvsv-KG28GbjjWby1fknE8qwsLTVkk54uW3ndzhi0nb8MMNIwyiGtU8IcbO3jH1Y1igSEZGefc1iX36_uAxhidcRw8JL8/1200x900,2026-09-22T05:53:14Z
Exeed,RX,Exeed RX (Yaoguang),https://auto.ru/cars/used/sale/exeed/rx/1134200823-8c7fbf3c/,2859000,Тюмень,2023,,5,129125,1,Не требует ремонта,Оригинал,,"бензин, (Yaoguang) 2.0 AMT (249 л.с.) 4WD",робот,полный,Левый,Внедорожник 5 дв.,чёрный,https://avatars.avto.ru/get-autoru-vos/17699839/b6527047832d00088c51ce409c7a85d6/1200x900,2026-09-22T05:53:14Z
Chery,Tiggo 4,Chery Tiggo 4 I Рестайлинг,https://auto.ru/cars/used/sale/chery/tiggo_4/1131525480-cd112884/,1179000,Тюмень,2019,,5,176000,1,Не требует ремонта,Оригинал,Comfort,"бензин, 2.0 CVT (122 л.с.)",вариатор,передний,Левый,Внедорожник 5 дв.,чёрный,https://avatars.avto.ru/get-autoru-vos/5231043/88183ca19d6ac7f781870831bec25d3e/1200x900,2026-09-22T05:53:14Z
Nissan,X-Trail,Nissan X-Trail II Рестайлинг,https://auto.ru/cars/used/sale/nissan/x_trail/1134200826-e26648bc/,1319000,Тюмень,2011,,5,215234,2,Не требует ремонта,Оригинал,,"бензин, 2.5 CVT (169 л.с.) 4WD",вариатор,полный,Левый,Внедорожник 5 дв.,бежевый,https://avatars.avto.ru/get-autoru-vos/18621059/cb2063dc3daf4a4340438e25de9a88f6/1200x900,2026-09-22T05:53:14Z
Chery,Tiggo 7 Pro,Chery Tiggo 7 Pro I,https://auto.ru/cars/used/sale/chery/tiggo_7_pro/1134185794-fdb61f24/,1729000,Тюмень,2022,,5,70000,1,Не требует ремонта,Оригинал,,"бензин, 1.5 CVT (147 л.с.)",вариатор,передний,Левый,Внедорожник 5 дв.,красный,https://avatars.avto.ru/get-autoru-vos/17435526/69267c8b4d47cd7280d4483d80961be5/1200x900,2026-09-22T05:53:14Z
Subaru,Forester,Subaru Forester IV Рестайлинг 2,https://auto.ru/cars/used/sale/subaru/forester/1133948309-dfebf9bd/,2359000,Тюмень,2018,,5,143000,1,Не требует ремонта,Оригинал,,"бензин, 2.5 CVT (171 л.с.) 4WD",вариатор,полный,Левый,Внедорожник 5 дв.,серый,https://photo.auto.ru/photo/get-autoru-vos/20330248/A99vgU1sCDdy30g2L5ngWK_I0uYe72OcvBOgweWHSxX8HUwxjP9YCrcTLMoGs2QYy8WfEOJD-TjxOGgHTwhH5TqigtM7VTnbrT74FapQZD3HvqIqmw09HxN-XNZ03PbdOycnhm_p4Z-Eh1t9yTua_Y3lw8Cioe6xU8dZfIL0uS2T1Rg/1200x900,2026-09-22T05:53:14Z
Kia,Mohave,Kia Mohave I,https://auto.ru/cars/used/sale/kia/mohave/1133441447-37acd833/,1599000,Тюмень,2012,,7,244000,4,Не требует ремонта,Дубликат,,"бензин, 3.8 AT (274 л.с.) 4WD",автоматическая,полный,Левый,Внедорожник 5 дв.,золотистый,https://avatars.avto.ru/get-autoru-vos/20784906/28d1ca8c2036ecd329222974478e0a17/1200x900,2026-09-22T05:53:14Z
Hyundai,ix35,Hyundai ix35 I,https://auto.ru/cars/used/sale/hyundai/ix35/1134097270-58aae062/,1099000,Тюмень,2011,,5,375000,1,Не требует ремонта,Оригинал,,"бензин, 2.0 AT (150 л.с.)",автоматическая,передний,Левый,Внедорожник 5 дв.,серый,https://avatars.avto.ru/get-autoru-vos/17973312/27f492564d58cfd36f6ad2f615d4a29f/1200x900,2026-09-22T05:53:14Z
Toyota,RAV4,Toyota RAV4 V (XA50),https://auto.ru/cars/used/sale/toyota/rav_4/1133374257-a48a5608/,2949000,Тюмень,2022,,5,118000,2,Не требует ремонта,Оригинал,Престиж Safety,"бензин, 2.0 CVT (149 л.с.) 4WD",вариатор,полный,Левый,Внедорожник 5 дв.,коричневый,https://avatars.avto.ru/get-autoru-vos/17642370/941b7c0f1015841b450abd5ad80f4b8d/1200x900,2026-09-22T05:53:14Z
Kia,Sorento,Kia Sorento II,https://auto.ru/cars/used/sale/kia/sorento/1134230494-9df94753/,1479000,Тюмень,2010,,5,326386,2,Не требует ремонта,Дубликат,,"бензин, 2.4 AT (175 л.с.) 4WD",автоматическая,полный,Левый,Внедорожник 5 дв.,коричневый,https://avatars.avto.ru/get-autoru-vos/20556383/abc3b09fe69d740cdc2f4c9ea2129a6b/1200x900,2026-09-22T05:53:14Z
Geely,Monjaro,Geely Monjaro I,https://auto.ru/cars/used/sale/geely/monjaro/1133580668-14ca5ff1/,3599000,Тюмень,2023,,5,38800,1,Не требует ремонта,Оригинал,Exclusive (2023),"бензин, 2.0 AT (238 л.с.) 4WD",автоматическая,полный,Левый,Внедорожник 5 дв.,серебристый,https://avatars.avto.ru/get-autoru-vos/20657148/21670f53470d3aa0607a527fedc2c7e2/1200x900,2026-09-22T05:53:14Z
Haval,Dargo,Haval Dargo I,https://auto.ru/cars/used/sale/haval/dargo/1134185796-a48fd48f/,2859000,Тюмень,2024,,5,89428,1,Не требует ремонта,Оригинал,,"бензин, 2.0 AMT (192 л.с.) 4WD",робот,полный,Левый,Внедорожник 5 дв.,чёрный,https://avatars.avto.ru/get-autoru-vos/20761562/61a7d6acc5bd90466c91626a874a38b6/1200x900,2026-09-22T05:53:14Z
Volkswagen,Multivan,Volkswagen Multivan T5,https://auto.ru/cars/used/sale/volkswagen/multivan/1134067257-afc84d5a/,1929000,Тюмень,2009,,5,323000,3,Не требует ремонта,Оригинал,,"дизель, 2.5d AT (131 л.с.)",автоматическая,передний,Левый,Минивэн,золотистый,https://avatars.avto.ru/get-autoru-vos/20394542/328aca5c8d11caccc00e798d8220f1fb/1200x900,2026-09-22T05:53:14Z
Chery,Tiggo 8 Pro,Chery Tiggo 8 Pro I,https://auto.ru/cars/used/sale/chery/tiggo_8_pro/1131908914-ff343388/,2399000,Тюмень,2023,,7,45000,1,Не требует ремонта,Оригинал,Speedline,"бензин, 1.6 AMT (186 л.с.)",робот,передний,Левый,Внедорожник 5 дв.,белый,https://avatars.avto.ru/get-autoru-vos/15548469/3cfb712a623633b0d0ef5a5e6b39a5da/1200x900,2026-09-22T05:53:14Z
Subaru,Forester,Subaru Forester III,https://auto.ru/cars/used/sale/subaru/forester/1133944430-3843141f/,1089000,Тюмень,2010,,5,235000,3,Не требует ремонта,Оригинал,,"бензин, 2.0 MT (150 л.с.) 4WD",механическая,полный,Левый,Внедорожник 5 дв.,серый,https://avatars.avto.ru/get-autoru-vos/3564599/a708200d77ec1040f5e71d91ba14aa43/1200x900,2026-09-22T05:53:14Z
Renault,Arkana,Renault Arkana I,https://auto.ru/cars/used/sale/renault/arkana/1134230498-3bbe7386/,1499000,Тюмень,2019,,5,91505,2,Не требует ремонта,Оригинал,,"бензин, 1.6 CVT (114 л.с.)",вариатор,передний,Левый,Внедорожник 5 дв.,серебристый,https://avatars.avto.ru/get-autoru-vos/20363536/aedff70182ef7b12a3ac1ea09a420e47/1200x900,2026-09-22T05:53:14Z
Hyundai,ix35,Hyundai ix35 I,https://auto.ru/cars/used/sale/hyundai/ix35/1134068295-a2c1cfdc/,1099000,Тюмень,2012,,5,289300,4,Не требует ремонта,Дубликат,,"бензин, 2.0 AT (150 л.с.) 4WD",автоматическая,полный,Левый,Внедорожник 5 дв.,коричневый,https://avatars.avto.ru/get-autoru-vos/21092119/f7ec2fc998c66515590cb2661729d3e9/1200x900,2026-09-22T05:53:14Z
Honda,Freed,Honda Freed I Рестайлинг,https://auto.ru/cars/used/sale/honda/freed/1134138610-ec10830f/,1159000,Тюмень,2012,,6,147000,2,Не требует ремонта,Оригинал,,"бензин, 1.5 CVT (118 л.с.)",вариатор,передний,Правый,Компактвэн,серебристый,https://photo.auto.ru/photo/get-autoru-vos/20191207/PF4NB5921_-VAbkCK1Ek0DZkEVdupGs2noFvq4Wvx99hNPzTR8OzbxBaQbMhhnD-gY9de59zo17_iWf9fGFj1fuLi428jwLgPgbYHaYO56mYYDj-gOZlpYC_DKIL4WlLeTIaOoM1n3NDsDDbIrcjewVPcw0czMbPfXSGcceDSTHpLwg/1200x900,2026-09-22T05:53:14Z
Chery,Tiggo 4,Chery Tiggo 4 I,https://auto.ru/cars/used/sale/chery/tiggo_4/1133908219-7ff116e8/,1259000,Тюмень,2019,,5,110000,3,Не требует ремонта,Оригинал,,"бензин, 2.0 CVT (122 л.с.)",вариатор,передний,Левый,Внедорожник 5 дв.,серебристый,https://avatars.avto.ru/get-autoru-vos/16273341/45df7b318b01de26d44047615979b295/1200x900,2026-09-22T05:53:14Z
Geely,Atlas,Geely Atlas I,https://auto.ru/cars/used/sale/geely/atlas/1134210306-766c83e9/,1759000,Тюмень,2020,,5,130000,1,Не требует ремонта,Оригинал,,"бензин, 1.8 AT (184 л.с.) 4WD",автоматическая,полный,Левый,Внедорожник 5 дв.,белый,https://photo.auto.ru/photo/get-autoru-vos/21002260/hsLp464jephUWhX4O2GpkDwrXHX1R8k2t8GdGt6JKoNnx67mc2ahGdAnuDAYDKhFcYb6PEun0mxcNum0GlHEt35N8sw2pxlm21lYDrgUy2PLBoRzkmiTV13PtVjeCcIVlmykc3vvcAPRTj9o4LISD2nqduQyh7R0xIJJtOY7LQYqIUY/1200x900,2026-09-22T05:53:14Z
Changan,CS75 Plus,Changan CS75 Plus I Рестайлинг,https://auto.ru/cars/used/sale/changan/cs75plus/1134031313-85d41f3e/,1979000,Тюмень,2021,,5,51100,1,Не требует ремонта,Оригинал,,"бензин, 1.5 AT (167 л.с.)",автоматическая,передний,Левый,Внедорожник 5 дв.,серебристый,https://avatars.avto.ru/get-autoru-vos/6054061/db4b3cc7549c86f5a21c8df568f2132e/1200x900,2026-09-22T05:53:14Z
Lada (ВАЗ),Iskra,Lada (ВАЗ) Iskra SW Cross,https://auto.ru/cars/used/sale/vaz/iskra/1134082184-d8f2f8a2/,1849000,Тюмень,2026,,5,1583,1,Не требует ремонта,Оригинал,,"бензин, SW Cross 1.6 CVT (106 л.с.)",вариатор,передний,Левый,Универсал 5 дв. SW Cross,серебристый,https://avatars.avto.ru/get-autoru-vos/16483913/9331e711b5b45453d32e0ca5680997ed/1200x900,2026-09-22T05:53:14Z
Toyota,RAV4,Toyota RAV4 IV (XA40) Рестайлинг,https://auto.ru/cars/used/sale/toyota/rav_4/1134230489-60f5b451/,2659000,Тюмень,2017,,5,115596,4,Не требует ремонта,Оригинал,,"бензин, 2.5 AT (180 л.с.) 4WD",автоматическая,полный,Левый,Внедорожник 5 дв.,чёрный,https://avatars.avto.ru/get-autoru-vos/20055049/4dce862c9767c0f8e6372c3c7697ec31/1200x900,2026-09-22T05:53:14Z
Nissan,X-Trail,Nissan X-Trail II,https://auto.ru/cars/used/sale/nissan/x_trail/1133765260-67f5d032/,1149000,Тюмень,2011,,5,200000,3,Не требует ремонта,Дубликат,,"бензин, 2.0 CVT (141 л.с.) 4WD",вариатор,полный,Левый,Внедорожник 5 дв.,чёрный,https://avatars.avto.ru/get-autoru-vos/5993563/4d36ff12c290c7778a253bfb75b4c6f6/1200x900,2026-09-22T05:53:14Z
Volkswagen,Tiguan,Volkswagen Tiguan I Рестайлинг,https://auto.ru/cars/used/sale/volkswagen/tiguan/1134200822-825845ef/,1349000,Тюмень,2013,,5,188000,1,Не требует ремонта,Оригинал,,"бензин, 2.0 AT (170 л.с.) 4WD",автоматическая,полный,Левый,Внедорожник 5 дв.,белый,https://avatars.avto.ru/get-autoru-vos/20894132/70d602d910d39fd548a161e9b076dbf1/1200x900,2026-09-22T05:53:19Z
Mitsubishi,ASX,Mitsubishi ASX I Рестайлинг,https://auto.ru/cars/used/sale/mitsubishi/asx/1132741896-4fa95cca/,1129000,Тюмень,2012,,5,231100,2,Не требует ремонта,Дубликат,Invite,"бензин, 2.0 CVT (150 л.с.) 4WD",вариатор,полный,Левый,Внедорожник 5 дв.,белый,https://avatars.avto.ru/get-autoru-vos/15584432/dcdc9efa7e1b0582ba55ee97c0fb02a0/1200x900,2026-09-22T05:53:19Z
Kia,Optima,Kia Optima III,https://auto.ru/cars/used/sale/kia/optima/1133441446-81a39bc9/,859000,Тюмень,2011,,5,478000,2,Не требует ремонта,Оригинал,Luxe,"бензин, 2.4 AT (180 л.с.)",автоматическая,передний,Левый,Седан,серый,https://avatars.avto.ru/get-autoru-vos/15268379/cc25f6662b9f255c20e09814cfe5d3af/1200x900,2026-09-22T05:53:19Z
Volvo,XC70,Volvo XC70 I,https://auto.ru/cars/used/sale/volvo/xc70/1133256171-4564c190/,429000,Тюмень,2003,,5,315000,4,Не требует ремонта,Дубликат,,"бензин, 2.5 AT (210 л.с.) 4WD",автоматическая,полный,Левый,Универсал 5 дв.,серебристый,https://avatars.avto.ru/get-autoru-vos/20035467/9c200d3c10e63080a4e276665d84969a/1200x900,2026-09-22T05:53:19Z
Toyota,Land Cruiser,Toyota Land Cruiser 200 Series Рестайлинг 1,https://auto.ru/cars/used/sale/toyota/land_cruiser/1134200824-db5d2bdd/,4179000,Тюмень,2012,,7,160000,4,Не требует ремонта,Дубликат,,"бензин, 4.6 AT (309 л.с.) 4WD",автоматическая,полный,Левый,Внедорожник 5 дв.,чёрный,https://avatars.avto.ru/get-autoru-vos/20134224/47b384c4476e625f758e10860206b2fb/1200x900,2026-09-22T05:53:19Z
Lexus,NX,Lexus NX 200 I Рестайлинг,https://auto.ru/cars/used/sale/lexus/nx/1134008828-e1e7f284/,3449000,Тюмень,2017,,5,97502,4,Не требует ремонта,Дубликат,,"бензин, 200 2.0 CVT (150 л.с.) 4WD",вариатор,полный,Левый,Внедорожник 5 дв.,белый,https://avatars.avto.ru/get-autoru-vos/18006848/169efaedafbecb95425b512c0c3baf5c/1200x900,2026-09-22T05:53:19Z
Toyota,RAV4,Toyota RAV4 III (XA30),https://auto.ru/cars/used/sale/toyota/rav_4/1134039598-914f6ec0/,1299000,Тюмень,2009,,5,242000,4,Не требует ремонта,Оригинал,,"бензин, 2.0 CVT (158 л.с.) 4WD",вариатор,полный,Левый,Внедорожник 5 дв.,серебристый,https://avatars.avto.ru/get-autoru-vos/2175069/f7c8a46ad51c783329f4fb76be2eece2/1200x900,2026-09-22T05:53:19Z
Москвич,3,Москвич 3,https://auto.ru/cars/used/sale/moscvich/3/1134210308-79e1b850/,1799000,Тюмень,2024,,5,62589,1,Не требует ремонта,Оригинал,,"бензин, 1.5 CVT (136 л.с.)",вариатор,передний,Левый,Внедорожник 5 дв.,серебристый,https://photo.auto.ru/photo/get-autoru-vos/19798937/9upFs5VotUg9YphPAPLpXVskwvGn7azDqNdsbaDmeOSsZWozJjv8MxWwVNL1ExPoDCum0be4z-rHa8B-fL95gs3uV66GpdZ_5eP-Nn6JUG8U8rCGdKSLyxsZVTo_ViWxY8j-561p5oklI_yMaJZJo3tDBf1ZJYA-gZ8waMXcH3e2pg/1200x900,2026-09-22T05:53:19Z
Infiniti,FX,Infiniti FX37 II (S51) Рестайлинг,https://auto.ru/cars/used/sale/infiniti/fx/1133892322-c19ca885/,1929000,Тюмень,2012,,5,273000,4,Не требует ремонта,Дубликат,,"бензин, FX37 3.7 AT (333 л.с.) 4WD",автоматическая,полный,Левый,Внедорожник 5 дв.,чёрный,https://avatars.avto.ru/get-autoru-vos/17674678/184a860152e998dcf7e0407214010d43/1200x900,2026-09-22T05:53:19Z
Mazda,CX-7,Mazda CX-7 I Рестайлинг,https://auto.ru/cars/used/sale/mazda/cx_7/1133813462-48f903c2/,1129000,Тюмень,2011,,5,231000,3,Не требует ремонта,Дубликат,,"бензин, 2.5 AT (163 л.с.)",автоматическая,передний,Левый,Внедорожник 5 дв.,серый,https://avatars.avto.ru/get-autoru-vos/5541977/816884dd1214d0e8b9a5222089d004af/1200x900,2026-09-22T05:53:19Z
Chery,Tiggo 4,Chery Tiggo 4 I Рестайлинг,https://auto.ru/cars/used/sale/chery/tiggo_4/1133528256-6c9d77f6/,1359000,Тюмень,2020,,5,132000,1,Не требует ремонта,Оригинал,Cosmo,"бензин, 1.5 AMT (147 л.с.)",робот,передний,Левый,Внедорожник 5 дв.,белый,https://avatars.avto.ru/get-autoru-vos/20291570/89a7bfe75fda27e9a5382d82734df61a/1200x900,2026-09-22T05:53:19Z
Renault,Kaptur,Renault Kaptur I,https://auto.ru/cars/used/sale/renault/kaptur/1133881346-b0f83d05/,1339000,Тюмень,2018,,5,178300,2,Не требует ремонта,Оригинал,,"бензин, 1.6 CVT (114 л.с.)",вариатор,передний,Левый,Внедорожник 5 дв.,белый,https://avatars.avto.ru/get-autoru-vos/16813311/cb0a9a80235af1fa2096807f49130da9/1200x900,2026-09-22T05:53:19Z
Hyundai,Tucson,Hyundai Tucson III,https://auto.ru/cars/used/sale/hyundai/tucson/1134097271-b2546ff9/,2099000,Тюмень,2016,,5,196000,2,Не требует ремонта,Оригинал,,"дизель, 2.0d AT (185 л.с.) 4WD",автоматическая,полный,Левый,Внедорожник 5 дв.,серый,https://avatars.avto.ru/get-autoru-vos/18152297/b204fdf7310c503bb60bfacec049b3c9/1200x900,2026-09-22T05:53:19Z
Suzuki,Grand Vitara,Suzuki Grand Vitara XL-7 I Рестайлинг,https://auto.ru/cars/used/sale/suzuki/grand_vitara/1133813464-9e1558a3/,949000,Тюмень,2006,,5,241000,4,Не требует ремонта,Дубликат,,"бензин, XL-7 2.7 AT (184 л.с.) 4WD",автоматическая,полный,Левый,Внедорожник 5 дв. XL-7,золотистый,https://avatars.avto.ru/get-autoru-vos/19700919/f629058f696917435c64d9bcd815b555/1200x900,2026-09-22T05:53:19Z
Toyota,RAV4,Toyota RAV4 IV (XA40) Рестайлинг,https://auto.ru/cars/used/sale/toyota/rav_4/1133357604-13092a40/,2419000,Тюмень,2016,,5,150000,3,Не требует ремонта,Оригинал,Комфорт Плюс,"бензин, 2.0 CVT (146 л.с.) 4WD",вариатор,полный,Левый,Внедорожник 5 дв.,чёрный,https://photo.auto.ru/photo/get-autoru-vos/17833075/vH0C9Ay64B7_vD6RrbE52SheiYXzHImZyFtZmsI5kENHAJU_zdxBkeW86qlcr2KWqb5YpH5C7oUOeVf-UEKonHUXHcCP8sA2QBNMmeG_0J7l4WrP_CU8Y-36omh6zfQsNjTFCN8uVzCNyKtybmIxqhRgeRrAAws6j0zf79zwuT4rGg/1200x900,2026-09-22T05:53:19Z
Toyota,Roomy,Toyota Roomy I Рестайлинг,https://auto.ru/cars/used/sale/toyota/roomy/1133892325-1c036f00/,1259000,Тюмень,2020,,5,115231,1,Не требует ремонта,Оригинал,,"бензин, 1.0 CVT (98 л.с.)",вариатор,передний,Правый,Микровэн,красный,https://avatars.avto.ru/get-autoru-vos/20331633/f1db276bb60e083e09ba643dfe686260/1200x900,2026-09-22T05:53:19Z
Toyota,RAV4,Toyota RAV4 III (XA30) Рестайлинг,https://auto.ru/cars/used/sale/toyota/rav_4/1133712354-59e54b87/,1159000,Тюмень,2010,,5,185000,4,Не требует ремонта,Оригинал,,"бензин, 2.0 CVT (158 л.с.) 4WD",вариатор,полный,Левый,Внедорожник 5 дв.,чёрный,https://avatars.avto.ru/get-autoru-vos/21119147/f4c7ec9096b9b4eed0e3c50756d8f977/1200x900,2026-09-22T05:53:19Z
SsangYong,Actyon,SsangYong Actyon II,https://auto.ru/cars/used/sale/ssang_yong/actyon/1134019512-9c555de4/,999000,Тюмень,2012,,5,175000,1,Не требует ремонта,Оригинал,,"дизель, 2.0d MT (149 л.с.)",механическая,передний,Левый,Внедорожник 5 дв.,красный,https://avatars.avto.ru/get-autoru-vos/17981265/9d1a1554c7484595da542254e1cb92f8/1200x900,2026-09-22T05:53:19Z
Omoda,C5,Omoda C5 I,https://auto.ru/cars/used/sale/omoda/c5/1133400854-f65b8c51/,1779000,Тюмень,2023,,5,37400,1,Не требует ремонта,Оригинал,Joy,"бензин, 1.5 CVT (147 л.с.)",вариатор,передний,Левый,Внедорожник 5 дв.,белый,https://avatars.avto.ru/get-autoru-vos/20132077/62dc09fa3f596b77d517262460fff62c/1200x900,2026-09-22T05:53:19Z
Honda,Jade,Honda Jade I Рестайлинг,https://auto.ru/cars/used/sale/honda/jade/1133694738-547dc59c/,2029000,Тюмень,2019,,5,56000,1,Не требует ремонта,Оригинал,,"бензин, 1.5 CVT (150 л.с.)",вариатор,передний,Правый,Компактвэн,белый,https://avatars.avto.ru/get-autoru-vos/17750173/3755181fda85a501d0f77413666b06a1/1200x900,2026-09-22T05:53:19Z
Toyota,Land Cruiser,Toyota Land Cruiser 200 Series Рестайлинг 1,https://auto.ru/cars/used/sale/toyota/land_cruiser/1131313990-6801fae3/,4349000,Тюмень,2014,,7,228731,2,Не требует ремонта,Оригинал,SE «Brownstone» (5 мест),"дизель, 4.5d AT (235 л.с.) 4WD",автоматическая,полный,Левый,Внедорожник 5 дв.,чёрный,https://avatars.avto.ru/get-autoru-vos/15548469/4aa0c5b09b29ef11d5bf20500296a50a/1200x900,2026-09-22T05:53:19Z
Hyundai,ix35,Hyundai ix35 I,https://auto.ru/cars/used/sale/hyundai/ix35/1132383471-f65fe831/,1099000,Тюмень,2012,,5,265549,4,Не требует ремонта,Дубликат,Classic,"бензин, 2.0 AT (150 л.с.)",автоматическая,передний,Левый,Внедорожник 5 дв.,белый,https://avatars.avto.ru/get-autoru-vos/1982232/5b19bfd528c2bf416d95fb7233870a91/1200x900,2026-09-22T05:53:19Z
Honda,Stepwgn,Honda Stepwgn IV Рестайлинг,https://auto.ru/cars/used/sale/honda/stepwagon/1134138612-1b6abbba/,1649000,Тюмень,2012,,7,167717,1,Не требует ремонта,Дубликат,,"бензин, 2.0 CVT (150 л.с.)",вариатор,передний,Правый,Минивэн,белый,https://avatars.avto.ru/get-autoru-vos/18071266/01476c1be5e7e99f25f9eacbf8c9bdd3/1200x900,2026-09-22T05:53:19Z
FAW,Besturn X40,FAW Besturn X40 I,https://auto.ru/cars/used/sale/faw/besturn_x40/1133813460-2672ac88/,1349000,Тюмень,2020,,5,78400,1,Не требует ремонта,Оригинал,,"бензин, 1.6 AT (108 л.с.)",автоматическая,передний,Левый,Внедорожник 5 дв.,чёрный,https://avatars.avto.ru/get-autoru-vos/5519299/f50ac11f393ff50fbc32e29f84a8aa85/1200x900,2026-09-22T05:53:19Z
JAC,T6,JAC T6,https://auto.ru/cars/used/sale/jac/t6/1133286082-db4334dc/,1099000,Тюмень,2020,,5,175000,2,Не требует ремонта,Оригинал,Intermediate,"бензин, 2.0 MT (177 л.с.) 4WD",механическая,полный,Левый,Пикап Двойная кабина,серый,https://avatars.avto.ru/get-autoru-vos/20104625/95eaadefd7a6573e5562a27bc34af353/1200x900,2026-09-22T05:53:19Z
Toyota,RAV4,Toyota RAV4 III (XA30) Рестайлинг,https://auto.ru/cars/used/sale/toyota/rav_4/1133841639-860ea45c/,1899000,Тюмень,2012,,5,188397,4,Не требует ремонта,Дубликат,,"бензин, 2.4 AT (170 л.с.) 4WD",автоматическая,полный,Левый,Внедорожник 5 дв.,чёрный,https://avatars.avto.ru/get-autoru-vos/20330248/3e8f37e66e8c48839b93ec6fd224bc0e/1200x900,2026-09-22T05:53:19Z
Mitsubishi,Outlander,Mitsubishi Outlander II Рестайлинг,https://auto.ru/cars/used/sale/mitsubishi/outlander/1133880489-e4f71e7d/,1099000,Тюмень,2011,,5,279624,4,Не требует ремонта,Оригинал,,"бензин, 2.0 CVT (147 л.с.)",вариатор,передний,Левый,Внедорожник 5 дв.,серый,https://avatars.avto.ru/get-autoru-vos/20181844/f091f633afead1ff74db2588c856fb15/1200x900,2026-09-22T05:53:19Z
Haval,Jolion,Haval Jolion I,https://auto.ru/cars/used/sale/haval/jolion/1133331844-9e106a94/,1549000,Тюмень,2023,,5,115000,3,Не требует ремонта,Оригинал,Comfort Plus,"бензин, 1.5 AMT (143 л.с.)",робот,передний,Левый,Внедорожник 5 дв.,белый,https://avatars.avto.ru/get-autoru-vos/20180167/7a9390c03fa4e03fab89c3cd99b9707b/1200x900,2026-09-22T05:53:19Z
Mitsubishi,Outlander,Mitsubishi Outlander III,https://auto.ru/cars/used/sale/mitsubishi/outlander/1134210310-27e302b6/,1409000,Тюмень,2012,,5,201259,2,Не требует ремонта,Оригинал,,"бензин, 2.0 CVT (146 л.с.) 4WD",вариатор,полный,Левый,Внедорожник 5 дв.,серый,https://photo.auto.ru/photo/get-autoru-vos/21116822/960mhIdEwuVwFl4HCsow1wThrfPTg_i8BYq_X8MR4H3mFi-uU1ZpXDflnVnC__ldQ-lYxft5xpPPv3DH-uhbl19ATl5BnnefoevN8eNBKGAYmTtiLTIYZjAuVsx6OTsevwO871lO8Bdr3COed1Vibs8Ck4Zep6xZQXro4nsFWCwHXw/1200x900,2026-09-22T05:53:19Z
Omoda,C5,Omoda C5 I,https://auto.ru/cars/used/sale/omoda/c5/1134155671-59f78856/,2349000,Тюмень,2024,,5,27500,1,Не требует ремонта,Оригинал,,"бензин, 1.6 AMT (150 л.с.) 4WD",робот,полный,Левый,Внедорожник 5 дв.,красный,https://avatars.avto.ru/get-autoru-vos/21083893/a36373635c2b71d6ca41e83792130b2a/1200x900,2026-09-22T05:53:19Z
Mazda,CX-7,Mazda CX-7 I,https://auto.ru/cars/used/sale/mazda/cx_7/1133568247-4e9ee444/,729000,Тюмень,2007,,5,159352,4,Не требует ремонта,Оригинал,Sport,"бензин, 2.3 AT (238 л.с.) 4WD",автоматическая,полный,Левый,Внедорожник 5 дв.,красный,https://avatars.avto.ru/get-autoru-vos/15587868/ebe908ec5e3655ac9416e6ebccf08e1a/1200x900,2026-09-22T05:53:19Z
Geely,Coolray,Geely Coolray I,https://auto.ru/cars/used/sale/geely/coolray/1134096377-76d477a5/,1599000,Тюмень,2022,,5,107000,2,Не требует ремонта,Оригинал,,"бензин, 1.5 AMT (150 л.с.)",робот,передний,Левый,Внедорожник 5 дв.,серебристый,https://avatars.avto.ru/get-autoru-vos/4298023/c3b12b990d94643869756540fe59db73/1200x900,2026-09-22T05:53:19Z
Renault,Duster,Renault Duster I,https://auto.ru/cars/used/sale/renault/duster/1132785971-adb86005/,649000,Тюмень,2012,,5,369000,1,Не требует ремонта,Оригинал,Expression,"бензин, 2.0 MT (135 л.с.) 4WD",механическая,полный,Левый,Внедорожник 5 дв.,чёрный,https://avatars.avto.ru/get-autoru-vos/2113493/e76078e05fdcb2d5aac530f79e3aea02/1200x900,2026-09-22T05:53:19Z
Geely,Tugella,Geely Tugella I Рестайлинг,https://auto.ru/cars/used/sale/geely/tugella/1133300842-823367a6/,2299000,Тюмень,2022,,5,135788,1,Не требует ремонта,Оригинал,Luxury,"бензин, 2.0 AT (238 л.с.) 4WD",автоматическая,полный,Левый,Внедорожник 5 дв.,белый,https://avatars.avto.ru/get-autoru-vos/19700919/80a752b1fd2f621135f76fa22ec96c5b/1200x900,2026-09-22T05:53:19Z
Peugeot,3008,Peugeot 3008 I,https://auto.ru/cars/used/sale/peugeot/3008/1134185792-b373b505/,699000,Тюмень,2012,,5,169000,4,Не требует ремонта,Оригинал,,"бензин, 1.6 MT (120 л.с.)",механическая,передний,Левый,Внедорожник 5 дв.,красный,https://avatars.avto.ru/get-autoru-vos/20104625/6ecaf683421e3ef9a482ba18d55ae74b/1200x900,2026-09-22T05:53:19Z
Hyundai,Santa Fe,Hyundai Santa Fe II Рестайлинг,https://auto.ru/cars/used/sale/hyundai/santa_fe/1134031876-cae57629/,1549000,Тюмень,2011,,5,315000,3,Не требует ремонта,Оригинал,,"бензин, 2.4 AT (174 л.с.) 4WD",автоматическая,полный,Левый,Внедорожник 5 дв.,серый,https://avatars.avto.ru/get-autoru-vos/2106781/b2c81f6f24924b203f20ead4382ff3b0/1200x900,2026-09-22T05:53:19Z
Nissan,X-Trail,Nissan X-Trail III Рестайлинг,https://auto.ru/cars/used/sale/nissan/x_trail/1133528255-5795a517/,2759000,Тюмень,2020,,5,59900,1,Не требует ремонта,Дубликат,SE+ N-Design,"бензин, 2.0 CVT (144 л.с.) 4WD",вариатор,полный,Левый,Внедорожник 5 дв.,чёрный,https://avatars.avto.ru/get-autoru-vos/18148556/a2241e546b0d799e6f61a4d45c5dc39f/1200x900,2026-09-22T05:53:19Z
ТагАЗ,Tager,ТагАЗ Tager,https://auto.ru/cars/used/sale/tagaz/tager/1133775360-074ee7de/,499000,Тюмень,2008,,5,127000,1,Не требует ремонта,Дубликат,,"бензин, 2.3 MT (150 л.с.)",механическая,задний,Левый,Внедорожник 3 дв.,красный,https://avatars.avto.ru/get-autoru-vos/15049662/ef883871ef76e2140ee83d18df92b112/1200x900,2026-09-22T05:53:22Z
Daihatsu,Mira e:S,Daihatsu Mira e:S I Рестайлинг,https://auto.ru/cars/used/sale/daihatsu/mira_e_s/1133602832-eba890a3/,579000,Тюмень,2015,,4,113000,3,Не требует ремонта,Оригинал,,"бензин, 0.7 CVT (49 л.с.)",вариатор,передний,Правый,Хэтчбек 5 дв.,белый,https://avatars.avto.ru/get-autoru-vos/16483913/4f4ed0c84e7ba0f1df0364dbf01c22b4/1200x900,2026-09-22T05:53:22Z
Mercedes-Benz,Vito,Mercedes-Benz Vito 113 CDI L2 II (W639) Рестайлинг,https://auto.ru/cars/used/sale/mercedes/vito/1133841638-178bd63a/,2349000,Тюмень,2014,,6,388093,2,Не требует ремонта,Оригинал,,"дизель, 113 CDI L2 2.1d AT (136 л.с.)",автоматическая,задний,Левый,Минивэн L2,белый,https://avatars.avto.ru/get-autoru-vos/14916128/431858bc13d1f412f49beb34371a4746/1200x900,2026-09-22T05:53:22Z
Lada (ВАЗ),Vesta,Lada (ВАЗ) Vesta SW Cross I,https://auto.ru/cars/used/sale/vaz/vesta/1134022601-e1c7782e/,1499000,Тюмень,2021,,5,77501,2,Не требует ремонта,Оригинал,,"бензин, SW Cross 1.6 CVT (113 л.с.)",вариатор,передний,Левый,Универсал 5 дв. SW Cross,оранжевый,https://photo.auto.ru/photo/get-autoru-vos/21116822/IJZiyxVBDKQYN3__Mu_2xzHXrsfT4S-Kv8y6qfFS04IeafBgvFlGElrBgDaY3jY_PUmhjc8iEAPJxwUJxSEHiAj5Ln7TlwLmnWP4hOf4nrzi2rzl33HiFy_B5P4l-I0AnnwgZS99P1eNr1ad8XFDGYDr7URAwqviFLjfjq-KM1txRg/1200x900,2026-09-22T05:53:22Z
Lada (ВАЗ),Granta,Lada (ВАЗ) Granta I Рестайлинг,https://auto.ru/cars/used/sale/vaz/granta/1133374256-1d3c2273/,519000,Тюмень,2019,,5,322000,3,Не требует ремонта,Оригинал,Luxe,"бензин, 1.6 MT (87 л.с.)",механическая,передний,Левый,Седан,белый,https://avatars.avto.ru/get-autoru-vos/20134224/b45fd28822249281867378fa2dcf27f9/1200x900,2026-09-22T05:53:22Z
Suzuki,Solio,Suzuki Solio IV,https://auto.ru/cars/used/sale/suzuki/solio/1133827165-4f0e0534/,1329000,Тюмень,2021,,5,132542,1,Не требует ремонта,Оригинал,,"бензин, 1.2 CVT (91 л.с.)",вариатор,передний,Правый,Микровэн,серебристый,https://avatars.avto.ru/get-autoru-vos/19785726/f7321e151a24525e197f79d1a2cd5ce7/1200x900,2026-09-22T05:53:22Z
Kia,Magentis,Kia Magentis I Рестайлинг,https://auto.ru/cars/used/sale/kia/magentis/1133075186-e4cbd28d/,369000,Тюмень,2005,,5,140000,4,Не требует ремонта,Дубликат,,"бензин, 2.0 MT (136 л.с.)",механическая,передний,Левый,Седан,синий,https://avatars.avto.ru/get-autoru-vos/20055049/795884c1bc306ccc6d807b945ed8b903/1200x900,2026-09-22T05:53:22Z
Ford,Kuga,Ford Kuga II,https://auto.ru/cars/used/sale/ford/kuga/1133864863-1beb76f6/,1299000,Тюмень,2014,,5,165000,4,Не требует ремонта,Дубликат,,"бензин, 1.6 AT (150 л.с.)",автоматическая,передний,Левый,Внедорожник 5 дв.,чёрный,https://avatars.avto.ru/get-autoru-vos/18176076/5c21f72645cae9472a700fe633d28765/1200x900,2026-09-22T05:53:22Z
Mitsubishi,Outlander,Mitsubishi Outlander III Рестайлинг 3,https://auto.ru/cars/used/sale/mitsubishi/outlander/1133994779-6b9a6ced/,2289000,Тюмень,2020,,5,52000,1,Не требует ремонта,Оригинал,,"бензин, 2.0 CVT (146 л.с.)",вариатор,передний,Левый,Внедорожник 5 дв.,серый,https://avatars.avto.ru/get-autoru-vos/20410536/8c4e54046f671b0d713674f0d91781aa/1200x900,2026-09-22T05:53:22Z
Volkswagen,Tiguan,Volkswagen Tiguan II,https://auto.ru/cars/used/sale/volkswagen/tiguan/1134210304-d762b87d/,2159000,Тюмень,2019,,5,163269,3,Не требует ремонта,Оригинал,,"бензин, 1.4 AMT (150 л.с.)",робот,передний,Левый,Внедорожник 5 дв.,коричневый,https://photo.auto.ru/photo/get-autoru-vos/20785675/J769kxO5r2eXJntwQkDX3PqH2uT_PdRrPv-U0nyLLLP33gEsVwNzyNn__FTqCx9XmU13xGYLxhEHpsly0oy4fZq7MJK0tAXZ_buQ0BlzC0xe1_SnqASkME2CJu-FWmv1DQfJksXNRupHpt53Nyp4DUZNBFCeKNmV7PLYAfiRzKkqx_Q/1200x900,2026-09-22T05:53:22Z
Kia,Sportage,Kia Sportage IV,https://auto.ru/cars/used/sale/kia/sportage/1133957711-0e755e55/,1839000,Тюмень,2016,,5,115000,3,Не требует ремонта,Оригинал,,"бензин, 2.0 AT (150 л.с.) 4WD",автоматическая,полный,Левый,Внедорожник 5 дв.,синий,https://photo.auto.ru/photo/get-autoru-vos/2157719/G_sLH3FnrKeDXpRRA8OJp02i04bZYiVkQXmiNHYJejbINsfqFfwE7T1uKWS_2q3cn4hnhT6rOpf3INAP_iMGRX8a7G7hovVkHG0AcpAEKzrrQEt043QFt1EJyoKE2XyuwKVgOUt65SGzqw6FpffL8ZiCdZ43BNioG93-NH9Wb1PHnxM/1200x900,2026-09-22T05:53:22Z
Geely,Emgrand EC7,Geely Emgrand EC7,https://auto.ru/cars/used/sale/geely/emgrand_ec7/1133256177-0912600b/,479000,Тюмень,2013,,5,154000,4,Не требует ремонта,Оригинал,Luxury,"бензин, 1.8 CVT (126 л.с.)",вариатор,передний,Левый,Хэтчбек 5 дв.,белый,https://avatars.avto.ru/get-autoru-vos/20180167/e5816cf6727f94e6a4f84eecccff013a/1200x900,2026-09-22T05:53:22Z
Suzuki,Grand Vitara,Suzuki Grand Vitara II,https://auto.ru/cars/used/sale/suzuki/grand_vitara/1134019511-2c3a5335/,949000,Тюмень,2007,,5,245000,3,Не требует ремонта,Оригинал,,"бензин, 2.7 AT (185 л.с.) 4WD",автоматическая,полный,Левый,Внедорожник 5 дв.,чёрный,https://photo.auto.ru/photo/get-autoru-vos/2189734/FdH2WON0wh5r_UJIEKn0UbcIzVprMvkSFG-2Vudi2n0IV4uZfgZzt3eTYz2TU4pA9KpE4E4CsRP93QJ9mQLysn_4_x7pVCGgeQhR5VJQ01IjK6HjPWejXvqSd2Oibe0Em04amXsYvRB_bTfoIpJXU0scQct4G4dbtil73ozgVx7nWus/1200x900,2026-09-22T05:53:22Z
Ford,Mondeo,Ford Mondeo IV,https://auto.ru/cars/used/sale/ford/mondeo/1133669666-1a43b49d/,739000,Тюмень,2010,,5,174000,4,Не требует ремонта,Дубликат,,"бензин, 1.6 MT (125 л.с.)",механическая,передний,Левый,Седан,чёрный,https://avatars.avto.ru/get-autoru-vos/17981265/dc3b9b1dcea80945e756bfaf831cb0d3/1200x900,2026-09-22T05:53:22Z
Toyota,Highlander,Toyota Highlander III (XU50),https://auto.ru/cars/used/sale/toyota/highlander/1134127727-35657a5a/,2849000,Тюмень,2014,,7,247000,2,Не требует ремонта,Оригинал,,"бензин, 3.5 AT (249 л.с.) 4WD",автоматическая,полный,Левый,Внедорожник 5 дв.,белый,https://avatars.avto.ru/get-autoru-vos/20055049/2e4f4967d06d7ca5b4780fb3501f3c62/1200x900,2026-09-22T05:53:22Z
Hyundai,Solaris,Hyundai Solaris I Рестайлинг,https://auto.ru/cars/used/sale/hyundai/solaris/1133602834-ef495a8c/,1029000,Тюмень,2016,,5,178000,2,Не требует ремонта,Оригинал,Special Edition,"бензин, 1.6 MT (123 л.с.)",механическая,передний,Левый,Седан,синий,https://avatars.avto.ru/get-autoru-vos/19394128/0e2ae6320b93f0b6565cf117322559ac/1200x900,2026-09-22T05:53:22Z
Kaiyi,E5,Kaiyi E5,https://auto.ru/cars/used/sale/kaiyi/e5/1134217791-c3facc85/,1959000,Тюмень,2023,,5,7000,1,Не требует ремонта,Оригинал,,"бензин, 1.5 CVT (147 л.с.)",вариатор,передний,Левый,Седан,белый,https://avatars.avto.ru/get-autoru-vos/17668497/d5e80b2d9a169e4c0a95d589ed0c98b0/1200x900,2026-09-22T05:53:22Z
Nissan,Qashqai,Nissan Qashqai II,https://auto.ru/cars/used/sale/nissan/qashqai/1133727659-040a6719/,1359000,Тюмень,2014,,5,190000,2,Не требует ремонта,Оригинал,,"бензин, 2.0 CVT (144 л.с.) 4WD",вариатор,полный,Левый,Внедорожник 5 дв.,белый,https://avatars.avto.ru/get-autoru-vos/17709910/048a7a51f386365818ef24efb9b46e73/1200x900,2026-09-22T05:53:22Z
Toyota,Land Cruiser,Toyota Land Cruiser 200 Series,https://auto.ru/cars/used/sale/toyota/land_cruiser/1132927690-c93f50d6/,2999000,Тюмень,2010,,7,274000,4,Не требует ремонта,Оригинал,Люкс,"дизель, 4.5d AT (235 л.с.) 4WD",автоматическая,полный,Левый,Внедорожник 5 дв.,белый,https://avatars.avto.ru/get-autoru-vos/20140694/1993ab16ad0e2c91e0276aba044f7a6b/1200x900,2026-09-22T05:53:22Z
Kia,Sportage,Kia Sportage III,https://auto.ru/cars/used/sale/kia/sportage/1134210305-044d87be/,1419000,Тюмень,2013,,5,236000,2,Не требует ремонта,Оригинал,,"бензин, 2.0 AT (150 л.с.) 4WD",автоматическая,полный,Левый,Внедорожник 5 дв.,белый,https://photo.auto.ru/photo/get-autoru-vos/18105905/LT9aRpt2AvnMdy_bPuGIRVMGyWcbzBCGVueB4BbZ8xgqaYPUpZG-kWFcl_O12UYr3KpqNaP5EJTmUvxyzWi-ststPjJB52FXqIb0tVbZis2u82QkZoQmxy4dWiaz6JnFb6dgqS4cuyKHAbtWPfbV5JXqAip2Hzn8CSEGnHhiK-mY9A/1200x900,2026-09-22T05:53:22Z
Renault,Duster,Renault Duster II,https://auto.ru/cars/used/sale/renault/duster/1134185798-fa699d7e/,1529000,Тюмень,2021,,5,156000,1,Не требует ремонта,Оригинал,,"бензин, 1.6 MT (117 л.с.) 4WD",механическая,полный,Левый,Внедорожник 5 дв.,коричневый,https://avatars.avto.ru/get-autoru-vos/20849947/75fb372a68188721184fe0b21d456655/1200x900,2026-09-22T05:53:22Z
Honda,CR-V,Honda CR-V III Рестайлинг,https://auto.ru/cars/used/sale/honda/cr_v/1134008827-2cb9db3e/,1779000,Тюмень,2010,,5,125900,2,Не требует ремонта,Оригинал,,"бензин, 2.0 AT (150 л.с.) 4WD",автоматическая,полный,Левый,Внедорожник 5 дв.,чёрный,https://avatars.avto.ru/get-autoru-vos/17786981/179b031b4382ae573343cba5e0f06226/1200x900,2026-09-22T05:53:22Z
BMW,X5,BMW X5 30d II (E70) Рестайлинг,https://auto.ru/cars/used/sale/bmw/x5/1134083029-a5aa84fb/,2549000,Тюмень,2012,,5,267434,4,Не требует ремонта,Оригинал,,"дизель, 30d 3.0d AT (245 л.с.) 4WD",автоматическая,полный,Левый,Внедорожник 5 дв.,белый,https://avatars.avto.ru/get-autoru-vos/18106725/cdbc148e1bf77b8e99761682041f7cbc/1200x900,2026-09-22T05:53:22Z
Hyundai,Creta,Hyundai Creta I,https://auto.ru/cars/used/sale/hyundai/creta/1134155675-025989a2/,1879000,Тюмень,2018,,5,102278,1,Не требует ремонта,Оригинал,,"бензин, 1.6 AT (123 л.с.)",автоматическая,передний,Левый,Внедорожник 5 дв.,белый,https://avatars.avto.ru/get-autoru-vos/17833075/b6ca80267c5e0c97e8d34d1f002b0032/1200x900,2026-09-22T05:53:22Z
Skoda,Yeti,Skoda Yeti I,https://auto.ru/cars/used/sale/skoda/yeti/1134155672-0f537955/,729000,Тюмень,2013,,5,225117,4,Не требует ремонта,Дубликат,,"бензин, 1.2 AMT (105 л.с.)",робот,передний,Левый,Внедорожник 5 дв.,серебристый,https://avatars.avto.ru/get-autoru-vos/20997557/ef6c94f33f17c22f701e830624f07d7d/1200x900,2026-09-22T05:53:22Z
Hyundai,Elantra,Hyundai Elantra V (MD),https://auto.ru/cars/used/sale/hyundai/elantra/1133527813-29a4dd20/,839000,Тюмень,2012,,5,231000,3,Не требует ремонта,Оригинал,Base,"бензин, 1.6 MT (132 л.с.)",механическая,передний,Левый,Седан,серый,https://avatars.avto.ru/get-autoru-vos/17673331/f116e15d1179eac5f795a3bd7b1a79e4/1200x900,2026-09-22T05:53:22Z
Subaru,Forester,Subaru Forester II,https://auto.ru/cars/used/sale/subaru/forester/1134213317-eb63e31b/,999000,Тюмень,2002,,5,272000,4,Не требует ремонта,Оригинал,,"бензин, 2.0 AT (220 л.с.) 4WD",автоматическая,полный,Правый,Внедорожник 5 дв.,белый,https://avatars.avto.ru/get-autoru-vos/15688781/e339b26f46be4f5446f5a18b32b349fb/1200x900,2026-09-22T05:53:22Z
Toyota,Succeed,Toyota Succeed I Рестайлинг,https://auto.ru/cars/used/sale/toyota/succeed/1132916824-370effb6/,1429000,Тюмень,2018,,5,121000,1,Не требует ремонта,Оригинал,,"бензин, 1.5 CVT (103 л.с.) 4WD",вариатор,полный,Правый,Универсал 5 дв.,серебристый,https://avatars.avto.ru/get-autoru-vos/16409627/a6914442188023a8700ff6c70c0896c7/1200x900,2026-09-22T05:53:22Z
Chery,Tiggo 4 Pro,Chery Tiggo 4 Pro I,https://auto.ru/cars/used/sale/chery/tiggo_4_pro/1133409737-f30523a5/,1559000,Тюмень,2023,,5,79000,1,Не требует ремонта,Оригинал,Style,"бензин, 1.5 CVT (147 л.с.)",вариатор,передний,Левый,Внедорожник 5 дв.,серебристый,https://avatars.avto.ru/get-autoru-vos/20360782/a2604ebdbbb67a496da2c99a684bf792/1200x900,2026-09-22T05:53:22Z
Haval,Jolion,Haval Jolion I,https://auto.ru/cars/used/sale/haval/jolion/1134127724-020a8df5/,1679000,Тюмень,2021,,5,106789,3,Не требует ремонта,Оригинал,,"бензин, 1.5 AMT (150 л.с.) 4WD",робот,полный,Левый,Внедорожник 5 дв.,чёрный,https://avatars.avto.ru/get-autoru-vos/19873021/655eef713b00ccf57fba9cdbeb8fcd84/1200x900,2026-09-22T05:53:22Z
Renault,Duster,Renault Duster II,https://auto.ru/cars/used/sale/renault/duster/1132653597-1cfcf363/,1719000,Тюмень,2021,,5,128250,4,Не требует ремонта,Оригинал,Drive,"бензин, 1.3 CVT (150 л.с.) 4WD",вариатор,полный,Левый,Внедорожник 5 дв.,оранжевый,https://avatars.avto.ru/get-autoru-vos/20358835/7d5b49021ec71c99cae6691bc7f98258/1200x900,2026-09-22T05:53:22Z
Hyundai,Creta,Hyundai Creta I,https://auto.ru/cars/used/sale/hyundai/creta/1133950480-16daa21e/,1759000,Тюмень,2017,,5,140419,1,Не требует ремонта,Оригинал,,"бензин, 2.0 AT (150 л.с.) 4WD",автоматическая,полный,Левый,Внедорожник 5 дв.,белый,https://avatars.avto.ru/get-autoru-vos/2172360/0aadf7611caacc92bc62fe367677808c/1200x900,2026-09-22T05:53:22Z
Nissan,Teana,Nissan Teana II (J32) Рестайлинг,https://auto.ru/cars/used/sale/nissan/teana/1133374259-dd47d03a/,1219000,Тюмень,2011,,5,191000,4,Не требует ремонта,Дубликат,Luxury+,"бензин, 3.5 CVT (249 л.с.)",вариатор,передний,Левый,Седан,серебристый,https://avatars.avto.ru/get-autoru-vos/21058297/63c7ec8768594fc21d9072ca9a3abcb5/1200x900,2026-09-22T05:53:22Z
Lada (ВАЗ),Vesta,Lada (ВАЗ) Vesta I,https://auto.ru/cars/used/sale/vaz/vesta/1134217797-935b59e1/,919000,Тюмень,2017,,5,65000,2,Не требует ремонта,Оригинал,,"бензин, 1.6 MT (106 л.с.)",механическая,передний,Левый,Седан,красный,https://avatars.avto.ru/get-autoru-vos/21221080/0efa5fd3430881d162b3ac4bab1ae646/1200x900,2026-09-22T05:53:22Z
Nissan,Qashqai,Nissan Qashqai I,https://auto.ru/cars/used/sale/nissan/qashqai/1134210309-363583f0/,839000,Тюмень,2007,,5,238323,4,Не требует ремонта,Оригинал,,"бензин, 2.0 CVT (141 л.с.) 4WD",вариатор,полный,Левый,Внедорожник 5 дв.,красный,https://photo.auto.ru/photo/get-autoru-vos/18046040/0wDqdBCQCX13AfJynYKAR9sQOI90hLbrNQ9SUTv7CH_4MyVV1xoHknL6jwlgwUVGyOyvgzuzQ5TKnA8SffnKTRN0T9gKHFb6sRrMBFDQU2ZIY2AApXCleFxHOJa-VZmhZCOiloDWhyL2eLUpruI_iRNUBm1LSDMJGqpW4YEU5PIiSg/1200x900,2026-09-22T05:53:22Z
Renault,Logan,Renault Logan II,https://auto.ru/cars/used/sale/renault/logan/1134097267-5a7a3d6d/,679000,Тюмень,2017,,5,137000,2,Не требует ремонта,Оригинал,,"бензин, 1.6 MT (82 л.с.)",механическая,передний,Левый,Седан,белый,https://avatars.avto.ru/get-autoru-vos/18150448/f7a137d97293eba722517f379e014e13/1200x900,2026-09-22T05:53:22Z
Ford,Mondeo,Ford Mondeo IV Рестайлинг,https://auto.ru/cars/used/sale/ford/mondeo/1133609523-1f88bc5b/,739000,Тюмень,2012,,5,250100,4,Не требует ремонта,Дубликат,Titanium,"бензин, 2.0 AMT (240 л.с.)",робот,передний,Левый,Седан,коричневый,https://avatars.avto.ru/get-autoru-vos/16510904/efb5d2b689b0bbeae731be837e148862/1200x900,2026-09-22T05:53:22Z
Toyota,Corolla Rumion,Toyota Corolla Rumion,https://auto.ru/cars/used/sale/toyota/corolla_rumion/1133542170-2c67dce7/,1129000,Тюмень,2012,,5,84000,1,Не требует ремонта,Оригинал,,"бензин, 1.5 CVT (110 л.с.)",вариатор,передний,Правый,Универсал 5 дв.,белый,https://avatars.avto.ru/get-autoru-vos/16989297/2eb8e39394a936d8deb36bf60a910bd9/1200x900,2026-09-22T05:53:26Z
Toyota,Auris,Toyota Auris I,https://auto.ru/cars/used/sale/toyota/auris/1134127726-9ae8b2b0/,699000,Тюмень,2008,,5,220269,4,Не требует ремонта,Дубликат,,"бензин, 1.6 AMT (124 л.с.)",робот,передний,Левый,Хэтчбек 5 дв.,серебристый,https://avatars.avto.ru/get-autoru-vos/20784906/85df057bff2fd041c3b3d8dace461f59/1200x900,2026-09-22T05:53:26Z
Nissan,X-Trail,Nissan X-Trail III,https://auto.ru/cars/used/sale/nissan/x_trail/1134127730-6904fae7/,2149000,Тюмень,2017,,5,112000,3,Не требует ремонта,Дубликат,,"бензин, 2.0 CVT (144 л.с.) 4WD",вариатор,полный,Левый,Внедорожник 5 дв.,серый,https://avatars.avto.ru/get-autoru-vos/15587596/ff09cac710a45c1128fd60ea03c02c88/1200x900,2026-09-22T05:53:26Z
Toyota,Avensis,Toyota Avensis II,https://auto.ru/cars/used/sale/toyota/avensis/1132634907-13246c2b/,899000,Тюмень,2006,,5,245000,4,Не требует ремонта,Оригинал,,"бензин, 2.0 AT (147 л.с.)",автоматическая,передний,Левый,Седан,коричневый,https://photo.auto.ru/photo/get-autoru-vos/18148556/RgrY4Sz16xv6ihpP4kFRy1DqL1i-SRuGKLUHQK66hH2EadujGi9LytXgBZfS1VtV66pNQrV8K58IOOuQ1ncK3EC3u86HP5obPHH75BA8SmHUZ2T_C6K_fpnYc7DWexNq0n9a4lNEoNLhMu2RovFNgBLp11Y2g9YdWCBx0tKyZmXhPYM/1200x900,2026-09-22T05:53:26Z
Citroen,C4,Citroen C4 II,https://auto.ru/cars/used/sale/citroen/c4/1131662116-0943b389/,549000,Тюмень,2012,,5,200000,4,Не требует ремонта,Дубликат,Collection,"бензин, 1.6 AT (120 л.с.)",автоматическая,передний,Левый,Хэтчбек 5 дв.,серебристый,https://avatars.avto.ru/get-autoru-vos/18046040/52b7994c573017f0d402994f49ade9ab/1200x900,2026-09-22T05:53:26Z
Volvo,XC90,Volvo XC90 II,https://auto.ru/cars/used/sale/volvo/xc90/1134031312-1b3798c4/,3149000,Тюмень,2016,,4,307000,3,Не требует ремонта,Оригинал,,"дизель, 2.0d AT (235 л.с.) 4WD",автоматическая,полный,Левый,Внедорожник 5 дв.,синий,https://avatars.avto.ru/get-autoru-vos/6147753/6f7738e625e51306a2cd27d7dad08898/1200x900,2026-09-22T05:53:26Z
Chevrolet,Cruze,Chevrolet Cruze I,https://auto.ru/cars/used/sale/chevrolet/cruze/1134031311-a6b39ffa/,699000,Тюмень,2012,,5,329596,1,Не требует ремонта,Оригинал,,"бензин, 1.6 MT (109 л.с.)",механическая,передний,Левый,Седан,белый,https://photo.auto.ru/photo/get-autoru-vos/20849947/uiUfmL-UXoYRWvTRGqsBIXqN6BNILJb9q1P4c0gD_aTUmic9YrBtvSEGdq5Ed9FhqVTAMtamv81jZlQBKrRaaIaYU2roUpQVs53JBH89HgmICvPJJKN6rvXw4ny2nCTn3tvgszOHnqEVFpFA5jSebZ0cxyDqpV0UnljIuD20TgyXu0k/1200x900,2026-09-22T05:53:26Z
Nissan,X-Trail,Nissan X-Trail III,https://auto.ru/cars/used/sale/nissan/x_trail/1134083031-260eaef6/,2289000,Тюмень,2019,,5,99000,1,Не требует ремонта,Оригинал,,"бензин, 2.0 CVT (144 л.с.)",вариатор,передний,Левый,Внедорожник 5 дв.,серебристый,https://avatars.avto.ru/get-autoru-vos/20369579/a1c8ea2b0e4d66ea7d488e586faef132/1200x900,2026-09-22T05:53:26Z
Nissan,Almera Classic,Nissan Almera Classic I,https://auto.ru/cars/used/sale/nissan/almera_classic/1132407804-55ca7f90/,449000,Тюмень,2007,,5,187713,1,Не требует ремонта,Оригинал,,"бензин, 1.6 MT (107 л.с.)",механическая,передний,Левый,Седан,золотистый,https://photo.auto.ru/photo/get-autoru-vos/16405070/nvohbBA-ud466nqexd-5u4aVWnOb6neY9OSCDYxQxF6Tny4NRWonMpxllxL3TncXBnXU9iaSUukTLLeop_Yy3-bn11b4L_ZTz1bYAGKLUFN8G8jTFe4jQgQ-ETMcRE8yV981yfza9u0SU7jePQrih8JY7dag6LiOMDopxgPqyh-AAl4/1200x900,2026-09-22T05:53:26Z
Nissan,Teana,Nissan Teana II (J32),https://auto.ru/cars/used/sale/nissan/teana/1133908218-80b2ecae/,1099000,Тюмень,2008,,5,297878,4,Не требует ремонта,Дубликат,,"бензин, 2.5 CVT (182 л.с.)",вариатор,передний,Левый,Седан,чёрный,https://avatars.avto.ru/get-autoru-vos/18621059/c31609893beffb9765d6bd009e2e2653/1200x900,2026-09-22T05:53:26Z
Honda,Civic,Honda Civic VIII Рестайлинг,https://auto.ru/cars/used/sale/honda/civic/1133740792-c4ebf7a8/,759000,Тюмень,2010,,5,258400,4,Не требует ремонта,Дубликат,,"бензин, 1.8 MT (140 л.с.)",механическая,передний,Левый,Седан,белый,https://avatars.avto.ru/get-autoru-vos/20439065/0440dab3d1b9d25e6b4b67229fa89f74/1200x900,2026-09-22T05:53:26Z
Hyundai,ix35,Hyundai ix35 I Рестайлинг,https://auto.ru/cars/used/sale/hyundai/ix35/1134230496-6fcf64b4/,1399000,Тюмень,2014,,5,156062,4,Не требует ремонта,Оригинал,,"бензин, 2.0 AT (150 л.с.) 4WD",автоматическая,полный,Левый,Внедорожник 5 дв.,серебристый,https://avatars.avto.ru/get-autoru-vos/18046040/00d5d7d91eee496c184799ee52fd8b1e/1200x900,2026-09-22T05:53:26Z
Volvo,V40 Cross Country,Volvo V40 Cross Country I,https://auto.ru/cars/used/sale/volvo/v40_cc/1132785972-ffed7517/,1019000,Тюмень,2014,,5,240000,4,Не требует ремонта,Дубликат,,"дизель, 1.6d AMT (115 л.с.)",робот,передний,Левый,Хэтчбек 5 дв.,чёрный,https://avatars.avto.ru/get-autoru-vos/18104669/5bbbe30a5e5b0159fa93a944ea37a5f0/1200x900,2026-09-22T05:53:26Z
Toyota,Avensis,Toyota Avensis II,https://auto.ru/cars/used/sale/toyota/avensis/1133841642-4a7cbbfd/,819000,Тюмень,2006,,5,335000,4,Не требует ремонта,Дубликат,,"бензин, 2.0 AT (147 л.с.)",автоматическая,передний,Левый,Седан,серый,https://avatars.avto.ru/get-autoru-vos/15628906/dbd822c94b171d1bdb7371c4793ebced/1200x900,2026-09-22T05:53:26Z
Suzuki,SX4,Suzuki SX4 I (Classic) Рестайлинг,https://auto.ru/cars/used/sale/suzuki/sx4/1132286912-99bf6432/,739000,Тюмень,2010,,5,229000,3,Не требует ремонта,Оригинал,,"бензин, 1.6 MT (112 л.с.)",механическая,передний,Левый,Седан,серый,https://avatars.avto.ru/get-autoru-vos/15584432/61d62db3b924a34eb12f1a292a8481bb/1200x900,2026-09-22T05:53:26Z
Chevrolet,Niva,Chevrolet Niva I,https://auto.ru/cars/used/sale/chevrolet/niva/1133593817-a2e094a6/,399000,Тюмень,2005,,5,113000,1,Не требует ремонта,Оригинал,GLC,"бензин, 1.7 MT (80 л.с.) 4WD",механическая,полный,Левый,Внедорожник 5 дв.,синий,https://avatars.avto.ru/get-autoru-vos/19792100/03563b0afd1ab6aa36226ce31187037f/1200x900,2026-09-22T05:53:26Z
Kia,Sportage,Kia Sportage IV Рестайлинг,https://auto.ru/cars/used/sale/kia/sportage/1132413694-6d9fa123/,2399000,Тюмень,2021,,5,66225,2,Не требует ремонта,Оригинал,Comfort,"бензин, 2.0 AT (150 л.с.)",автоматическая,передний,Левый,Внедорожник 5 дв.,серебристый,https://avatars.avto.ru/get-autoru-vos/20335149/8da544561517dc36a4dc6f12fa5954df/1200x900,2026-09-22T05:53:26Z
Changan,Eado Plus,Changan Eado Plus I,https://auto.ru/cars/used/sale/changan/eado_plus/1133775843-e6e7afde/,1579000,Тюмень,2023,,5,15500,1,Не требует ремонта,Оригинал,,"бензин, 1.4 AMT (155 л.с.)",робот,передний,Левый,Седан,белый,https://avatars.avto.ru/get-autoru-vos/2103467/649a11e7b5e6c5e729b170f2dba3e6d6/1200x900,2026-09-22T05:53:26Z
Honda,Accord,Honda Accord VII Рестайлинг,https://auto.ru/cars/used/sale/honda/accord/1133841641-eb24348b/,1039000,Тюмень,2007,,5,261000,4,Не требует ремонта,Дубликат,,"бензин, 2.4 MT (190 л.с.)",механическая,передний,Левый,Седан,чёрный,https://avatars.avto.ru/get-autoru-vos/17690098/49f0b5d07c141a5c657f984c4d643d99/1200x900,2026-09-22T05:53:26Z
Hyundai,Sonata,Hyundai Sonata VI (YF),https://auto.ru/cars/used/sale/hyundai/sonata/1133951558-c384f9ce/,1159000,Тюмень,2012,,5,238000,4,Не требует ремонта,Дубликат,,"бензин, 2.0 AT (150 л.с.)",автоматическая,передний,Левый,Седан,серебристый,https://avatars.avto.ru/get-autoru-vos/20104625/dbb3861db0a04fa95f8c27648a227ca0/1200x900,2026-09-22T05:53:26Z
Hyundai,Santa Fe,Hyundai Santa Fe I,https://auto.ru/cars/used/sale/hyundai/santa_fe/1133409736-4f12c1ec/,559000,Тюмень,2004,,5,199122,4,Не требует ремонта,Дубликат,,"бензин, 2.4 AT (138 л.с.)",автоматическая,передний,Левый,Внедорожник 5 дв.,серый,https://avatars.avto.ru/get-autoru-vos/20439065/ce300cddf1dba272cf116f28515edcaf/1200x900,2026-09-22T05:53:26Z
Lada (ВАЗ),Granta,Lada (ВАЗ) Granta I Рестайлинг,https://auto.ru/cars/used/sale/vaz/granta/1134019514-a1c75640/,889000,Тюмень,2026,,5,851,1,Не требует ремонта,Оригинал,,"бензин, 1.6 MT (90 л.с.)",механическая,передний,Левый,Седан,белый,https://avatars.avto.ru/get-autoru-vos/19936221/0e0071b81177645f04c20c9b890c22fa/1200x900,2026-09-22T05:53:26Z
Mitsubishi,L200,Mitsubishi L200 V Рестайлинг,https://auto.ru/cars/used/sale/mitsubishi/l200/1133521146-fe139409/,2449000,Тюмень,2022,,5,335000,1,Не требует ремонта,Оригинал,GL,"дизель, 2.4d MT (181 л.с.) 4WD",механическая,полный,Левый,Пикап Двойная кабина,белый,https://avatars.avto.ru/get-autoru-vos/18986119/644329afa42b4a154a5c7ae3071f3de0/1200x900,2026-09-22T05:53:26Z
Toyota,Camry,Toyota Camry VII (XV50),https://auto.ru/cars/used/sale/toyota/camry/1133827166-a119fb33/,1879000,Тюмень,2014,,5,234000,2,Не требует ремонта,Оригинал,,"бензин, 2.5 AT (181 л.с.)",автоматическая,передний,Левый,Седан,чёрный,https://avatars.avto.ru/get-autoru-vos/18861955/29be52034e619ae3a0bc7ee61dc7e2f1/1200x900,2026-09-22T05:53:26Z
Toyota,Corolla,"Toyota Corolla XI (E160, E170, E180)",https://auto.ru/cars/used/sale/toyota/corolla/1133740793-81f80801/,1229000,Тюмень,2013,,5,150000,3,Не требует ремонта,Оригинал,,"бензин, 1.6 CVT (122 л.с.)",вариатор,передний,Левый,Седан,чёрный,https://avatars.avto.ru/get-autoru-vos/5487819/55034999e8d715670a8120fed8ba75a8/1200x900,2026-09-22T05:53:26Z
Chevrolet,Cruze,Chevrolet Cruze I Рестайлинг,https://auto.ru/cars/used/sale/chevrolet/cruze/1134031875-08a421fd/,959000,Тюмень,2013,,5,193800,3,Не требует ремонта,Оригинал,,"бензин, 1.8 MT (141 л.с.)",механическая,передний,Левый,Седан,серебристый,https://avatars.avto.ru/get-autoru-vos/18185687/889a59ad0531eb8a3a89a1049a3f5f2d/1200x900,2026-09-22T05:53:26Z
Honda,Freed,Honda Freed I,https://auto.ru/cars/used/sale/honda/freed/1134031874-6f09786e/,1249000,Тюмень,2011,,5,160000,2,Не требует ремонта,Оригинал,,"бензин, 1.5 CVT (118 л.с.)",вариатор,передний,Правый,Компактвэн,серебристый,https://avatars.avto.ru/get-autoru-vos/2176986/76ce26facf18becbe064192eec656c7f/1200x900,2026-09-22T05:53:26Z
Ford,Focus,Ford Focus III Рестайлинг,https://auto.ru/cars/used/sale/ford/focus/1134185800-2528631e/,1379000,Тюмень,2018,,5,154000,3,Не требует ремонта,Дубликат,,"бензин, 1.6 AMT (125 л.с.)",робот,передний,Левый,Хэтчбек 5 дв.,белый,https://photo.auto.ru/photo/get-autoru-vos/20849947/uZliVwtBRRNW8qgdKUv54HrNipDTUPCxNBJNLjHR9_YxxmqbaEpZlFynKZTsZZ3vPcf69FVePsTKrupuwnuP09V8U5klgMaxNT7aCmlWCT1F_v1OmTh0-JbX_r0KJSpo-GVANwv8egvcMHlblvcM-VK2rzEUmFgFFooZWGcXfU0X0uE/1200x900,2026-09-22T05:53:26Z
Kia,Optima,Kia Optima IV,https://auto.ru/cars/used/sale/kia/optima/1134217796-edee93e0/,2039000,Тюмень,2017,,5,127411,4,Не требует ремонта,Дубликат,,"бензин, 2.4 AT (188 л.с.)",автоматическая,передний,Левый,Седан,белый,https://avatars.avto.ru/get-autoru-vos/20346480/b53df139366119a4c6a51a3b14b46507/1200x900,2026-09-22T05:53:26Z
Chevrolet,Cruze,Chevrolet Cruze I,https://auto.ru/cars/used/sale/chevrolet/cruze/1132798849-47d6fe1f/,679000,Тюмень,2012,,5,205000,2,Не требует ремонта,Дубликат,Base,"бензин, 1.6 MT (109 л.с.)",механическая,передний,Левый,Хэтчбек 5 дв.,чёрный,https://avatars.avto.ru/get-autoru-vos/20016218/016e3be6f5514765232ae3a6ade0a034/1200x900,2026-09-22T05:53:26Z
Toyota,Camry,Toyota Camry VII (XV50),https://auto.ru/cars/used/sale/toyota/camry/1134230490-3bc38800/,1779000,Тюмень,2012,,5,231000,4,Не требует ремонта,Дубликат,,"бензин, 2.5 AT (181 л.с.)",автоматическая,передний,Левый,Седан,белый,https://avatars.avto.ru/get-autoru-vos/20556383/9bc00b9b20ed0c5d235e83c2b4224d37/1200x900,2026-09-22T05:53:26Z
Lada (ВАЗ),Kalina,Lada (ВАЗ) Kalina II,https://auto.ru/cars/used/sale/vaz/kalina/1133091628-44a944d9/,549000,Тюмень,2016,,5,50400,3,Не требует ремонта,Оригинал,Comfort Optima Glonass 21927-51-23H,"бензин, 1.6 MT (106 л.с.)",механическая,передний,Левый,Хэтчбек 5 дв.,коричневый,https://avatars.avto.ru/get-autoru-vos/20191207/1096c61c6c5f563c4c57b4d7ca37dd7a/1200x900,2026-09-22T05:53:26Z
Skoda,Yeti,Skoda Yeti I,https://auto.ru/cars/used/sale/skoda/yeti/1132815385-71bebc03/,849000,Тюмень,2012,,5,222000,4,Не требует ремонта,Дубликат,Active,"бензин, 1.2 MT (105 л.с.)",механическая,передний,Левый,Внедорожник 5 дв.,серый,https://avatars.avto.ru/get-autoru-vos/20331633/1e0dfaa9fd1a6ee8bef0b525789e9b1e/1200x900,2026-09-22T05:53:26Z
Mazda,6,Mazda 6 III (GJ),https://auto.ru/cars/used/sale/mazda/6/1133527814-b4c03135/,1229000,Тюмень,2013,,5,300000,4,Не требует ремонта,Дубликат,Active,"бензин, 2.0 AT (150 л.с.)",автоматическая,передний,Левый,Седан,белый,https://avatars.avto.ru/get-autoru-vos/17791070/86df87d9ae29db2a536620c98bf15077/1200x900,2026-09-22T05:53:26Z
Mazda,CX-5,Mazda CX-5 I,https://auto.ru/cars/used/sale/mazda/cx_5/1131694002-9b7f089c/,1899000,Тюмень,2013,,5,208575,3,Не требует ремонта,Дубликат,Active+,"бензин, 2.5 AT (192 л.с.) 4WD",автоматическая,полный,Левый,Внедорожник 5 дв.,чёрный,https://photo.auto.ru/photo/get-autoru-vos/16995928/YxzX7BrHD2_j8TIqvL2GiGd-W3__Wnl5-9C-FZKmWL3DF8_gzhq7iBHslMVtP3sxnGkhuHOfLx3HDjLk143TnFv2plGSECHcwy_agNkmzfV5Iw2mLdC9bTVJGHlyaWdXjLw1zeVH1rK_89ObUJ-m8mw70BcfYCsmhcuZZdJJwhg2ObY/1200x900,2026-09-22T05:53:26Z
Fiat,500,Fiat 500 II,https://auto.ru/cars/used/sale/fiat/500/1133327140-8d8ffe8c/,749000,Тюмень,2012,,4,96893,4,Не требует ремонта,Дубликат,Pop,"бензин, 1.2 AMT (69 л.с.)",робот,передний,Левый,Хэтчбек 3 дв.,серый,https://avatars.avto.ru/get-autoru-vos/20331633/105799e3b184651ca8b0aaa8aa2b976d/1200x900,2026-09-22T05:53:26Z
Opel,Astra,Opel Astra H Рестайлинг,https://auto.ru/cars/used/sale/opel/astra/1134185799-f3914f5d/,559000,Тюмень,2008,,5,201800,4,Не требует ремонта,Дубликат,,"бензин, 1.6 MT (115 л.с.)",механическая,передний,Левый,Седан,золотистый,https://avatars.avto.ru/get-autoru-vos/20369579/00d29281e75c11a390d78a0cd547cb96/1200x900,2026-09-22T05:53:26Z
Lada (ВАЗ),Niva Legend,Lada (ВАЗ) Niva Legend I,https://auto.ru/cars/used/sale/vaz/niva_legend/1134210312-2b1d9bdd/,1099000,Тюмень,2023,,4,8929,1,Не требует ремонта,Оригинал,,"бензин, 1.7 MT (83 л.с.) 4WD",механическая,полный,Левый,Внедорожник 3 дв.,чёрный,https://avatars.avto.ru/get-autoru-vos/17660749/3b4c3bb2672b131303608918f04f7ea7/1200x900,2026-09-22T05:53:29Z
Chevrolet,Aveo,Chevrolet Aveo I Рестайлинг,https://auto.ru/cars/used/sale/chevrolet/aveo/1133352567-127ab0a8/,329000,Тюмень,2008,,5,233000,4,Не требует ремонта,Оригинал,Base high,"бензин, 1.2 MT (84 л.с.)",механическая,передний,Левый,Седан,серый,https://avatars.avto.ru/get-autoru-vos/16467568/7bed23aa6d0ea9ff41a97507fc5fdf8a/1200x900,2026-09-22T05:53:29Z
Hyundai,Solaris,Hyundai Solaris I Рестайлинг,https://auto.ru/cars/used/sale/hyundai/solaris/1134138613-ac049a42/,799000,Тюмень,2015,,5,209000,4,Не требует ремонта,Дубликат,,"бензин, 1.4 MT (107 л.с.)",механическая,передний,Левый,Седан,белый,https://avatars.avto.ru/get-autoru-vos/20102415/c0b9b86ce3da34a676d98dd4bcef3610/1200x900,2026-09-22T05:53:29Z
Honda,Civic,Honda Civic VIII,https://auto.ru/cars/used/sale/honda/civic/1133542172-b21032e0/,599000,Тюмень,2006,,5,351000,4,Не требует ремонта,Дубликат,Comfort,"бензин, 1.8 MT (140 л.с.)",механическая,передний,Левый,Седан,чёрный,https://avatars.avto.ru/get-autoru-vos/17673331/c81141baff4d56b023957e11995c91ed/1200x900,2026-09-22T05:53:29Z
Honda,Civic,Honda Civic IX,https://auto.ru/cars/used/sale/honda/civic/1133948840-b97ea91e/,1089000,Тюмень,2013,,5,230000,2,Не требует ремонта,Оригинал,,"бензин, 1.8 AT (142 л.с.)",автоматическая,передний,Левый,Седан,чёрный,https://avatars.avto.ru/get-autoru-vos/20180167/69ed3a145c58d49cabe718054b07fdd8/1200x900,2026-09-22T05:53:29Z
Mazda,6,Mazda 6 II (GH) Рестайлинг,https://auto.ru/cars/used/sale/mazda/6/1134022602-4a9ed773/,1249000,Тюмень,2011,,5,245000,4,Не требует ремонта,Дубликат,,"бензин, 2.0 AT (147 л.с.)",автоматическая,передний,Левый,Седан,белый,https://photo.auto.ru/photo/get-autoru-vos/4012354/29FBjDlTT83Hz-TrrXEGyweXBSKCTsnWe1RKRteQOWhh9uY6MTT1D0x6fMcu5XMZepWdawFQpFQ5qW5VpQrr1VKNHjqXX-P_PoFjIB_e-K8OOTd0O7C5QmiB7LEZXsGZX0UXvZBRdl7rLyN-47gpRNZyTRrjh2QxPcEZm-pvuaFKsLA/1200x900,2026-09-22T05:53:29Z
Toyota,Ist,Toyota Ist I,https://auto.ru/cars/used/sale/toyota/ist/1134185793-e3fcfb94/,619000,Тюмень,2002,,5,110000,4,Не требует ремонта,Дубликат,,"бензин, 1.3 AT (87 л.с.)",автоматическая,передний,Правый,Хэтчбек 5 дв.,серый,https://avatars.avto.ru/get-autoru-vos/17755365/bfdc86df41f4e4b1100ea12dd89c7079/1200x900,2026-09-22T05:53:29Z
Lada (ВАЗ),Vesta,Lada (ВАЗ) Vesta SW I,https://auto.ru/cars/used/sale/vaz/vesta/1132319549-aa6a44f4/,849000,Тюмень,2018,,5,146564,4,Не требует ремонта,Дубликат,Luxe Multimedia,"бензин, SW 1.8 MT (122 л.с.)",механическая,передний,Левый,Универсал 5 дв. SW,серый,https://avatars.avto.ru/get-autoru-vos/17714294/fbc05bbf7769e7a8b47d5c43c6d09d57/1200x900,2026-09-22T05:53:29Z
Mitsubishi,Lancer,Mitsubishi Lancer X Рестайлинг,https://auto.ru/cars/used/sale/mitsubishi/lancer/1133702815-d0505eae/,949000,Тюмень,2011,,5,141000,1,Не требует ремонта,Оригинал,,"бензин, 1.5 MT (109 л.с.)",механическая,передний,Левый,Седан,чёрный,https://avatars.avto.ru/get-autoru-vos/20446679/9cf6a21e6a7ccecf2bda816751ba8541/1200x900,2026-09-22T05:53:29Z
Kia,Rio,Kia Rio 4-speed III,https://auto.ru/cars/used/sale/kia/rio/1134031314-30ec8428/,1049000,Тюмень,2014,,5,135171,3,Не требует ремонта,Дубликат,,"бензин, 4-speed 1.6 AT (123 л.с.)",автоматическая,передний,Левый,Седан,белый,https://avatars.avto.ru/get-autoru-vos/2159858/3e072e83d92244c61c8b9382b492b6bd/1200x900,2026-09-22T05:53:29Z
Ford,Focus,Ford Focus II Рестайлинг,https://auto.ru/cars/used/sale/ford/focus/1133018083-45e94894/,659000,Тюмень,2011,,5,572192,3,Не требует ремонта,Оригинал,Comfort,"бензин, 1.6 MT (100 л.с.)",механическая,передний,Левый,Седан,чёрный,https://avatars.avto.ru/get-autoru-vos/20849947/51449e654a0fcd7468b9e86e6cd803d0/1200x900,2026-09-22T05:53:29Z
Ford,Fiesta,Ford Fiesta Mk6 Рестайлинг,https://auto.ru/cars/used/sale/ford/fiesta/1133593822-bc4351de/,819000,Тюмень,2015,,5,166000,4,Не требует ремонта,Дубликат,Trend,"бензин, 1.6 AMT (105 л.с.)",робот,передний,Левый,Седан,оранжевый,https://avatars.avto.ru/get-autoru-vos/20761562/9dff8fc322f6cd674661b6a1395779cf/1200x900,2026-09-22T05:53:29Z
Honda,Civic,Honda Civic VIII,https://auto.ru/cars/used/sale/honda/civic/1131606225-85e3eff9/,649000,Тюмень,2008,,5,210000,4,Не требует ремонта,Оригинал,Executive,"бензин, 1.8 AMT (140 л.с.)",робот,передний,Левый,Хэтчбек 5 дв.,серый,https://avatars.avto.ru/get-autoru-vos/17915300/1554fe211f47082c83cc859f4d737928/1200x900,2026-09-22T05:53:29Z
Peugeot,307,Peugeot 307 I Рестайлинг,https://auto.ru/cars/used/sale/peugeot/307/1132611089-2baf21d5/,369000,Тюмень,2007,,5,275000,4,Не требует ремонта,Дубликат,Oxygo,"бензин, 2.0 AT (140 л.с.)",автоматическая,передний,Левый,Хэтчбек 5 дв.,синий,https://avatars.avto.ru/get-autoru-vos/18557545/96a495d8f13070e4186c4e422d466b78/1200x900,2026-09-22T05:53:29Z
Mazda,3,Mazda 3 I (BK) Рестайлинг,https://auto.ru/cars/used/sale/mazda/3/1133881348-e7e8f18e/,749000,Тюмень,2006,,5,176591,4,Не требует ремонта,Дубликат,,"бензин, 1.6 MT (105 л.с.)",механическая,передний,Левый,Седан,синий,https://avatars.avto.ru/get-autoru-vos/5301654/8e1058786116879cad2b755f620717f5/1200x900,2026-09-22T05:53:29Z
Ford,Focus,Ford Focus II Рестайлинг,https://auto.ru/cars/used/sale/ford/focus/1133194954-0f491224/,449000,Тюмень,2008,,5,307000,4,Не требует ремонта,Дубликат,Comfort,"бензин, 1.6 MT (115 л.с.)",механическая,передний,Левый,Хэтчбек 5 дв.,серый,https://avatars.avto.ru/get-autoru-vos/20200701/2d142dfaec085e1e716d839e85ca5064/1200x900,2026-09-22T05:53:29Z
Kia,Rio,Kia Rio X IV Рестайлинг,https://auto.ru/cars/used/sale/kia/rio/1134068291-41fcc508/,1829000,Тюмень,2021,,5,123100,2,Не требует ремонта,Оригинал,,"бензин, X 1.6 AT (123 л.с.)",автоматическая,передний,Левый,Хэтчбек 5 дв. X,серебристый,https://avatars.avto.ru/get-autoru-vos/15268379/ba479bb9a3f4f4fa7e8eed2b7d6c4772/1200x900,2026-09-22T05:53:29Z
Subaru,Impreza,Subaru Impreza III,https://auto.ru/cars/used/sale/subaru/impreza/1133427134-ca8892a0/,759000,Тюмень,2007,,5,168300,3,Не требует ремонта,Оригинал,2.0R,"бензин, 2.0 MT (150 л.с.) 4WD",механическая,полный,Левый,Хэтчбек 5 дв.,чёрный,https://avatars.avto.ru/get-autoru-vos/20134224/967ea3b032b9de7bf024fc232c80a0b8/1200x900,2026-09-22T05:53:29Z
Mazda,3,Mazda 3 IV (BP),https://auto.ru/cars/used/sale/mazda/3/1134166054-10bf6bb4/,2249000,Тюмень,2021,,5,92500,1,Не требует ремонта,Оригинал,,"дизель, 1.8d AT (130 л.с.)",автоматическая,передний,Правый,Хэтчбек 5 дв.,серебристый,https://avatars.avto.ru/get-autoru-vos/20181844/4b905a2270515799dc4ee18bbaa95991/1200x900,2026-09-22T05:53:29Z
Toyota,Camry,Toyota Camry VII (XV50),https://auto.ru/cars/used/sale/toyota/camry/1134230493-f9d089d0/,1399000,Тюмень,2012,,5,260000,4,Не требует ремонта,Дубликат,,"бензин, 2.0 AT (148 л.с.)",автоматическая,передний,Левый,Седан,белый,https://avatars.avto.ru/get-autoru-vos/20740510/c4dbc37d39526e52a776e9f6b9e84bad/1200x900,2026-09-22T05:53:29Z
Peugeot,107,Peugeot 107 I Рестайлинг,https://auto.ru/cars/used/sale/peugeot/107/1133854828-c96e9443/,599000,Тюмень,2010,,4,92829,2,Не требует ремонта,Оригинал,,"бензин, 1.0 AMT (68 л.с.)",робот,передний,Левый,Хэтчбек 3 дв.,красный,https://avatars.avto.ru/get-autoru-vos/5987025/dd076ca810df2306a3d0c0bddffae6ae/1200x900,2026-09-22T05:53:29Z
Volkswagen,Polo,Volkswagen Polo V,https://auto.ru/cars/used/sale/volkswagen/polo/1132611088-22a39968/,699000,Тюмень,2011,,5,248000,4,Не требует ремонта,Дубликат,CLUB,"бензин, 1.6 MT (105 л.с.)",механическая,передний,Левый,Седан,чёрный,https://avatars.avto.ru/get-autoru-vos/17668497/351728452c8cad1279d9ccd7f6e0c735/1200x900,2026-09-22T05:53:29Z
Kia,Rio,Kia Rio III Рестайлинг,https://auto.ru/cars/used/sale/kia/rio/1130641121-b19f247a/,969000,Тюмень,2016,,5,184600,3,Не требует ремонта,Дубликат,Comfort Аудио,"бензин, 1.4 AT (107 л.с.)",автоматическая,передний,Левый,Седан,красный,https://avatars.avto.ru/get-autoru-vos/3939611/d192848306e56066f68482e995d097f7/1200x900,2026-09-22T05:53:29Z
Toyota,Camry,Toyota Camry VI (XV40),https://auto.ru/cars/used/sale/toyota/camry/1134159023-c5e3f8ae/,1129000,Тюмень,2006,,5,295000,4,Не требует ремонта,Дубликат,,"бензин, 2.4 AT (167 л.с.)",автоматическая,передний,Левый,Седан,чёрный,https://avatars.avto.ru/get-autoru-vos/18006848/3035f9509efa4a51432e50936c4daf8e/1200x900,2026-09-22T05:53:29Z
Chevrolet,Niva,Chevrolet Niva I Рестайлинг,https://auto.ru/cars/used/sale/chevrolet/niva/1133944434-92dcc2fc/,799000,Тюмень,2017,,5,91000,1,Не требует ремонта,Оригинал,,"бензин, 1.7 MT (80 л.с.) 4WD",механическая,полный,Левый,Внедорожник 5 дв.,коричневый,https://avatars.avto.ru/get-autoru-vos/20894132/03461708edb0a88f781885be4b6422b6/1200x900,2026-09-22T05:53:29Z
Toyota,Avensis,Toyota Avensis II Рестайлинг,https://auto.ru/cars/used/sale/toyota/avensis/1134068292-53efc804/,949000,Тюмень,2008,,5,322000,4,Не требует ремонта,Оригинал,,"бензин, 1.8 MT (129 л.с.)",механическая,передний,Левый,Седан,серебристый,https://avatars.avto.ru/get-autoru-vos/20346480/da34e7828b68e7aafacccc9494fe6416/1200x900,2026-09-22T05:53:29Z
Smart,Fortwo,Smart Fortwo City-Coupe I,https://auto.ru/cars/used/sale/smart/fortwo/1132916823-615489cc/,359000,Тюмень,1999,,2,147000,1,Не требует ремонта,Дубликат,,"бензин, City-Coupe 0.6 AMT (55 л.с.)",робот,задний,Левый,Хэтчбек 3 дв.,голубой,https://avatars.avto.ru/get-autoru-vos/20606978/b06625be2ecc23e55371eb091c255bed/1200x900,2026-09-22T05:53:29Z
BMW,5 серии,BMW 5 серии 523i VI (F10/F11/F07),https://auto.ru/cars/used/sale/bmw/5er/1133753671-15dc338a/,1779000,Тюмень,2010,,5,149300,3,Не требует ремонта,Оригинал,,"бензин, 523i 2.5 AT (204 л.с.)",автоматическая,задний,Левый,Седан,белый,https://avatars.avto.ru/get-autoru-vos/17006437/52426a3794e618c793cdcdae78a1fd2a/1200x900,2026-09-22T05:53:29Z
Mazda,3,Mazda 3 I (BK) Рестайлинг,https://auto.ru/cars/used/sale/mazda/3/1133609526-fa62977f/,469000,Тюмень,2007,,5,234000,4,Не требует ремонта,Дубликат,Base,"бензин, 1.6 MT (105 л.с.)",механическая,передний,Левый,Седан,зелёный,https://avatars.avto.ru/get-autoru-vos/18139133/3cdff071bad6d20bf053332b361e30d7/1200x900,2026-09-22T05:53:29Z
Hyundai,Solaris,Hyundai Solaris II Рестайлинг,https://auto.ru/cars/used/sale/hyundai/solaris/1134155673-c6f25317/,1479000,Тюмень,2021,,5,128600,4,Не требует ремонта,Оригинал,,"бензин, 1.6 AT (123 л.с.)",автоматическая,передний,Левый,Седан,серебристый,https://avatars.avto.ru/get-autoru-vos/20507677/9a6aeb9fd1d3faba7ace620efa87c64f/1200x900,2026-09-22T05:53:29Z
Ford,Focus,Ford Focus III,https://auto.ru/cars/used/sale/ford/focus/1130561582-ef0d52c0/,729000,Тюмень,2013,,5,217500,3,Не требует ремонта,Оригинал,SYNC Edition,"бензин, 1.6 AMT (125 л.с.)",робот,передний,Левый,Седан,серебристый,https://avatars.avto.ru/get-autoru-vos/3564599/b6936104ac69dce8c2cb1ad9f85cb7c7/1200x900,2026-09-22T05:53:29Z
Toyota,Camry,Toyota Camry VI (XV40),https://auto.ru/cars/used/sale/toyota/camry/1134008823-17045132/,1099000,Тюмень,2006,,5,327541,4,Не требует ремонта,Дубликат,,"бензин, 2.4 AT (167 л.с.)",автоматическая,передний,Левый,Седан,серебристый,https://avatars.avto.ru/get-autoru-vos/17833152/745d2ff0c7bdc2a0b12fb87a4b55b3ef/1200x900,2026-09-22T05:53:29Z
Toyota,Corolla,"Toyota Corolla X (E140, E150) Рестайлинг",https://auto.ru/cars/used/sale/toyota/corolla/1134127725-00c1e756/,1379000,Тюмень,2011,,5,152000,4,Не требует ремонта,Оригинал,,"бензин, 1.6 MT (124 л.с.)",механическая,передний,Левый,Седан,белый,https://avatars.avto.ru/get-autoru-vos/20180167/ee1186065ed1ad8d70fe9fcc4f7e0519/1200x900,2026-09-22T05:53:29Z
Hyundai,Solaris,Hyundai Solaris II,https://auto.ru/cars/used/sale/hyundai/solaris/1134083024-fe464880/,1429000,Тюмень,2019,,5,265000,1,Не требует ремонта,Оригинал,,"бензин, 1.6 AT (123 л.с.)",автоматическая,передний,Левый,Седан,серебристый,https://avatars.avto.ru/get-autoru-vos/17971448/8e228889253aa993b120fd8ce0a6b68f/1200x900,2026-09-22T05:53:29Z
Toyota,Corolla,"Toyota Corolla Fielder XI (E160, E170) Рестайлинг 2",https://auto.ru/cars/used/sale/toyota/corolla/1133892321-68cccb1f/,1539000,Тюмень,2018,,5,130000,1,Не требует ремонта,Оригинал,,"гибрид, Fielder 1.5hyb CVT (74 л.с.)",вариатор,передний,Правый,Универсал 5 дв. Fielder,белый,https://avatars.avto.ru/get-autoru-vos/17674678/ca3c1044e37c0328a30dd2550a9dd0e3/1200x900,2026-09-22T05:53:29Z
Toyota,Corolla,"Toyota Corolla Fielder XI (E160, E170) Рестайлинг 2",https://auto.ru/cars/used/sale/toyota/corolla/1134083030-e842f42e/,1429000,Тюмень,2017,,5,168000,1,Не требует ремонта,Оригинал,,"гибрид, Fielder 1.5hyb CVT (74 л.с.)",вариатор,передний,Правый,Универсал 5 дв. Fielder,белый,https://avatars.avto.ru/get-autoru-vos/19849727/9326b34da24d507c5b594117f09deebd/1200x900,2026-09-22T05:53:29Z
Ford,Focus,Ford Focus III,https://auto.ru/cars/used/sale/ford/focus/1134200821-3bd11288/,999000,Тюмень,2013,,5,199000,4,Не требует ремонта,Оригинал,,"бензин, 1.6 AMT (105 л.с.)",робот,передний,Левый,Хэтчбек 5 дв.,синий,https://avatars.avto.ru/get-autoru-vos/20487659/a6885c00e9ad6c501414e547c788291a/1200x900,2026-09-22T05:53:29Z
Toyota,Corolla,"Toyota Corolla AMT X (E140, E150)",https://auto.ru/cars/used/sale/toyota/corolla/1134230492-906a3eb4/,859000,Тюмень,2007,,5,244038,3,Не требует ремонта,Оригинал,,"бензин, AMT 1.6 AMT (124 л.с.)",робот,передний,Левый,Седан,красный,https://avatars.avto.ru/get-autoru-vos/20363536/8fe66187bc740139fa2d3879f5a118e0/1200x900,2026-09-22T05:53:33Z
Chevrolet,Lacetti,Chevrolet Lacetti I,https://auto.ru/cars/used/sale/chevrolet/lacetti/1133331839-e85f30f7/,419000,Тюмень,2010,,5,225000,3,Не требует ремонта,Дубликат,SX 1XL48GP53,"бензин, 1.4 MT (94 л.с.)",механическая,передний,Левый,Хэтчбек 5 дв.,синий,https://avatars.avto.ru/get-autoru-vos/19298886/fd46bde3aee3b3853fc479c663a60a32/1200x900,2026-09-22T05:53:33Z
Nissan,Teana,Nissan Teana II (J32),https://auto.ru/cars/used/sale/nissan/teana/1134008829-369e09d1/,999000,Тюмень,2008,,5,245000,4,Не требует ремонта,Дубликат,,"бензин, 3.5 CVT (249 л.с.)",вариатор,передний,Левый,Седан,красный,https://avatars.avto.ru/get-autoru-vos/2172695/5d218edf45275ed4990b935a08e7123f/1200x900,2026-09-22T05:53:33Z
Toyota,Camry,Toyota Camry VI (XV40) Рестайлинг,https://auto.ru/cars/used/sale/toyota/camry/1134168579-a0d0fefe/,1249000,Тюмень,2010,,5,290000,3,Не требует ремонта,Дубликат,Люкс,"бензин, 3.5 AT (277 л.с.)",автоматическая,передний,Левый,Седан,чёрный,https://avatars.avto.ru/get-autoru-vos/20556383/cf8e48f37ebdf0597222b5c1cdd4f00b/1200x900,2026-09-22T05:53:33Z
Honda,Civic,Honda Civic VIII Рестайлинг,https://auto.ru/cars/used/sale/honda/civic/1133908213-805000a0/,849000,Тюмень,2011,,5,239953,4,Не требует ремонта,Оригинал,,"бензин, 1.8 AT (140 л.с.)",автоматическая,передний,Левый,Седан,чёрный,https://avatars.avto.ru/get-autoru-vos/5519772/a21f4fb3edc1a54fd0b7b9545509069a/1200x900,2026-09-22T05:53:33Z
Hyundai,Solaris,Hyundai Solaris I,https://auto.ru/cars/used/sale/hyundai/solaris/1134185795-f7adeec4/,1049000,Тюмень,2014,,5,129000,3,Не требует ремонта,Оригинал,,"бензин, 1.6 AT (123 л.с.)",автоматическая,передний,Левый,Седан,золотистый,https://avatars.avto.ru/get-autoru-vos/17768325/4c0b9c3cd1701c8c8e2fa900b5ef1881/1200x900,2026-09-22T05:53:33Z
Lada (ВАЗ),Vesta,Lada (ВАЗ) Vesta I Рестайлинг (NG),https://auto.ru/cars/used/sale/vaz/vesta/1133765259-04e10693/,1539000,Тюмень,2024,,5,18900,1,Не требует ремонта,Оригинал,,"бензин, 1.6 MT (106 л.с.)",механическая,передний,Левый,Седан,серебристый,https://avatars.avto.ru/get-autoru-vos/14564401/e3e7014656113d41994f74b249c91d8d/1200x900,2026-09-22T05:53:33Z
Toyota,Corolla,"Toyota Corolla IX (E120, E130) Рестайлинг",https://auto.ru/cars/used/sale/toyota/corolla/1133605199-2b42657c/,749000,Тюмень,2006,,5,181000,2,Не требует ремонта,Оригинал,,"бензин, 1.6 AT (110 л.с.)",автоматическая,передний,Левый,Седан,серый,https://avatars.avto.ru/get-autoru-vos/16995928/afee96d92ae60860fcc765c949455990/1200x900,2026-09-22T05:53:33Z
Opel,Astra,Opel Astra H Рестайлинг,https://auto.ru/cars/used/sale/opel/astra/1133236403-935e76cb/,479000,Тюмень,2007,,5,310000,2,Не требует ремонта,Оригинал,Cosmo,"бензин, 1.6 AMT (115 л.с.)",робот,передний,Левый,Седан,чёрный,https://photo.auto.ru/photo/get-autoru-vos/20315033/v2yMW88IptKmCdGMtW2bocf1qybDzQpi9PGFkdqLsQiT_tAx7iqBvz7kxdrNaYBIv8WNn6PxYmp51ECKVU9mKQa3JeGIxipQWIvCxUBH5pQ3x7UqbfZpC9HZn_KlsX1LQF1OlZGTDAhFOqg7se1jYhEYhgzjujV0y65pEVkei5-w1m8/1200x900,2026-09-22T05:53:33Z
Hyundai,Solaris,Hyundai Solaris II,https://auto.ru/cars/used/sale/hyundai/solaris/1133001685-8f3b2aee/,1259000,Тюмень,2017,,5,111500,2,Не требует ремонта,Дубликат,Comfort,"бензин, 1.6 AT (123 л.с.)",автоматическая,передний,Левый,Седан,серебристый,https://avatars.avto.ru/get-autoru-vos/19851294/ab1d009ef3f33009e4430fb40892ef6c/1200x900,2026-09-22T05:53:33Z
Chevrolet,Lacetti,Chevrolet Lacetti I,https://auto.ru/cars/used/sale/chevrolet/lacetti/1133656096-6b7b0767/,669000,Тюмень,2011,,5,90000,2,Не требует ремонта,Оригинал,,"бензин, 1.6 MT (109 л.с.)",механическая,передний,Левый,Седан,серый,https://avatars.avto.ru/get-autoru-vos/20671634/be42dc6e2a41b1e1ca79af75dd3d34e9/1200x900,2026-09-22T05:53:33Z
Toyota,Camry,Toyota Camry US Market VIII (XV70),https://auto.ru/cars/used/sale/toyota/camry/1133775842-96f7d7c6/,2499000,Тюмень,2019,,5,104700,4,Не требует ремонта,Оригинал,,"бензин, US Market 2.5 AT (203 л.с.)",автоматическая,передний,Левый,Седан,синий,https://avatars.avto.ru/get-autoru-vos/20341802/7057a3d8a55c3c3990b6e230119601f0/1200x900,2026-09-22T05:53:33Z
Volkswagen,Polo,Volkswagen Polo VI,https://auto.ru/cars/used/sale/volkswagen/polo/1134067255-357891ac/,1679000,Тюмень,2022,,5,137000,1,Не требует ремонта,Оригинал,,"бензин, 1.6 AT (110 л.с.)",автоматическая,передний,Левый,Лифтбек,серебристый,https://avatars.avto.ru/get-autoru-vos/17699839/f6f846e9b9d64146234139077cd58af5/1200x900,2026-09-22T05:53:33Z
Lada (ВАЗ),Vesta,Lada (ВАЗ) Vesta I,https://auto.ru/cars/used/sale/vaz/vesta/1133944433-3ad639a5/,989000,Тюмень,2019,,5,70700,1,Не требует ремонта,Оригинал,,"бензин, 1.6 MT (106 л.с.)",механическая,передний,Левый,Седан,белый,https://avatars.avto.ru/get-autoru-vos/3909203/caa13b864af5ab94f53777251a586dae/1200x900,2026-09-22T05:53:33Z
Kia,Rio,Kia Rio III Рестайлинг,https://auto.ru/cars/used/sale/kia/rio/1133656095-bfeeb796/,1079000,Тюмень,2016,,5,171000,1,Не требует ремонта,Оригинал,,"бензин, 1.6 AT (123 л.с.)",автоматическая,передний,Левый,Седан,белый,https://avatars.avto.ru/get-autoru-vos/4581701/633e479c8bf04b1c7358fa99a6307a27/1200x900,2026-09-22T05:53:33Z
Toyota,Yaris,Toyota Yaris II,https://auto.ru/cars/used/sale/toyota/yaris/1133892320-95bceab3/,699000,Тюмень,2006,,5,273208,4,Не требует ремонта,Оригинал,,"бензин, 1.3 AT (87 л.с.)",автоматическая,передний,Левый,Хэтчбек 5 дв.,голубой,https://avatars.avto.ru/get-autoru-vos/20265681/d5a1ce1193c76f447baf8b75726a4275/1200x900,2026-09-22T05:53:33Z
Lada (ВАЗ),Granta,Lada (ВАЗ) Granta I Рестайлинг,https://auto.ru/cars/used/sale/vaz/granta/1133593821-a77675d4/,799000,Тюмень,2019,,5,65000,2,Не требует ремонта,Оригинал,Comfort (2018-2022),"бензин, 1.6 AT (98 л.с.)",автоматическая,передний,Левый,Седан,коричневый,https://avatars.avto.ru/get-autoru-vos/20671634/c3ef4074cbd439c3bc90092f40cc4498/1200x900,2026-09-22T05:53:33Z
Lada (ВАЗ),Largus,Lada (ВАЗ) Largus I,https://auto.ru/cars/used/sale/vaz/largus/1133455314-70515405/,549000,Тюмень,2014,,5,315000,1,Не требует ремонта,Оригинал,,"бензин, 1.6 MT (84 л.с.)",механическая,передний,Левый,Универсал 5 дв.,золотистый,https://avatars.avto.ru/get-autoru-vos/17410390/285ae35daeddc89c06f7e0a401ca930d/1200x900,2026-09-22T05:53:33Z
Hyundai,Getz,Hyundai Getz I Рестайлинг,https://auto.ru/cars/used/sale/hyundai/getz/1133640506-6bc032e9/,399000,Тюмень,2007,,5,250000,4,Не требует ремонта,Дубликат,Classic,"бензин, 1.4 MT (97 л.с.)",механическая,передний,Левый,Хэтчбек 5 дв.,чёрный,https://photo.auto.ru/photo/get-autoru-vos/21116822/4eKClUZaWcdH0vCcjN13cUYqpWNMJZr1kYOVD0tCpn2pJ0ukJO-UjR4deEEr78mzEhvtQY86Xh5sU37HtKk3R1UPqXmsFRbS0Zx38RSwOnm9xeUz366WX5iy__aNsIyDLmCMVtD5tVVeAx3C5XVzw-xmYO7CvAST1acO37BCh9ebY2M/1200x900,2026-09-22T05:53:33Z
Skoda,Fabia,Skoda Fabia II,https://auto.ru/cars/used/sale/skoda/fabia/1134230491-7588e66b/,649000,Тюмень,2009,,5,177769,4,Не требует ремонта,Оригинал,,"бензин, 1.6 AT (105 л.с.)",автоматическая,передний,Левый,Хэтчбек 5 дв.,серебристый,https://avatars.avto.ru/get-autoru-vos/19785726/026f89d627df5b126a17aa5985bae5dd/1200x900,2026-09-22T05:53:33Z
Chevrolet,Aveo,Chevrolet Aveo II,https://auto.ru/cars/used/sale/chevrolet/aveo/1134210313-43eec01d/,859000,Тюмень,2012,,5,115000,3,Не требует ремонта,Оригинал,,"бензин, 1.6 AT (115 л.с.)",автоматическая,передний,Левый,Седан,серый,https://avatars.avto.ru/get-autoru-vos/20864073/955e8a2f563530cf62c2758321e90f12/1200x900,2026-09-22T05:53:33Z
Lada (ВАЗ),Vesta,Lada (ВАЗ) Vesta I,https://auto.ru/cars/used/sale/vaz/vesta/1132319548-e3392882/,899000,Тюмень,2021,,5,131700,1,Не требует ремонта,Оригинал,Classic,"бензин, 1.6 MT (106 л.с.)",механическая,передний,Левый,Седан,белый,https://avatars.avto.ru/get-autoru-vos/18104669/7072d5295f34c5a1be36438dc8ba6f61/1200x900,2026-09-22T05:53:33Z
Ford,Focus,Ford Focus II Рестайлинг,https://auto.ru/cars/used/sale/ford/focus/1134083026-a0bdafc2/,519000,Тюмень,2011,,5,388263,3,Не требует ремонта,Дубликат,,"бензин, 1.8 MT (125 л.с.)",механическая,передний,Левый,Седан,белый,https://avatars.avto.ru/get-autoru-vos/2134119/dc87ea1ebd70821e4b52fbaca0fdff38/1200x900,2026-09-22T05:53:33Z
Skoda,Octavia,Skoda Octavia I (A4) Рестайлинг,https://auto.ru/cars/used/sale/skoda/octavia/1134217795-8134599c/,759000,Тюмень,2008,,5,93996,2,Не требует ремонта,Оригинал,,"бензин, 1.4 MT (75 л.с.)",механическая,передний,Левый,Лифтбек,серебристый,https://avatars.avto.ru/get-autoru-vos/18306378/3c8e826126aea643efe9ce2ede2dc70f/1200x900,2026-09-22T05:53:33Z
Skoda,Fabia,Skoda Fabia II Рестайлинг,https://auto.ru/cars/used/sale/skoda/fabia/1134217792-8c5dd170/,639000,Тюмень,2012,,5,160200,4,Не требует ремонта,Дубликат,,"бензин, 1.4 MT (86 л.с.)",механическая,передний,Левый,Хэтчбек 5 дв.,серый,https://avatars.avto.ru/get-autoru-vos/20200701/8039044e15a40f9a32b6583725c2d283/1200x900,2026-09-22T05:53:33Z
Renault,Logan,Renault Logan Stepway II Рестайлинг,https://auto.ru/cars/used/sale/renault/logan/1133622851-6a9229a1/,1129000,Тюмень,2022,,5,216000,2,Не требует ремонта,Оригинал,Stepway Life City,"бензин, Stepway 1.6 CVT (113 л.с.)",вариатор,передний,Левый,Седан Stepway,белый,https://avatars.avto.ru/get-autoru-vos/18106725/7ca4bb79b5aac8e57f8ba163052354c1/1200x900,2026-09-22T05:53:33Z
Toyota,Camry,Toyota Camry V (XV30) Рестайлинг,https://auto.ru/cars/used/sale/toyota/camry/1134155674-8881ceb7/,899000,Тюмень,2004,,5,385000,4,Не требует ремонта,Оригинал,,"бензин, 2.4 AT (152 л.с.)",автоматическая,передний,Левый,Седан,чёрный,https://avatars.avto.ru/get-autoru-vos/18143138/5b4b7297aeb17ac64a8ae4f0026c40a5/1200x900,2026-09-22T05:53:33Z
Renault,Scenic,Renault Scenic IV,https://auto.ru/cars/used/sale/renault/scenic/1132957328-d2d56d1a/,1599000,Тюмень,2018,,5,180000,1,Не требует ремонта,Оригинал,,"дизель, 1.6d AMT (160 л.с.)",робот,передний,Левый,Компактвэн,серый,https://avatars.avto.ru/get-autoru-vos/18008089/d084d95810c94c5d4e38d724c4bef908/1200x900,2026-09-22T05:53:33Z
Kia,Optima,Kia Optima IV,https://auto.ru/cars/used/sale/kia/optima/1134083025-9a907802/,1829000,Тюмень,2017,,5,146000,4,Не требует ремонта,Дубликат,,"бензин, 2.4 AT (188 л.с.)",автоматическая,передний,Левый,Седан,белый,https://avatars.avto.ru/get-autoru-vos/2195081/2f8216f9eac70dcb1bea196669afbf6a/1200x900,2026-09-22T05:53:33Z
Datsun,on-DO,Datsun on-DO I Рестайлинг,https://auto.ru/cars/used/sale/datsun/on_do/1134217799-22286218/,849000,Тюмень,2020,,5,132326,1,Не требует ремонта,Оригинал,,"бензин, 1.6 MT (87 л.с.)",механическая,передний,Левый,Седан,серебристый,https://avatars.avto.ru/get-autoru-vos/14637477/ab9942815a8746f7078bc845037555cc/1200x900,2026-09-22T05:53:33Z
Nissan,Note,Nissan Note e-Power II Рестайлинг,https://auto.ru/cars/used/sale/nissan/note/1134068294-42229181/,1129000,Тюмень,2018,,5,267000,2,Не требует ремонта,Оригинал,,"гибрид, e-Power 1.2hyb AT (109 л.с.)",автоматическая,передний,Правый,Хэтчбек 5 дв.,белый,https://avatars.avto.ru/get-autoru-vos/20894132/ebc57c0479d258fa0e4fe1df5e3b7005/1200x900,2026-09-22T05:53:33Z
BMW,5 серии,BMW 5 серии 520i VI (F10/F11/F07) Рестайлинг,https://auto.ru/cars/used/sale/bmw/5er/1133488335-26245f2d/,1529000,Тюмень,2015,,5,330000,2,Не требует ремонта,Оригинал,520i,"бензин, 520i 2.0 AT (184 л.с.)",автоматическая,задний,Левый,Седан,чёрный,https://avatars.avto.ru/get-autoru-vos/20770109/2fc0bd1b802a978c33fe1c34bf0a01da/1200x900,2026-09-22T05:53:33Z
Opel,Astra,Opel Astra GTC J Рестайлинг,https://auto.ru/cars/used/sale/opel/astra/1134088116-f932fd46/,1259000,Тюмень,2013,,5,152400,4,Не требует ремонта,Дубликат,,"бензин, GTC 1.6 AT (170 л.с.)",автоматическая,передний,Левый,Хэтчбек 3 дв. GTC,чёрный,https://avatars.avto.ru/get-autoru-vos/17637180/5b6e4d97dace33a9e6e0d9e5acdd586e/1200x900,2026-09-22T05:53:33Z
Opel,Astra,Opel Astra J Рестайлинг,https://auto.ru/cars/used/sale/opel/astra/1134068293-6283b829/,899000,Тюмень,2012,,5,259000,4,Не требует ремонта,Дубликат,,"бензин, 1.6 AT (115 л.с.)",автоматическая,передний,Левый,Седан,белый,https://avatars.avto.ru/get-autoru-vos/17833075/61b576047802f0e90c7b2e3e135905e8/1200x900,2026-09-22T05:53:33Z
Nissan,Note,Nissan Note II Рестайлинг,https://auto.ru/cars/used/sale/nissan/note/1133943827-f4a197b2/,1299000,Тюмень,2020,,5,82680,1,Не требует ремонта,Оригинал,,"бензин, 1.2 CVT (79 л.с.)",вариатор,передний,Правый,Хэтчбек 5 дв.,серый,https://avatars.avto.ru/get-autoru-vos/20263483/199aba69ed019df034ab702e27f08d37/1200x900,2026-09-22T05:53:33Z
Citroen,C-Elysee,Citroen C-Elysee I,https://auto.ru/cars/used/sale/citroen/c_elysee/1133151397-91801372/,429000,Тюмень,2013,,5,215000,4,Не требует ремонта,Оригинал,Dynamique,"бензин, 1.2 MT (72 л.с.)",механическая,передний,Левый,Седан,серый,https://avatars.avto.ru/get-autoru-vos/19297093/c93cc626c1788689db5dc099214f3c73/1200x900,2026-09-22T05:53:33Z
Lada (ВАЗ),Granta,Lada (ВАЗ) Granta I,https://auto.ru/cars/used/sale/vaz/granta/1132286911-eee4f882/,429000,Тюмень,2018,,5,147000,4,Не требует ремонта,Оригинал,Comfort 21911-51-72A,"бензин, 1.6 MT (87 л.с.)",механическая,передний,Левый,Лифтбек,красный,https://photo.auto.ru/photo/get-autoru-vos/18861955/6vpMbfJF8NPYQ7U7fPCoig2PiLJwoRw6DKnlt1FWCKVSRV1G5_com3UdMzuRqY5sqZVzPIeoMay7oWIZYRCWm3QLOa99t_i7cSB1p_Kv4_0D2ezwpmweQlQSvMkUqmzEQ5Wjp-JKKOIZURQNslyVW9FEdJkgRS4vYR2csyZiFrh3I-g/1200x900,2026-09-22T05:53:33Z
Lada (ВАЗ),2121 (4x4),Lada (ВАЗ) 2121 (4x4) I Рестайлинг,https://auto.ru/cars/used/sale/vaz/2121/1134031317-882ec412/,699000,Тюмень,2018,,4,93702,4,Не требует ремонта,Дубликат,,"бензин, 1.7 MT (83 л.с.) 4WD",механическая,полный,Левый,Внедорожник 3 дв.,белый,https://avatars.avto.ru/get-autoru-vos/20055049/cb678d45195126a5cf722cca72c4692f/1200x900,2026-09-22T05:53:35Z
Kia,Rio,Kia Rio 5-speed III,https://auto.ru/cars/used/sale/kia/rio/1133943826-0fecac3f/,849000,Тюмень,2014,,5,218000,4,Не требует ремонта,Дубликат,,"бензин, 5-speed 1.6 MT (123 л.с.)",механическая,передний,Левый,Седан,красный,https://avatars.avto.ru/get-autoru-vos/17786981/fbb13102451c5a34474e357afd95f324/1200x900,2026-09-22T05:53:35Z
Chevrolet,Aveo,Chevrolet Aveo I,https://auto.ru/cars/used/sale/chevrolet/aveo/1133949897-ba49e063/,399000,Тюмень,2004,,5,203000,4,Не требует ремонта,Дубликат,,"бензин, 1.4 AT (94 л.с.)",автоматическая,передний,Левый,Седан,красный,https://avatars.avto.ru/get-autoru-vos/17833152/6f3ddd109cd2de0f11a3a52d3e8d0c31/1200x900,2026-09-22T05:53:35Z
Lada (ВАЗ),Granta,Lada (ВАЗ) Granta I Рестайлинг,https://auto.ru/cars/used/sale/vaz/granta/1132693842-6da0c17c/,629000,Тюмень,2021,,5,121000,4,Не требует ремонта,Оригинал,Classic,"бензин, 1.6 MT (87 л.с.)",механическая,передний,Левый,Лифтбек,белый,https://avatars.avto.ru/get-autoru-vos/18106725/d7c57c6419932c754285edffed4ebe09/1200x900,2026-09-22T05:53:35Z
Lada (ВАЗ),Granta,Lada (ВАЗ) Granta I Рестайлинг,https://auto.ru/cars/used/sale/vaz/granta/1134217798-fea9795e/,789000,Тюмень,2020,,5,130000,1,Не требует ремонта,Оригинал,,"бензин, 1.6 MT (87 л.с.)",механическая,передний,Левый,Лифтбек,белый,https://avatars.avto.ru/get-autoru-vos/20306952/e53c01eb21bade468db6f943dc10698d/1200x900,2026-09-22T05:53:35Z
Toyota,Corolla,"Toyota Corolla Fielder X (E140, E150) Рестайлинг",https://auto.ru/cars/used/sale/toyota/corolla/1134175426-f6e2e084/,929000,Тюмень,2009,,5,267903,4,Не требует ремонта,Дубликат,,"бензин, Fielder 1.5 CVT (105 л.с.) 4WD",вариатор,полный,Правый,Универсал 5 дв. Fielder,серый,https://avatars.avto.ru/get-autoru-vos/20410536/5e6a5f7b3a347e185799bb085f3baf8a/1200x900,2026-09-22T05:53:35Z
Lada (ВАЗ),Granta,Lada (ВАЗ) Granta I Рестайлинг,https://auto.ru/cars/used/sale/vaz/granta/1133957713-cb68ff2c/,1129000,Тюмень,2025,,5,11200,1,Не требует ремонта,Оригинал,,"бензин, 1.6 MT (90 л.с.)",механическая,передний,Левый,Лифтбек,белый,https://avatars.avto.ru/get-autoru-vos/1970610/777302017909dd4fbbc8a1111979c266/1200x900,2026-09-22T05:53:35Z
Lada (ВАЗ),Granta,Lada (ВАЗ) Granta I Рестайлинг,https://auto.ru/cars/used/sale/vaz/granta/1133061562-6fd44982/,799000,Тюмень,2023,,5,89000,1,Не требует ремонта,Оригинал,Classic Optima,"бензин, 1.6 MT (90 л.с.)",механическая,передний,Левый,Седан,серый,https://avatars.avto.ru/get-autoru-vos/20036242/d339d34a1cabeafc9f87694cb620c624/1200x900,2026-09-22T05:53:35Z
Kia,Rio,Kia Rio III Рестайлинг,https://auto.ru/cars/used/sale/kia/rio/1133880487-060c4339/,1199000,Тюмень,2016,,5,96000,2,Не требует ремонта,Дубликат,,"бензин, 1.4 MT (107 л.с.)",механическая,передний,Левый,Седан,серебристый,https://avatars.avto.ru/get-autoru-vos/16409627/58ff1e35fe58db9c7abcc6fcd798ade2/1200x900,2026-09-22T05:53:35Z
Volkswagen,Polo,Volkswagen Polo V Рестайлинг,https://auto.ru/cars/used/sale/volkswagen/polo/1134138609-43ce3ec3/,999000,Тюмень,2016,,5,128948,1,Не требует ремонта,Оригинал,,"бензин, 1.6 AT (110 л.с.)",автоматическая,передний,Левый,Седан,красный,https://photo.auto.ru/photo/get-autoru-vos/2022285/S4dybyyDVSnu1zP7viTFp2RF97QQp8NNshBhKDIS5dZYGegzr3kJHN43lfzT62VH9rec1ZK05zp9ZWnN5W2tGsmARmnjiuNN_ctEYPWA88GjV8U_f24zN0pZEHUkPSX2pPoiO6zR-nbPhSt8I43eRv-8KNKs2mux9jYAKiVzEFN8dp8/1200x900,2026-09-22T05:53:35Z
Opel,Astra,Opel Astra GTC H Рестайлинг,https://auto.ru/cars/used/sale/opel/astra/1133223769-6cd771ba/,499000,Тюмень,2010,,4,234000,4,Не требует ремонта,Дубликат,,"бензин, GTC 1.8 AT (140 л.с.)",автоматическая,передний,Левый,Хэтчбек 3 дв. GTC,синий,https://avatars.avto.ru/get-autoru-vos/20036242/067cb473aba31e2159d059a84e844f80/1200x900,2026-09-22T05:53:35Z
Toyota,Corolla,"Toyota Corolla Fielder X (E140, E150) Рестайлинг",https://auto.ru/cars/used/sale/toyota/corolla/1133783116-02e0c95b/,1089000,Тюмень,2011,,5,186500,4,Не требует ремонта,Дубликат,,"бензин, Fielder 1.5 CVT (110 л.с.)",вариатор,передний,Правый,Универсал 5 дв. Fielder,серебристый,https://avatars.avto.ru/get-autoru-vos/17690098/fcccbe5a923815e3f027c353f8a06842/1200x900,2026-09-22T05:53:35Z
Hyundai,Grand Starex,Hyundai Grand Starex I,https://auto.ru/cars/used/sale/hyundai/grand_starex/1134067256-13ad1ed0/,1249000,Тюмень,2008,,3,337500,3,Не требует ремонта,Оригинал,,"дизель, 2.5d AT (145 л.с.)",автоматическая,задний,Левый,Фургон,серебристый,https://avatars.avto.ru/get-autoru-vos/20172247/59263810e3da75533062459f965ff296/1200x900,2026-09-22T05:53:35Z
Lada (ВАЗ),Kalina,Lada (ВАЗ) Kalina I,https://auto.ru/cars/used/sale/vaz/kalina/1133229899-af839bc7/,249000,Тюмень,2010,,5,169000,3,Не требует ремонта,Оригинал,Норма,"бензин, 1.6 MT (81 л.с.)",механическая,передний,Левый,Хэтчбек 5 дв.,красный,https://avatars.avto.ru/get-autoru-vos/20335149/9279ea88821da243556a89c040292f80/1200x900,2026-09-22T05:53:35Z
Volkswagen,Polo,Volkswagen Polo V,https://auto.ru/cars/used/sale/volkswagen/polo/1133413387-e01474f0/,679000,Тюмень,2012,,5,235000,4,Не требует ремонта,Дубликат,Trendline,"бензин, 1.6 AT (105 л.с.)",автоматическая,передний,Левый,Седан,белый,https://avatars.avto.ru/get-autoru-vos/20331633/bc64aea8ddec12197a172d858cfc8b97/1200x900,2026-09-22T05:53:35Z
Lada (ВАЗ),Kalina,Lada (ВАЗ) Kalina II,https://auto.ru/cars/used/sale/vaz/kalina/1134008824-6ba743ff/,479000,Тюмень,2013,,5,216000,1,Не требует ремонта,Оригинал,,"бензин, 1.6 MT (106 л.с.)",механическая,передний,Левый,Хэтчбек 5 дв.,синий,https://avatars.avto.ru/get-autoru-vos/16308788/061da4b54dc5ab29937d3d8610494ef9/1200x900,2026-09-22T05:53:35Z
Mercedes-Benz,E-Класс,"Mercedes-Benz E-Класс 200 V (W213, S213, C238)",https://auto.ru/cars/used/sale/mercedes/e_klasse/1134210311-73477531/,3359000,Тюмень,2016,,5,242000,4,Не требует ремонта,Дубликат,,"бензин, 200 2.0 AT (184 л.с.)",автоматическая,задний,Левый,Седан,белый,https://photo.auto.ru/photo/get-autoru-vos/20410536/ZxyWUqZ9SotMX0VXTYMjJeoKZa7kXQ9YW0kUDO2YBNqvNi81SRtj7w2HQ9ANPc6kGpJkqR4qhDGahzuUKkvgeY7Exz0odh52zbJHVuIYlY1L-ovjhvlLyZjieWmELgKlWvF0h0vYICqX55l5eUvXpqRzSgx15Kpcs50qshE7uLVxUFo/1200x900,2026-09-22T05:53:35Z
Lada (ВАЗ),Vesta,Lada (ВАЗ) Vesta I Рестайлинг (NG),https://auto.ru/cars/used/sale/vaz/vesta/1133950479-01d87ad3/,1339000,Тюмень,2025,,5,65000,1,Не требует ремонта,Оригинал,,"бензин, 1.6 MT (106 л.с.)",механическая,передний,Левый,Седан,чёрный,https://avatars.avto.ru/get-autoru-vos/1948679/a214c058d08bb9f31aee3ab69a8a3f83/1200x900,2026-09-22T05:53:35Z
Lada (ВАЗ),Largus,Lada (ВАЗ) Largus I,https://auto.ru/cars/used/sale/vaz/largus/1133813458-a1c2b9aa/,699000,Тюмень,2019,,5,202185,4,Не требует ремонта,Оригинал,,"бензин, 1.6 MT (87 л.с.)",механическая,передний,Левый,Универсал 5 дв.,коричневый,https://avatars.avto.ru/get-autoru-vos/16743792/25084bf0ab89bf129bd0361a0da0339a/1200x900,2026-09-22T05:53:35Z
Hyundai,Solaris,Hyundai Solaris I Рестайлинг,https://auto.ru/cars/used/sale/hyundai/solaris/1133692129-b24fd05d/,1159000,Тюмень,2016,,5,190000,2,Не требует ремонта,Оригинал,,"бензин, 1.6 AT (123 л.с.)",автоматическая,передний,Левый,Седан,белый,https://avatars.avto.ru/get-autoru-vos/6054036/2388181f5f7fae436e865f86a64bfe47/1200x900,2026-09-22T05:53:35Z
Lada (ВАЗ),XRAY,Lada (ВАЗ) XRAY I,https://auto.ru/cars/used/sale/vaz/xray/1133602839-047f6269/,799000,Тюмень,2017,,5,76000,2,Не требует ремонта,Оригинал,Luxe (2018),"бензин, 1.8 AMT (122 л.с.)",робот,передний,Левый,Хэтчбек 5 дв.,чёрный,https://avatars.avto.ru/get-autoru-vos/20335149/6ad707566fbb23768a846ec99aacc9d8/1200x900,2026-09-22T05:53:35Z
Kia,Optima,Kia Optima IV Рестайлинг,https://auto.ru/cars/used/sale/kia/optima/1132815386-47c46596/,1959000,Тюмень,2020,,5,116000,1,Не требует ремонта,Оригинал,Luxe,"бензин, 2.0 AT (150 л.с.)",автоматическая,передний,Левый,Седан,белый,https://avatars.avto.ru/get-autoru-vos/20335149/6bb0b4ec7c5f8ea0fb8ab177879b631f/1200x900,2026-09-22T05:53:35Z
Baojun,RC-5,Baojun RC-5,https://auto.ru/cars/used/sale/baojun/rc_5/1133659104-0e7c8ed2/,1579000,Челябинск,2020,,5,27000,1,Не требует ремонта,Оригинал,,"бензин, 1.5 MT (147 л.с.)",механическая,передний,Левый,Лифтбек,серебристый,https://photo.auto.ru/photo/get-autoru-vos/17945344/6uNYJmPl_x54kt3Nkrh0NQt1Ijj_D5y724SRBC4leA3UFDQKpYWbYiXWrO4Bl-tVcn3EnYFdF_45Rvxe_BrohTPm7JaOmhPrzOCcIBlhd2XkHwK5Uj7Ohgu1az2O3ou28n3WfuygOMOvvduxgz4Wimab4aGUthEUP9JjoeyqzQSKpFY/1200x900,2026-09-22T05:53:38Z
Skoda,Yeti,Skoda Yeti I,https://auto.ru/cars/used/sale/skoda/yeti/1133001169-bfd4de9b/,899000,Челябинск,2012,,5,149900,4,Не требует ремонта,Оригинал,Active,"бензин, 1.2 MT (105 л.с.)",механическая,передний,Левый,Внедорожник 5 дв.,белый,https://avatars.avto.ru/get-autoru-vos/18049305/fadba3830a1b84db6a206bc70bbacc5b/1200x900,2026-09-22T05:53:38Z
Hyundai,Solaris,Hyundai Solaris I Рестайлинг,https://auto.ru/cars/used/sale/hyundai/solaris/1134068289-deaade84/,559000,Челябинск,2015,,5,260000,3,Не требует ремонта,Оригинал,,"бензин, 1.4 MT (107 л.с.)",механическая,передний,Левый,Седан,чёрный,https://avatars.avto.ru/get-autoru-vos/17674678/196c40c7621ff85f6df757d2326ff801/1200x900,2026-09-22T05:53:38Z
Subaru,XV,Subaru XV II,https://auto.ru/cars/used/sale/subaru/xv/1133943321-578f7a8c/,1589000,Челябинск,2017,,5,178000,2,Не требует ремонта,Оригинал,,"бензин, 2.0 CVT (150 л.с.) 4WD",вариатор,полный,Левый,Внедорожник 5 дв.,голубой,https://avatars.avto.ru/get-autoru-vos/18702491/506a8dea34c576c9fbb99069c0f19133/1200x900,2026-09-22T05:53:38Z
Nissan,Serena,Nissan Serena S-Hybrid V (C27),https://auto.ru/cars/used/sale/nissan/serena/1132504133-bb7d957d/,1879000,Челябинск,2018,,8,156000,1,Не требует ремонта,Оригинал,,"бензин, S-Hybrid 2.0 CVT (150 л.с.)",вариатор,передний,Правый,Минивэн,серебристый,https://avatars.avto.ru/get-autoru-vos/17712067/ade65bc20b4b965ef0e64db68c34dcdf/1200x900,2026-09-22T05:53:38Z
Haval,Jolion,Haval Jolion I Рестайлинг,https://auto.ru/cars/used/sale/haval/jolion/1133365097-7efbe04b/,1899000,Челябинск,2025,,5,44800,2,Не требует ремонта,Оригинал,Оптимум,"бензин, 1.5 AMT (143 л.с.)",робот,передний,Левый,Внедорожник 5 дв.,белый,https://avatars.avto.ru/get-autoru-vos/20272960/58c103afc5fc4bf91c6138012dbca4d4/1200x900,2026-09-22T05:53:38Z
Land Rover,Range Rover Evoque,Land Rover Range Rover Evoque 9-speed I,https://auto.ru/cars/used/sale/land_rover/evoque/1133609040-ad6fb955/,1739000,Челябинск,2014,,5,126738,3,Не требует ремонта,Оригинал,Dynamic,"бензин, 9-speed 2.0 AT (240 л.с.) 4WD",автоматическая,полный,Левый,Внедорожник 3 дв.,синий,https://avatars.avto.ru/get-autoru-vos/20410536/53ae6f5a9ecbf23cb3e6c58e2fd4cf7a/1200x900,2026-09-22T05:53:38Z
Changan,CS35 Plus,Changan CS35 Plus I,https://auto.ru/cars/used/sale/changan/cs35plus/1134120391-3928d1ee/,1299000,Челябинск,2019,,5,153266,1,Не требует ремонта,Оригинал,,"бензин, 1.6 MT (117 л.с.)",механическая,передний,Левый,Внедорожник 5 дв.,серебристый,https://avatars.avto.ru/get-autoru-vos/16793145/6912489818bba798e8bc18d726dcd4a9/1200x900,2026-09-22T05:53:38Z
Nissan,X-Trail,Nissan X-Trail II Рестайлинг,https://auto.ru/cars/used/sale/nissan/x_trail/1133602291-56c3269d/,1099000,Челябинск,2013,,5,360000,4,Не требует ремонта,Оригинал,SE High,"бензин, 2.5 CVT (169 л.с.) 4WD",вариатор,полный,Левый,Внедорожник 5 дв.,серебристый,https://avatars.avto.ru/get-autoru-vos/18104669/0c3213b47c0e02e78e18adb8c21ae642/1200x900,2026-09-22T05:53:38Z
Renault,Latitude,Renault Latitude I,https://auto.ru/cars/used/sale/renault/latitude/1133592499-3b56d390/,779000,Челябинск,2013,,5,233000,4,Не требует ремонта,Оригинал,Dynamique,"бензин, 2.0 CVT (139 л.с.)",вариатор,передний,Левый,Седан,чёрный,https://avatars.avto.ru/get-autoru-vos/20487659/65b9c0448119ea1b97eeeba377964e2d/1200x900,2026-09-22T05:53:38Z
Honda,Stream,Honda Stream II Рестайлинг,https://auto.ru/cars/used/sale/honda/stream/1133986993-a4dd99ce/,1119000,Челябинск,2009,,7,188000,1,Не требует ремонта,Оригинал,,"бензин, 1.8 AT (140 л.с.) 4WD",автоматическая,полный,Правый,Компактвэн,чёрный,https://avatars.avto.ru/get-autoru-vos/20444157/c73a4cea3074bf084f57a2102e42a909/1200x900,2026-09-22T05:53:38Z
Nissan,Serena,Nissan Serena V (C27) Рестайлинг,https://auto.ru/cars/used/sale/nissan/serena/1134167166-139d3797/,2729000,Челябинск,2019,,7,119883,1,Не требует ремонта,Оригинал,,"гибрид, 1.2hyb AT (136 л.с.)",автоматическая,передний,Правый,Минивэн,чёрный,https://avatars.avto.ru/get-autoru-vos/20134224/4e9726929b12f3534ab91bed4b360789/1200x900,2026-09-22T05:53:38Z
Mitsubishi,ASX,Mitsubishi ASX I,https://auto.ru/cars/used/sale/mitsubishi/asx/1134021657-1884f84a/,959000,Челябинск,2012,,5,230000,3,Не требует ремонта,Оригинал,,"бензин, 1.6 MT (117 л.с.)",механическая,передний,Левый,Внедорожник 5 дв.,серебристый,https://avatars.avto.ru/get-autoru-vos/20656151/917996ed45ac15d53ec0b0c97141caae/1200x900,2026-09-22T05:53:38Z
Volkswagen,Tiguan,Volkswagen Tiguan I,https://auto.ru/cars/used/sale/volkswagen/tiguan/1133955967-1399f155/,1099000,Челябинск,2009,,5,190000,2,Не требует ремонта,Оригинал,,"бензин, 2.0 AT (170 л.с.) 4WD",автоматическая,полный,Левый,Внедорожник 5 дв.,белый,https://avatars.avto.ru/get-autoru-vos/5289630/98c801194613bcffd03bfd9b4ccaa6ba/1200x900,2026-09-22T05:53:38Z
Honda,Stepwgn,Honda Stepwgn V,https://auto.ru/cars/used/sale/honda/stepwagon/1132830706-eab30671/,1629000,Челябинск,2016,,7,212000,4,Не требует ремонта,Оригинал,,"бензин, 1.5 CVT (150 л.с.)",вариатор,передний,Правый,Минивэн,серебристый,https://photo.auto.ru/photo/get-autoru-vos/18068962/2dKz50g8ob4j4R9tAtuYmRny2Wm2VT9oKuyk8X4jjVKY0GSGGRW6AXdE85NkYNfd_XTHFUKkd2tZE7NsPF4smMqK737X_lhRITF5N-jspeNu-tYc8d3ozZ4bWQlS6mQglWThsKb90lOCYOuweFe3axgYJ52PSB9OQPpP-PdNITfVpFo/1200x900,2026-09-22T05:53:38Z
Hyundai,ix35,Hyundai ix35 I Рестайлинг,https://auto.ru/cars/used/sale/hyundai/ix35/1133978528-d56a62f3/,1279000,Челябинск,2013,,5,162600,4,Не требует ремонта,Оригинал,,"бензин, 2.0 AT (150 л.с.) 4WD",автоматическая,полный,Левый,Внедорожник 5 дв.,серебристый,https://avatars.avto.ru/get-autoru-vos/20439065/7d3f5e39f4115241c5b375fb1d08148f/1200x900,2026-09-22T05:53:38Z
Lada (ВАЗ),Niva Travel,Lada (ВАЗ) Niva Travel I,https://auto.ru/cars/used/sale/vaz/niva_travel/1133885977-7a654879/,1149000,Челябинск,2022,,5,55000,1,Не требует ремонта,Оригинал,,"бензин, 1.7 MT (80 л.с.) 4WD",механическая,полный,Левый,Внедорожник 5 дв.,серебристый,https://avatars.avto.ru/get-autoru-vos/16673081/8041454a729ce72db1cad5cc377b6b39/1200x900,2026-09-22T05:53:38Z
Nissan,X-Trail,Nissan X-Trail III Рестайлинг,https://auto.ru/cars/used/sale/nissan/x_trail/1133483738-d598dbb8/,1699000,Челябинск,2017,,5,200000,2,Не требует ремонта,Оригинал,SE+ N-Design,"бензин, 2.0 CVT (144 л.с.) 4WD",вариатор,полный,Левый,Внедорожник 5 дв.,чёрный,https://avatars.avto.ru/get-autoru-vos/20172247/7ed52ca280296a54ab712177160f679c/1200x900,2026-09-22T05:53:38Z
Kia,Soul,Kia Soul II Рестайлинг,https://auto.ru/cars/used/sale/kia/soul/1132305925-6f1a306b/,1429000,Челябинск,2017,,5,72400,2,Не требует ремонта,Оригинал,Luxe,"бензин, 2.0 AT (150 л.с.)",автоматическая,передний,Левый,Хэтчбек 5 дв.,коричневый,https://avatars.avto.ru/get-autoru-vos/16503020/97484a566e42e4d500fd4655b53c4664/1200x900,2026-09-22T05:53:38Z
Ford,Galaxy,Ford Galaxy II Рестайлинг,https://auto.ru/cars/used/sale/ford/galaxy/1131612485-0b3dfde5/,919000,Челябинск,2012,,7,60700,3,Не требует ремонта,Оригинал,,"бензин, 2.0 AMT (199 л.с.)",робот,передний,Левый,Минивэн,зелёный,https://avatars.avto.ru/get-autoru-vos/15587868/ac158f2b3446b7d98302e8c33bf80750/1200x900,2026-09-22T05:53:38Z
Omoda,C5,Omoda C5 I,https://auto.ru/cars/used/sale/omoda/c5/1133766390-b64ea274/,1699000,Челябинск,2023,,5,18558,1,Не требует ремонта,Оригинал,,"бензин, 1.5 CVT (147 л.с.)",вариатор,передний,Левый,Внедорожник 5 дв.,серебристый,https://avatars.avto.ru/get-autoru-vos/15496515/cb0920f700532bc580805b9896d5c973/1200x900,2026-09-22T05:53:38Z
Chery,Tiggo 4,Chery Tiggo 4 I Рестайлинг,https://auto.ru/cars/used/sale/chery/tiggo_4/1133713026-0bc6a84b/,1199000,Челябинск,2021,,5,100000,2,Не требует ремонта,Оригинал,,"бензин, 1.5 CVT (113 л.с.)",вариатор,передний,Левый,Внедорожник 5 дв.,белый,https://avatars.avto.ru/get-autoru-vos/6196574/6d7ea4f62641a7033b76f987f03edac3/1200x900,2026-09-22T05:53:38Z
Suzuki,SX4,Suzuki SX4 II (S-Cross) Рестайлинг,https://auto.ru/cars/used/sale/suzuki/sx4/1130836896-b814ab29/,1449000,Челябинск,2018,,5,102544,1,Не требует ремонта,Оригинал,GL,"бензин, 1.6 AT (117 л.с.)",автоматическая,передний,Левый,Хэтчбек 5 дв.,коричневый,https://avatars.avto.ru/get-autoru-vos/20033387/272967e4244c29e9031ac2d3b5543a3d/1200x900,2026-09-22T05:53:38Z
Haval,Jolion,Haval Jolion I Рестайлинг,https://auto.ru/cars/used/sale/haval/jolion/1133121128-c552229b/,1879000,Челябинск,2024,,5,37360,1,Не требует ремонта,Оригинал,Оптимум,"бензин, 1.5 AMT (143 л.с.)",робот,передний,Левый,Внедорожник 5 дв.,белый,https://avatars.avto.ru/get-autoru-vos/20556383/69a358ce53110e453634701710b6dbec/1200x900,2026-09-22T05:53:38Z
Toyota,Land Cruiser Prado,Toyota Land Cruiser Prado 5-speed 120 Series,https://auto.ru/cars/used/sale/toyota/land_cruiser_prado/1133885995-4b48d4f9/,1529000,Челябинск,2006,,5,431000,3,Не требует ремонта,Дубликат,,"бензин, 5-speed 4.0 AT (249 л.с.) 4WD",автоматическая,полный,Левый,Внедорожник 5 дв.,чёрный,https://avatars.avto.ru/get-autoru-vos/20793990/2d831b87408e9c26d9218d519a456dec/1200x900,2026-09-22T05:53:38Z
Toyota,Land Cruiser Prado,Toyota Land Cruiser Prado 5-speed 120 Series Рестайлинг,https://auto.ru/cars/used/sale/toyota/land_cruiser_prado/1133220033-5287f902/,1739000,Челябинск,2008,,5,418000,4,Не требует ремонта,Дубликат,Луна,"бензин, 5-speed 4.0 AT (249 л.с.) 4WD",автоматическая,полный,Левый,Внедорожник 5 дв.,серый,https://avatars.avto.ru/get-autoru-vos/1956173/139cb78b99f09d474ce836b1ac3d695a/1200x900,2026-09-22T05:53:38Z
Hyundai,Solaris,Hyundai Solaris II,https://auto.ru/cars/used/sale/hyundai/solaris/1133344243-2434526c/,999000,Челябинск,2017,,5,141200,1,Не требует ремонта,Оригинал,Elegance + Safety,"бензин, 1.6 MT (123 л.с.)",механическая,передний,Левый,Седан,белый,https://avatars.avto.ru/get-autoru-vos/16202224/8933778dc675038889654e2798b8ac93/1200x900,2026-09-22T05:53:38Z
Honda,Civic,Honda Civic IX,https://auto.ru/cars/used/sale/honda/civic/1133061569-32de10d2/,1069000,Челябинск,2012,,5,145100,2,Не требует ремонта,Оригинал,Executive,"бензин, 1.8 AT (142 л.с.)",автоматическая,передний,Левый,Хэтчбек 5 дв.,серебристый,https://avatars.avto.ru/get-autoru-vos/21092119/742e9d181809a4a8acdce2f49d37504e/1200x900,2026-09-22T05:53:38Z
Mercedes-Benz,C-Класс,Mercedes-Benz C-Класс 180 IV (W205),https://auto.ru/cars/used/sale/mercedes/c_klasse/1133885987-8dcd224c/,2049000,Челябинск,2016,,4,99000,1,Не требует ремонта,Оригинал,,"бензин, 180 1.6 AT (156 л.с.)",автоматическая,задний,Правый,Купе,белый,https://avatars.avto.ru/get-autoru-vos/18621059/38f8d0581273e360079ed3a6c8b853cc/1200x900,2026-09-22T05:53:38Z
Lada (ВАЗ),Vesta,Lada (ВАЗ) Vesta I,https://auto.ru/cars/used/sale/vaz/vesta/1134126692-7a282c50/,779000,Челябинск,2020,,5,133014,2,Не требует ремонта,Оригинал,,"бензин, 1.6 MT (106 л.с.)",механическая,передний,Левый,Седан,белый,https://avatars.avto.ru/get-autoru-vos/18071266/e981e1c1a73d08127ca9dd467d0632b0/1200x900,2026-09-22T05:53:38Z
Jaguar,XF,Jaguar XF I Рестайлинг,https://auto.ru/cars/used/sale/jaguar/xf/1133639558-0f364c5b/,1089000,Челябинск,2014,,5,180000,4,Не требует ремонта,Оригинал,R-Sport,"бензин, 2.0 AT (240 л.с.)",автоматическая,задний,Левый,Седан,чёрный,https://avatars.avto.ru/get-autoru-vos/18104669/234ba55ffd6d7770941997a971e41c75/1200x900,2026-09-22T05:53:38Z
Kia,Sportage,Kia Sportage IV,https://auto.ru/cars/used/sale/kia/sportage/1133441030-724d5948/,1369000,Челябинск,2017,,5,188000,4,Не требует ремонта,Дубликат,Comfort 2018 FWC,"бензин, 2.0 AT (150 л.с.) 4WD",автоматическая,полный,Левый,Внедорожник 5 дв.,красный,https://avatars.avto.ru/get-autoru-vos/20656151/8b1998d1284af49c81a32735b4728952/1200x900,2026-09-22T05:53:38Z
Lada (ВАЗ),Vesta,Lada (ВАЗ) Vesta SW I,https://auto.ru/cars/used/sale/vaz/vesta/1133181169-dc7ad55d/,949000,Челябинск,2019,,5,75530,2,Не требует ремонта,Оригинал,Luxe Multimedia (2017-2019),"бензин, SW 1.8 MT (122 л.с.)",механическая,передний,Левый,Универсал 5 дв. SW,серебристый,https://avatars.avto.ru/get-autoru-vos/18861955/80030edc6283d45c45ba88136f48ab4a/1200x900,2026-09-22T05:53:38Z
Hyundai,Solaris,Hyundai Solaris II Рестайлинг,https://auto.ru/cars/used/sale/hyundai/solaris/1133752886-29af1eb6/,1619000,Челябинск,2022,,5,25208,1,Не требует ремонта,Оригинал,,"бензин, 1.6 AT (123 л.с.)",автоматическая,передний,Левый,Седан,белый,https://avatars.avto.ru/get-autoru-vos/17783177/94c91fd4225bde9f7f6e6f5c518fb1b3/1200x900,2026-09-22T05:53:38Z
Opel,Astra,Opel Astra GTC J Рестайлинг,https://auto.ru/cars/used/sale/opel/astra/1131142326-b7872937/,749000,Челябинск,2013,,5,164564,3,Не требует ремонта,Оригинал,Enjoy,"бензин, GTC 1.4 AT (140 л.с.)",автоматическая,передний,Левый,Хэтчбек 3 дв. GTC,белый,https://avatars.avto.ru/get-autoru-vos/1989244/67cff96f0c07e9e23d129bb78264e78e/1200x900,2026-09-22T05:53:38Z
Skoda,Rapid,Skoda Rapid I,https://auto.ru/cars/used/sale/skoda/rapid/1133555430-276fe187/,999000,Челябинск,2017,,5,151429,3,Не требует ремонта,Оригинал,Active,"бензин, 1.6 AT (110 л.с.)",автоматическая,передний,Левый,Лифтбек,серый,https://avatars.avto.ru/get-autoru-vos/19682479/9dd8ca44e002b95d890c46d12d48014b/1200x900,2026-09-22T05:53:38Z
Mercedes-Benz,GLK-Класс,Mercedes-Benz GLK-Класс 350 I (X204),https://auto.ru/cars/used/sale/mercedes/glk_klasse/1133639554-c41d39ce/,1499000,Челябинск,2010,,5,198500,4,Не требует ремонта,Оригинал,Base,"бензин, 350 3.5 AT (272 л.с.) 4WD",автоматическая,полный,Левый,Внедорожник 5 дв.,белый,https://avatars.avto.ru/get-autoru-vos/20487659/7c5f7475e911d85293f729914eeaef2f/1200x900,2026-09-22T05:53:38Z
Opel,Mokka,Opel Mokka I,https://auto.ru/cars/used/sale/opel/mokka/1134021658-50f40a80/,929000,Челябинск,2014,,5,193200,3,Не требует ремонта,Дубликат,,"бензин, 1.8 MT (140 л.с.)",механическая,передний,Левый,Внедорожник 5 дв.,серый,https://avatars.avto.ru/get-autoru-vos/20961665/17638dd14e1206154248ed3069c5303f/1200x900,2026-09-22T05:53:41Z
Hyundai,Getz,Hyundai Getz I Рестайлинг,https://auto.ru/cars/used/sale/hyundai/getz/1134021654-4cf13aa9/,559000,Челябинск,2008,,5,138967,4,Не требует ремонта,Оригинал,,"бензин, 1.4 AT (97 л.с.)",автоматическая,передний,Левый,Хэтчбек 5 дв.,серый,https://avatars.avto.ru/get-autoru-vos/20694092/1b3690961d330388b78c38aa519ea69a/1200x900,2026-09-22T05:53:41Z
Hyundai,Avante,Hyundai Avante VII,https://auto.ru/cars/used/sale/hyundai/avante/1133885979-e9740cbf/,2159000,Челябинск,2020,,5,43892,1,Не требует ремонта,Оригинал,,"бензин, 1.6 CVT (123 л.с.)",вариатор,передний,Левый,Седан,серебристый,https://avatars.avto.ru/get-autoru-vos/20141841/fe60361b86dbf82e58b23268c67e3e68/1200x900,2026-09-22T05:53:41Z
Volkswagen,Tiguan,Volkswagen Tiguan I,https://auto.ru/cars/used/sale/volkswagen/tiguan/1133775352-7b3e701b/,1229000,Челябинск,2010,,5,179000,4,Не требует ремонта,Дубликат,,"бензин, 1.4 MT (150 л.с.) 4WD",механическая,полный,Левый,Внедорожник 5 дв.,серый,https://avatars.avto.ru/get-autoru-vos/17973062/e6ff03a71d12a20ce991d2fa6c2b081f/1200x900,2026-09-22T05:53:41Z
Suzuki,SX4,Suzuki SX4 II (S-Cross) Рестайлинг,https://auto.ru/cars/used/sale/suzuki/sx4/1133786433-78b3688d/,1499000,Челябинск,2018,,5,202000,3,Не требует ремонта,Оригинал,,"бензин, 1.6 MT (117 л.с.)",механическая,передний,Левый,Хэтчбек 5 дв.,красный,https://avatars.avto.ru/get-autoru-vos/20410536/a45dcc833fbf80ac1d2dfa83146a7b9e/1200x900,2026-09-22T05:53:41Z
Chevrolet,Niva,Chevrolet Niva I Рестайлинг,https://auto.ru/cars/used/sale/chevrolet/niva/1134021659-a80c971d/,509000,Челябинск,2013,,5,461359,3,Не требует ремонта,Оригинал,,"бензин, 1.7 MT (80 л.с.) 4WD",механическая,полный,Левый,Внедорожник 5 дв.,серебристый,https://avatars.avto.ru/get-autoru-vos/20961665/ac8d77a614c62d56ad52452c37fd7698/1200x900,2026-09-22T05:53:41Z
Hyundai,Elantra,Hyundai Elantra V (MD) Рестайлинг,https://auto.ru/cars/used/sale/hyundai/elantra/1133885982-d59ab9d8/,1129000,Челябинск,2015,,5,175500,3,Не требует ремонта,Дубликат,,"бензин, 1.8 AT (150 л.с.)",автоматическая,передний,Левый,Седан,серебристый,https://avatars.avto.ru/get-autoru-vos/20487659/e6a008f9008ce51f2e1ef6a8d0ff2a4e/1200x900,2026-09-22T05:53:41Z
Chery,Tiggo 8,Chery Tiggo 8 I,https://auto.ru/cars/used/sale/chery/tiggo_8/1133934000-c5e40e01/,1659000,Челябинск,2020,,5,93000,2,Не требует ремонта,Оригинал,,"бензин, 2.0 CVT (170 л.с.)",вариатор,передний,Левый,Внедорожник 5 дв.,жёлтый,https://photo.auto.ru/photo/get-autoru-vos/17999629/7YQ_NH8ziAch-dWtc1-rL4BSaoE6uaclIuVhtKbETLf3WuWqUMtUGKD8aXbXhCJKpN052rE65VMEEkZ5daP8knWFq1mxS2k3ZU1rDeyYltssREZnNZr7jRwufzd3ExrJtJIoIg2i7iFIjpd6e9SjhkPPqEn8Q14M29tBC5HelNRvCgU/1200x900,2026-09-22T05:53:41Z
Haval,Jolion,Haval Jolion I,https://auto.ru/cars/used/sale/haval/jolion/1132772255-1a77afec/,1639000,Челябинск,2023,,5,66690,2,Не требует ремонта,Оригинал,Comfort Plus,"бензин, 1.5 AMT (143 л.с.)",робот,передний,Левый,Внедорожник 5 дв.,розовый,https://avatars.avto.ru/get-autoru-vos/21177414/f946a7bf221940d986a2f30008280717/1200x900,2026-09-22T05:53:41Z
Lada (ВАЗ),Niva Travel,Lada (ВАЗ) Niva Travel I,https://auto.ru/cars/used/sale/vaz/niva_travel/1133609037-5e9d38d5/,1199000,Челябинск,2024,,5,23400,4,Не требует ремонта,Оригинал,KHL'24 (2023-2024),"бензин, 1.7 MT (83 л.с.) 4WD",механическая,полный,Левый,Внедорожник 5 дв.,белый,https://avatars.avto.ru/get-autoru-vos/17945344/5b1ffbb1cce35afa4ffe2bb5c1ddd168/1200x900,2026-09-22T05:53:41Z
Toyota,Aqua,Toyota Aqua I Рестайлинг 2,https://auto.ru/cars/used/sale/toyota/aqua/1131908928-e8ef8da4/,1259000,Челябинск,2020,,5,121000,1,Не требует ремонта,Оригинал,,"гибрид, 1.5hyb CVT (74 л.с.)",вариатор,передний,Правый,Хэтчбек 5 дв.,белый,https://avatars.avto.ru/get-autoru-vos/17038387/e4cd9e8d0b845184a7dccda374225031/1200x900,2026-09-22T05:53:41Z
Nissan,Almera Classic,Nissan Almera Classic I,https://auto.ru/cars/used/sale/nissan/almera_classic/1134126693-5304bcc5/,559000,Челябинск,2008,,5,351800,1,Не требует ремонта,Оригинал,,"бензин, 1.6 AT (107 л.с.)",автоматическая,передний,Левый,Седан,серый,https://avatars.avto.ru/get-autoru-vos/18790574/df39639bed778e53d9c0b90f3deceab0/1200x900,2026-09-22T05:53:41Z
Peugeot,207,Peugeot 207 I,https://auto.ru/cars/used/sale/peugeot/207/1132785096-e1c29d90/,459000,Челябинск,2006,,5,184340,4,Не требует ремонта,Дубликат,,"дизель, 1.6d MT (110 л.с.)",механическая,передний,Левый,Хэтчбек 3 дв.,чёрный,https://avatars.avto.ru/get-autoru-vos/2161464/ed9c779c9bd2e232d15ce1be3be75c8d/1200x900,2026-09-22T05:53:41Z
Hyundai,Creta,Hyundai Creta I,https://auto.ru/cars/used/sale/hyundai/creta/1133411805-6c526f7f/,1699000,Челябинск,2017,,5,131000,1,Не требует ремонта,Оригинал,Comfort Plus + Advanced,"бензин, 2.0 AT (150 л.с.) 4WD",автоматическая,полный,Левый,Внедорожник 5 дв.,чёрный,https://photo.auto.ru/photo/get-autoru-vos/19792100/9k1zyBxbksi7ETWnAuU35fXiLY9spL-Zxu5CDRBipBACwX8t-6OBuqfW45PP3j85EKoe728C0-3UM6JqdSKywy3kj77vZOUEVp3IgIkbarHRxJ321dTXs12KKyd_jVchSpvppeiEc9ky1fXZbdsWnkexBRos8AuliMWXyKEIrRYIuVY/1200x900,2026-09-22T05:53:41Z
Toyota,RAV4,Toyota RAV4 III (XA30) Рестайлинг,https://auto.ru/cars/used/sale/toyota/rav_4/1133580044-d2c0063a/,1549000,Челябинск,2012,,5,270000,2,Не требует ремонта,Оригинал,,"бензин, 2.0 CVT (148 л.с.) 4WD",вариатор,полный,Левый,Внедорожник 5 дв.,белый,https://avatars.avto.ru/get-autoru-vos/20054636/22cb5cbc395911a43ecd6ee29fe76161/1200x900,2026-09-22T05:53:41Z
Kia,Soul,Kia Soul I,https://auto.ru/cars/used/sale/kia/soul/1133885981-1f47e197/,739000,Челябинск,2010,,5,281000,3,Не требует ремонта,Дубликат,,"дизель, 1.6d AT (128 л.с.)",автоматическая,передний,Левый,Хэтчбек 5 дв.,чёрный,https://avatars.avto.ru/get-autoru-vos/16348430/9bb8a58e7a875a3e738f47d772d68751/1200x900,2026-09-22T05:53:41Z
Chery,Tiggo 7 Pro Max,Chery Tiggo 7 Pro Max I,https://auto.ru/cars/used/sale/chery/tiggo_7_pro_max/1133950472-0265155c/,1679000,Челябинск,2022,,5,78000,1,Не требует ремонта,Оригинал,,"бензин, 1.5 CVT (147 л.с.)",вариатор,передний,Левый,Внедорожник 5 дв.,синий,https://avatars.avto.ru/get-autoru-vos/17973062/6bd9abc5b23a8e6c55af3c1cb3232fa3/1200x900,2026-09-22T05:53:41Z
Opel,Meriva,Opel Meriva A Рестайлинг,https://auto.ru/cars/used/sale/opel/meriva/1134039155-0ed4ec18/,589000,Челябинск,2008,,5,195000,3,Не требует ремонта,Дубликат,,"бензин, 1.6 MT (105 л.с.)",механическая,передний,Левый,Компактвэн,серебристый,https://avatars.avto.ru/get-autoru-vos/17713999/b6ceb349c8469700000cb80c7d877e7f/1200x900,2026-09-22T05:53:41Z
Mitsubishi,Outlander,Mitsubishi Outlander III Рестайлинг 2,https://auto.ru/cars/used/sale/mitsubishi/outlander/1134127194-4831f7a0/,2059000,Челябинск,2016,,5,198213,3,Не требует ремонта,Оригинал,,"бензин, 2.4 CVT (167 л.с.) 4WD",вариатор,полный,Левый,Внедорожник 5 дв.,синий,https://avatars.avto.ru/get-autoru-vos/20009446/a6b25478674fd849a4b4313769644fff/1200x900,2026-09-22T05:53:41Z
Infiniti,EX,Infiniti EX35 I (J50),https://auto.ru/cars/used/sale/infiniti/ex/1134021655-6d174014/,1249000,Челябинск,2008,,5,358000,4,Не требует ремонта,Дубликат,,"бензин, EX35 3.5 AT (295 л.с.) 4WD",автоматическая,полный,Левый,Внедорожник 5 дв.,чёрный,https://avatars.avto.ru/get-autoru-vos/21116822/9063a1300c1f4c8ea008b75cc3fe11f7/1200x900,2026-09-22T05:53:41Z
Nissan,X-Trail,Nissan X-Trail I Рестайлинг,https://auto.ru/cars/used/sale/nissan/x_trail/1133566592-f684633f/,529000,Челябинск,2003,,5,500000,4,Не требует ремонта,Дубликат,,"бензин, 2.0 MT (140 л.с.) 4WD",механическая,полный,Левый,Внедорожник 5 дв.,серебристый,https://avatars.avto.ru/get-autoru-vos/20033387/b771b40143f1dcdfd3b065bda3489ece/1200x900,2026-09-22T05:53:41Z
Mazda,CX-3,Mazda CX-3 I,https://auto.ru/cars/used/sale/mazda/cx_3/1132882131-487b120f/,1399000,Челябинск,2015,,5,140722,2,Не требует ремонта,Оригинал,,"дизель, 1.5d AT (105 л.с.)",автоматическая,передний,Правый,Внедорожник 5 дв.,синий,https://avatars.avto.ru/get-autoru-vos/19063053/147266b983fb902c841e55de1b436110/1200x900,2026-09-22T05:53:41Z
Toyota,Wish,Toyota Wish II Рестайлинг,https://auto.ru/cars/used/sale/toyota/wish/1133291402-1ee19342/,1539000,Челябинск,2014,,6,128575,2,Не требует ремонта,Оригинал,,"бензин, 1.8 CVT (143 л.с.)",вариатор,передний,Правый,Минивэн,чёрный,https://photo.auto.ru/photo/get-autoru-vos/20680164/Euvxqx_IF0MP-log9td0VbnbsI8ZzhLtXBv-BsF-f7e6s-8QK3gC_jhI3ZccZDoUeh4-GdG-R3vRyooxcRaEV0LTe9JE24axDcE32Wclns3cpV_u7_R88VUwvCzLxA_hgRId4i9PzH_6Isk5NZ5F0R-zXwX35dED7BFyjd7nRFcORD4/1200x900,2026-09-22T05:53:41Z
Kia,K3,Kia K3 II,https://auto.ru/cars/used/sale/kia/k3/1132383452-0c0c8ca2/,1749000,Челябинск,2018,,5,52672,2,Не требует ремонта,Оригинал,,"бензин, 1.6 CVT (123 л.с.)",вариатор,передний,Левый,Седан,белый,https://avatars.avto.ru/get-autoru-vos/19634380/81ea16b992f039fe9e921a484914e29a/1200x900,2026-09-22T05:53:41Z
Kia,Sorento,Kia Sorento II Рестайлинг,https://auto.ru/cars/used/sale/kia/sorento/1132798305-375afbb8/,1629000,Челябинск,2014,,5,192600,4,Не требует ремонта,Дубликат,Classic,"бензин, 2.4 MT (175 л.с.) 4WD",механическая,полный,Левый,Внедорожник 5 дв.,серый,https://photo.auto.ru/photo/get-autoru-vos/4762348/zFKSb02Psp7esPwZIRjQ_yhQuTvM8Algu_kAqaRu6_fBBF1yQtL0m5bGLIw79aR4Hg2dU0VDKONazhdorncv29vTHEl1zNbIA8fLj_mJfCdO0QfyuixLBWHsjnuGYaMdyzWHWAMrDAFQ-MJlJNwoeHD9YNLk5hYY53gPjpgh0PCvi0o/1200x900,2026-09-22T05:53:41Z
Exeed,RX,Exeed RX,https://auto.ru/cars/used/sale/exeed/rx/1133602286-f7e6427d/,2889000,Челябинск,2023,,5,70000,2,Не требует ремонта,Оригинал,Platinum,"бензин, 2.0 AMT (249 л.с.) 4WD",робот,полный,Левый,Внедорожник 5 дв.,серебристый,https://avatars.avto.ru/get-autoru-vos/20740510/47e0579d1ec3175e29568b3344ae016d/1200x900,2026-09-22T05:53:41Z
Toyota,RAV4,Toyota RAV4 III (XA30) Рестайлинг,https://auto.ru/cars/used/sale/toyota/rav_4/1133527329-043b5e4f/,1529000,Челябинск,2012,,5,202000,3,Не требует ремонта,Оригинал,,"бензин, 2.0 CVT (148 л.с.) 4WD",вариатор,полный,Левый,Внедорожник 5 дв.,серебристый,https://avatars.avto.ru/get-autoru-vos/18101889/1f53b2d63b2217882898ab4a39b6d835/1200x900,2026-09-22T05:53:41Z
Mercedes-Benz,C-Класс,Mercedes-Benz C-Класс 250 III (W204) Рестайлинг,https://auto.ru/cars/used/sale/mercedes/c_klasse/1132636219-7a07d487/,1299000,Челябинск,2012,,5,137510,4,Не требует ремонта,Дубликат,C 250,"бензин, 250 1.8 AT (204 л.с.)",автоматическая,задний,Левый,Седан,серый,https://avatars.avto.ru/get-autoru-vos/18535762/d8338ae1de10521d1f89c0b5eae73747/1200x900,2026-09-22T05:53:41Z
Mitsubishi,Outlander,Mitsubishi Outlander III Рестайлинг,https://auto.ru/cars/used/sale/mitsubishi/outlander/1134200872-f0bb5237/,1559000,Челябинск,2014,,5,179230,3,Не требует ремонта,Дубликат,,"бензин, 2.4 CVT (167 л.с.) 4WD",вариатор,полный,Левый,Внедорожник 5 дв.,белый,https://avatars.avto.ru/get-autoru-vos/18861955/1fbd1d7a0aca35d8690cd28ab3df3be3/1200x900,2026-09-22T05:53:41Z
Mitsubishi,Outlander,Mitsubishi Outlander III Рестайлинг 2,https://auto.ru/cars/used/sale/mitsubishi/outlander/1133951553-027d3362/,1579000,Челябинск,2016,,5,214000,1,Не требует ремонта,Оригинал,,"бензин, 2.0 CVT (146 л.с.) 4WD",вариатор,полный,Левый,Внедорожник 5 дв.,чёрный,https://avatars.avto.ru/get-autoru-vos/20829654/9f4bbc78b657559404b261bc8c387de5/1200x900,2026-09-22T05:53:41Z
Geely,Atlas,Geely Atlas I,https://auto.ru/cars/used/sale/geely/atlas/1132785100-32045048/,1529000,Челябинск,2020,,5,97200,1,Не требует ремонта,Оригинал,Базовая,"бензин, 2.0 MT (139 л.с.)",механическая,передний,Левый,Внедорожник 5 дв.,серый,https://photo.auto.ru/photo/get-autoru-vos/18104669/2l84PP-NK_bSqeDQhTRjs2WtrnK3Mnj_U9A2klIeXU60KFHgvcgnE3NjkNhh5xyuZwiLMGAPiNB-YvmogZ-4BObsntAwSFdna6Fc4bmy45vLamwnuUBef801Q28SVydF-1nfqmf4O2kKDc57YZvkr79mM3Zkedg2zd4vyaXhHGs_UHA/1200x900,2026-09-22T05:53:41Z
Opel,Mokka,Opel Mokka I,https://auto.ru/cars/used/sale/opel/mokka/1134231596-b37b14f2/,999000,Челябинск,2014,,5,136000,2,Не требует ремонта,Оригинал,,"бензин, 1.8 MT (140 л.с.)",механическая,передний,Левый,Внедорожник 5 дв.,белый,https://avatars.avto.ru/get-autoru-vos/20193191/1fde9f3562e043e9b9ce1fce12c9f686/1200x900,2026-09-22T05:53:41Z
Renault,Duster,Renault Duster I Рестайлинг,https://auto.ru/cars/used/sale/renault/duster/1134111174-7e9069a9/,1529000,Челябинск,2018,,5,54000,1,Не требует ремонта,Оригинал,,"бензин, 2.0 MT (143 л.с.) 4WD",механическая,полный,Левый,Внедорожник 5 дв.,белый,https://avatars.avto.ru/get-autoru-vos/17906453/8100c52de74d80acbbc0e891ba5df8dc/1200x900,2026-09-22T05:53:41Z
SsangYong,Actyon,SsangYong Actyon II,https://auto.ru/cars/used/sale/ssang_yong/actyon/1132226888-91aba9bd/,760000,Челябинск,2013,,5,115150,4,Не требует ремонта,Дубликат,Original,"дизель, 2.0d MT (149 л.с.) 4WD",механическая,полный,Левый,Внедорожник 5 дв.,серебристый,https://avatars.avto.ru/get-autoru-vos/18104669/7ca361627abede9306a778892354e4bf/1200x900,2026-09-22T05:53:41Z
Renault,Kaptur,Renault Kaptur I,https://auto.ru/cars/used/sale/renault/kaptur/1134038483-30ab5fea/,1299000,Челябинск,2016,,5,100149,3,Не требует ремонта,Оригинал,,"бензин, 1.6 CVT (114 л.с.)",вариатор,передний,Левый,Внедорожник 5 дв.,белый,https://avatars.avto.ru/get-autoru-vos/20200701/019807eba5f8c8088ede4a7a94becf67/1200x900,2026-09-22T05:53:41Z
Hyundai,i30,Hyundai i30 II Рестайлинг,https://auto.ru/cars/used/sale/hyundai/i30/1134231595-af24d673/,1199000,Челябинск,2016,,5,175076,3,Не требует ремонта,Оригинал,,"бензин, 1.6 MT (130 л.с.)",механическая,передний,Левый,Универсал 5 дв.,белый,https://avatars.avto.ru/get-autoru-vos/20116688/cb45d5ad198b5890282d24d2b5177603/1200x900,2026-09-22T05:53:41Z
Datsun,on-DO,Datsun on-DO I,https://auto.ru/cars/used/sale/datsun/on_do/1134031890-18fa9854/,399000,Челябинск,2019,,5,122500,1,Не требует ремонта,Оригинал,,"бензин, 1.6 MT (87 л.с.)",механическая,передний,Левый,Седан,белый,https://avatars.avto.ru/get-autoru-vos/4559796/a99609ee741c9c1f14f1dca3f8c81fba/1200x900,2026-09-22T05:53:41Z
Volkswagen,Golf,Volkswagen Golf VII,https://auto.ru/cars/used/sale/volkswagen/golf/1133520288-1796f659/,1129000,Челябинск,2013,,5,215200,3,Не требует ремонта,Оригинал,Comfortline,"бензин, 1.4 MT (122 л.с.)",механическая,передний,Левый,Хэтчбек 5 дв.,чёрный,https://avatars.avto.ru/get-autoru-vos/20193191/b20d9e6cbef5639f453a7686569328d9/1200x900,2026-09-22T05:53:44Z
Kia,Ceed,Kia Ceed I,https://auto.ru/cars/used/sale/kia/ceed/1133724711-ba5cfe36/,599000,Челябинск,2009,,5,209000,4,Не требует ремонта,Дубликат,,"бензин, 1.6 MT (122 л.с.)",механическая,передний,Левый,Хэтчбек 5 дв.,жёлтый,https://photo.auto.ru/photo/get-autoru-vos/17913096/U_MDb-PNB77TSSMRg7NUXtCR9yjLVS2oaeanj9Q1hPxWiaFTF758x8QN5UH688eVCoonqTB59kGy2p425Yyamk3VAERGX0DqxxLIW4BUWpP-AWafrOCE4zdXwjnAWfCsgUO3PwIpnEA0uc91b1La6ydgoZ2X8Ka8eXxO7_J8LYleBQ/1200x900,2026-09-22T05:53:44Z
Toyota,Camry,Toyota Camry VI (XV40),https://auto.ru/cars/used/sale/toyota/camry/1133885990-ca238e49/,1189000,Челябинск,2008,,5,280000,4,Не требует ремонта,Дубликат,,"бензин, 2.4 AT (167 л.с.)",автоматическая,передний,Левый,Седан,серый,https://avatars.avto.ru/get-autoru-vos/20009446/bdc3c5a5c067919b4a56c29845d751b9/1200x900,2026-09-22T05:53:44Z
Renault,Fluence,Renault Fluence I Рестайлинг,https://auto.ru/cars/used/sale/renault/fluence/1134052439-a72269c2/,659000,Челябинск,2013,,5,308633,3,Не требует ремонта,Оригинал,,"бензин, 1.6 MT (106 л.с.)",механическая,передний,Левый,Седан,серебристый,https://avatars.avto.ru/get-autoru-vos/15404718/b14672bd7eec811a4ef4b9a764142500/1200x900,2026-09-22T05:53:44Z
Mercedes-Benz,E-Класс,"Mercedes-Benz E-Класс 200 V (W213, S213, C238)",https://auto.ru/cars/used/sale/mercedes/e_klasse/1134120392-cbcec2e9/,3149000,Челябинск,2019,,5,135000,4,Не требует ремонта,Дубликат,,"бензин, 200 2.0 AT (197 л.с.) 4WD",автоматическая,полный,Левый,Седан,чёрный,https://avatars.avto.ru/get-autoru-vos/18006848/f57843360064a4b3b3ceee15685f2973/1200x900,2026-09-22T05:53:44Z
Lada (ВАЗ),Granta,Lada (ВАЗ) Granta I,https://auto.ru/cars/used/sale/vaz/granta/1134167168-725b1512/,519000,Челябинск,2017,,5,140900,2,Не требует ремонта,Оригинал,,"бензин, 1.6 MT (87 л.с.)",механическая,передний,Левый,Седан,белый,https://avatars.avto.ru/get-autoru-vos/20680164/fe38c698d1619eba36f969868542d76b/1200x900,2026-09-22T05:53:44Z
Chevrolet,Malibu,Chevrolet Malibu VIII,https://auto.ru/cars/used/sale/chevrolet/malibu/1133682754-8bbe4259/,929000,Челябинск,2012,,5,253000,4,Не требует ремонта,Дубликат,,"бензин, 2.4 AT (167 л.с.)",автоматическая,передний,Левый,Седан,серебристый,https://avatars.avto.ru/get-autoru-vos/17642370/535070984dbdbfb868d2a983056c23ca/1200x900,2026-09-22T05:53:44Z
Chevrolet,Lacetti,Chevrolet Lacetti I,https://auto.ru/cars/used/sale/chevrolet/lacetti/1133783606-8401ee45/,629000,Челябинск,2012,,5,243000,3,Не требует ремонта,Оригинал,,"бензин, 1.6 MT (109 л.с.)",механическая,передний,Левый,Универсал 5 дв.,красный,https://photo.auto.ru/photo/get-autoru-vos/2168684/Flb6kgrU6knXklXfLXnCQjH5-gUF15AAbz9lrn0eywzUwe89Vry3SxO9SPSP9vKWPO655ejEwcS1a9yCgkcaTzSg_CVdyn6iygQ09lulSvwKs3Xy9_IzB0pGBBbb2SaB5kyfP9ZcPRnsHhUDldL3diNiGNIq0mtHvh_i7r6OdDEA5A/1200x900,2026-09-22T05:53:44Z
Datsun,on-DO,Datsun on-DO I,https://auto.ru/cars/used/sale/datsun/on_do/1134209752-599e4ea7/,509000,Челябинск,2018,,5,117104,1,Не требует ремонта,Оригинал,,"бензин, 1.6 MT (106 л.с.)",механическая,передний,Левый,Седан,коричневый,https://avatars.avto.ru/get-autoru-vos/17709910/55c66af65cc82a328b84f6450679754e/1200x900,2026-09-22T05:53:44Z
Nissan,X-Trail,Nissan X-Trail III,https://auto.ru/cars/used/sale/nissan/x_trail/1133978533-f22002fe/,1879000,Челябинск,2016,,5,159700,3,Не требует ремонта,Оригинал,,"бензин, 2.5 CVT (171 л.с.) 4WD",вариатор,полный,Левый,Внедорожник 5 дв.,белый,https://avatars.avto.ru/get-autoru-vos/17783177/e9f2beb853f35a592470c60a77c040fa/1200x900,2026-09-22T05:53:44Z
Lada (ВАЗ),Largus,Lada (ВАЗ) Largus I Рестайлинг,https://auto.ru/cars/used/sale/vaz/largus/1133885984-fb3e8c67/,1279000,Челябинск,2022,,5,40500,2,Не требует ремонта,Оригинал,,"бензин, 1.6 MT (106 л.с.)",механическая,передний,Левый,Универсал 5 дв.,белый,https://avatars.avto.ru/get-autoru-vos/2073325/eb730cf8515dcc620834bd0e0015c407/1200x900,2026-09-22T05:53:44Z
Toyota,Auris,Toyota Auris I,https://auto.ru/cars/used/sale/toyota/auris/1133978530-c2df5566/,699000,Челябинск,2007,,5,205000,4,Не требует ремонта,Дубликат,,"бензин, 1.8 CVT (136 л.с.)",вариатор,передний,Правый,Хэтчбек 5 дв.,серебристый,https://avatars.avto.ru/get-autoru-vos/18046040/c18ecb2e369201b2ad2613b20fa3a4a2/1200x900,2026-09-22T05:53:44Z
Kia,Ceed,Kia Ceed II Рестайлинг,https://auto.ru/cars/used/sale/kia/ceed/1133895152-bc927f7f/,1199000,Челябинск,2016,,5,116000,2,Не требует ремонта,Оригинал,,"бензин, 1.6 MT (130 л.с.)",механическая,передний,Левый,Хэтчбек 5 дв.,белый,https://avatars.avto.ru/get-autoru-vos/2153231/9dbe5f1b7a6735d798cf813012f73752/1200x900,2026-09-22T05:53:44Z
Toyota,Land Cruiser Prado,Toyota Land Cruiser Prado 150 Series Рестайлинг 1,https://auto.ru/cars/used/sale/toyota/land_cruiser_prado/1133083533-8c46c125/,4079000,Челябинск,2016,,5,163200,3,Не требует ремонта,Оригинал,Комфорт,"дизель, 2.8d AT (177 л.с.) 4WD",автоматическая,полный,Левый,Внедорожник 5 дв.,чёрный,https://avatars.avto.ru/get-autoru-vos/16124386/09a7d5852ed883effa502a58d05c6201/1200x900,2026-09-22T05:53:44Z
Toyota,Land Cruiser,Toyota Land Cruiser 100 Series Рестайлинг 1,https://auto.ru/cars/used/sale/toyota/land_cruiser/1133434339-43454860/,1779000,Челябинск,2003,,5,530000,4,Не требует ремонта,Дубликат,,"дизель, 4.2d AT (204 л.с.) 4WD",автоматическая,полный,Левый,Внедорожник 5 дв.,чёрный,https://avatars.avto.ru/get-autoru-vos/20392446/c19f0fa79b40736663c10f4857d7ac53/1200x900,2026-09-22T05:53:44Z
Mazda,3,Mazda 3 I (BK) Рестайлинг,https://auto.ru/cars/used/sale/mazda/3/1133783602-45c3ef47/,649000,Челябинск,2008,,5,295000,3,Не требует ремонта,Оригинал,,"бензин, 1.6 MT (105 л.с.)",механическая,передний,Левый,Хэтчбек 5 дв.,серебристый,https://photo.auto.ru/photo/get-autoru-vos/18139133/NCpgQIgztGr535Nh4gyr1-bTMl9Evg5LwYZ9gUuvkmVQlMD6524Lbg7_Fxyq6U6NUdSHjcv82ZKELq55hpuZ9WzYH2Mve8FCkolRXcJpJVlXttCQQYzQpoNlKAu88-J_xc1Ovtz9VYGjH8q9OTdy1KVlN2wg5DOsoIS1cDMT1jPqmA/1200x900,2026-09-22T05:53:44Z
Skoda,Octavia,Skoda Octavia II (A5) Рестайлинг,https://auto.ru/cars/used/sale/skoda/octavia/1134220605-f7d1050d/,989000,Челябинск,2013,,5,224388,4,Не требует ремонта,Дубликат,,"бензин, 1.6 AT (102 л.с.)",автоматическая,передний,Левый,Лифтбек,белый,https://photo.auto.ru/photo/get-autoru-vos/17713999/dfqbG-bGMZzOpOXHMpfXOZmi4K1oibsn5SHoGGlDujiqdlQQkcmiXFDW34UwrSr0wJI-KwUETdBF6EsMmY4zLD4Y3-WlBOkd_roW4Q7Ggb0_O_GV_Cf-dJ5MKO6IcM3w630yAPhaK_wg3gxawqJ8qyjx1TRGXFs-eV8qegQfUxIxEw/1200x900,2026-09-22T05:53:44Z
Skoda,Superb,Skoda Superb DSG II Рестайлинг,https://auto.ru/cars/used/sale/skoda/superb/1133475588-ad211bb9/,1379000,Челябинск,2014,,5,180000,4,Не требует ремонта,Оригинал,Active,"бензин, DSG 1.8 AMT (152 л.с.)",робот,передний,Левый,Лифтбек,белый,https://avatars.avto.ru/get-autoru-vos/21151957/5bdac971f3024e3c8f1fdc440ea3e14f/1200x900,2026-09-22T05:53:44Z
Hyundai,Tucson,Hyundai Tucson I,https://auto.ru/cars/used/sale/hyundai/tucson/1134096215-4980aa4d/,799000,Челябинск,2008,,5,357944,4,Не требует ремонта,Дубликат,,"бензин, 2.0 AT (141 л.с.) 4WD",автоматическая,полный,Левый,Внедорожник 5 дв.,чёрный,https://avatars.avto.ru/get-autoru-vos/17993102/3f5a470a49b1aecee9d014acbed75955/1200x900,2026-09-22T05:53:44Z
Mazda,6,Mazda 6 II (GH),https://auto.ru/cars/used/sale/mazda/6/1134031889-e6105a82/,779000,Челябинск,2008,,5,268500,4,Не требует ремонта,Дубликат,,"бензин, 2.0 MT (147 л.с.)",механическая,передний,Левый,Седан,фиолетовый,https://avatars.avto.ru/get-autoru-vos/17906453/8f9d260e3127cf492290c584c1d70e2a/1200x900,2026-09-22T05:53:44Z
Nissan,X-Trail,Nissan X-Trail III,https://auto.ru/cars/used/sale/nissan/x_trail/1133921989-d651b31a/,1829000,Челябинск,2015,,5,167400,1,Не требует ремонта,Оригинал,,"бензин, 2.0 CVT (144 л.с.) 4WD",вариатор,полный,Левый,Внедорожник 5 дв.,синий,https://avatars.avto.ru/get-autoru-vos/4821746/d80a77cf6e08a7bb194cbd6fdbb09c29/1200x900,2026-09-22T05:53:44Z
Lada (ВАЗ),Largus,Lada (ВАЗ) Largus I,https://auto.ru/cars/used/sale/vaz/largus/1133150706-c701ff17/,669000,Челябинск,2013,,5,228121,4,Не требует ремонта,Оригинал,Luxe (5 мест) (2015-2017),"бензин, 1.6 MT (105 л.с.)",механическая,передний,Левый,Универсал 5 дв.,серый,https://photo.auto.ru/photo/get-autoru-vos/20363536/adl-fS1W_LF9SwdWkjgU0MDRJPXx4r0oqfwG27mrOpLUqeyUsofac4UxR_0Q1dUTkvp9zgS7I8oa_HzuViehOCDs4aEmRrLUCO-6zDSGPnB1d73nRq4dLFIw2UfrdlI6srKOYTRORm3jAwjYglMoOAzjqkpeG9h1B1oKSpnhMD5YNQ/1200x900,2026-09-22T05:53:44Z
Lada (ВАЗ),Niva Travel,Lada (ВАЗ) Niva Travel I,https://auto.ru/cars/used/sale/vaz/niva_travel/1133698354-2abb3986/,1019000,Челябинск,2024,,5,33000,1,Не требует ремонта,Оригинал,,"бензин, 1.7 MT (83 л.с.) 4WD",механическая,полный,Левый,Внедорожник 5 дв.,зелёный,https://avatars.avto.ru/get-autoru-vos/17786981/7513912211041bfc94d622cd24795ca0/1200x900,2026-09-22T05:53:44Z
Toyota,Avensis,Toyota Avensis II Рестайлинг,https://auto.ru/cars/used/sale/toyota/avensis/1133943318-ca7c22ba/,879000,Челябинск,2007,,5,444384,4,Не требует ремонта,Оригинал,,"бензин, 1.8 MT (129 л.с.)",механическая,передний,Левый,Седан,чёрный,https://avatars.avto.ru/get-autoru-vos/16135405/86c23133c24c912234fbba0ec107a8fc/1200x900,2026-09-22T05:53:44Z
Kia,Sorento,Kia Sorento IV,https://auto.ru/cars/used/sale/kia/sorento/1131287032-362482be/,3849000,Челябинск,2021,,5,87141,2,Не требует ремонта,Оригинал,Comfort (2020-2021),"бензин, 2.5 AT (179 л.с.) 4WD",автоматическая,полный,Левый,Внедорожник 5 дв.,синий,https://avatars.avto.ru/get-autoru-vos/16743792/351096a074fa354a191dd2bcc2343d65/1200x900,2026-09-22T05:53:44Z
Kia,K5,Kia K5 III,https://auto.ru/cars/used/sale/kia/k5/1132993399-7bc41382/,2849000,Челябинск,2021,,5,90000,2,Не требует ремонта,Оригинал,Luxe,"бензин, 2.5 AT (194 л.с.)",автоматическая,передний,Левый,Седан,белый,https://avatars.avto.ru/get-autoru-vos/20392446/910cb481a75cb083079463da869be829/1200x900,2026-09-22T05:53:44Z
Skoda,Yeti,Skoda Yeti I,https://auto.ru/cars/used/sale/skoda/yeti/1134031893-c30ba741/,699000,Челябинск,2012,,5,202000,3,Не требует ремонта,Оригинал,,"бензин, 1.2 AMT (105 л.с.)",робот,передний,Левый,Внедорожник 5 дв.,серебристый,https://avatars.avto.ru/get-autoru-vos/19811519/dc30c8dffb7c27af3a63d6e77719db87/1200x900,2026-09-22T05:53:44Z
Nissan,Note,Nissan Note e-Power II Рестайлинг,https://auto.ru/cars/used/sale/nissan/note/1133602287-1917caea/,1099000,Челябинск,2016,,5,87501,3,Не требует ремонта,Оригинал,,"гибрид, e-Power 1.2hyb AT (109 л.с.)",автоматическая,передний,Правый,Хэтчбек 5 дв.,чёрный,https://avatars.avto.ru/get-autoru-vos/17841911/0300c0c4d0cf97eb3225e29b4f59586f/1200x900,2026-09-22T05:53:44Z
Suzuki,SX4,Suzuki SX4 I (Classic),https://auto.ru/cars/used/sale/suzuki/sx4/1133592502-9f1fbe10/,609000,Челябинск,2008,,5,231800,4,Не требует ремонта,Дубликат,,"бензин, 1.6 MT (106 л.с.)",механическая,передний,Левый,Седан,серебристый,https://photo.auto.ru/photo/get-autoru-vos/18989329/znupXCoU4WQhlbwOo895TIf6irZFFI-3AhvUd5HTx4-sBeXKnytXlb2PgvsA6fOos4uIUaaPrM3oSXEM5xDcXUzXpghoZ1rI2YX-sMQQ8gV7IGb1BJpmoI2KM-QEXAoQzXlRYEHAQEDrnloxDpIson0IUu492BRkVgvGDBY63oaKew/1200x900,2026-09-22T05:53:44Z
Opel,Mokka,Opel Mokka I,https://auto.ru/cars/used/sale/opel/mokka/1133691635-55b02fe4/,1119000,Челябинск,2014,,5,101000,4,Не требует ремонта,Оригинал,,"бензин, 1.8 MT (140 л.с.)",механическая,передний,Левый,Внедорожник 5 дв.,коричневый,https://avatars.avto.ru/get-autoru-vos/2198467/537862f2ae1e76b4a04632acf821d14f/1200x900,2026-09-22T05:53:44Z
Nissan,X-Trail,Nissan X-Trail III Рестайлинг,https://auto.ru/cars/used/sale/nissan/x_trail/1133885998-22ff19ea/,2499000,Челябинск,2018,,5,81705,4,Не требует ремонта,Оригинал,,"бензин, 2.5 CVT (171 л.с.) 4WD",вариатор,полный,Левый,Внедорожник 5 дв.,белый,https://avatars.avto.ru/get-autoru-vos/16135405/d8700c18135fa6f848f3f6fe0db88441/1200x900,2026-09-22T05:53:44Z
Lada (ВАЗ),Niva Travel,Lada (ВАЗ) Niva Travel I,https://auto.ru/cars/used/sale/vaz/niva_travel/1133979751-96b18f86/,1259000,Челябинск,2023,,5,35600,1,Не требует ремонта,Оригинал,,"бензин, 1.7 MT (80 л.с.) 4WD",механическая,полный,Левый,Внедорожник 5 дв.,зелёный,https://avatars.avto.ru/get-autoru-vos/20694092/9f96d3e175f8e76769450fc6b15fcc1d/1200x900,2026-09-22T05:53:44Z
Mitsubishi,Lancer,Mitsubishi Lancer X,https://auto.ru/cars/used/sale/mitsubishi/lancer/1133352072-d52c994e/,449000,Челябинск,2007,,5,280000,4,Не требует ремонта,Дубликат,,"бензин, 1.5 MT (109 л.с.)",механическая,передний,Левый,Седан,красный,https://avatars.avto.ru/get-autoru-vos/20033387/177cb0af9f782e85c5aef34dfd6a6ec2/1200x900,2026-09-22T05:53:44Z
Mercedes-Benz,GLE,Mercedes-Benz GLE 300 d II (V167),https://auto.ru/cars/used/sale/mercedes/gle_klasse/1132548145-842d0d8a/,5929000,Челябинск,2021,,5,108800,3,Не требует ремонта,Оригинал,300 d 4MATIC Premium,"дизель, 300 d 2.0d AT (245 л.с.) 4WD",автоматическая,полный,Левый,Внедорожник 5 дв.,синий,https://avatars.avto.ru/get-autoru-vos/16409627/1cf25c8cda7391cb3330759f25826366/1200x900,2026-09-22T05:53:44Z
Opel,Astra,Opel Astra GTC J Рестайлинг,https://auto.ru/cars/used/sale/opel/astra/1134200104-9546a25f/,779000,Челябинск,2012,,5,123720,3,Не требует ремонта,Дубликат,,"бензин, GTC 1.8 MT (140 л.с.)",механическая,передний,Левый,Хэтчбек 3 дв. GTC,белый,https://photo.auto.ru/photo/get-autoru-vos/20104625/SVo2t-IfGzsWytjnip0lo99ZX0HvkF_96jF0NszTfiHRmZuQFTem7mwZCrgt8U9rUFuJq9EYgH5g0Y6tcnX3fcvkpXsLXB8HislRt5pHrDNd_hMdIaNhk94kGBi7KbKpViNtyK1hHsL3OaMjJB5SW41MEfO3tuwz1VuVghqhRzraQg/1200x900,2026-09-22T05:53:44Z
Subaru,Forester,Subaru Forester V Рестайлинг,https://auto.ru/cars/used/sale/subaru/forester/1133682753-cb255999/,3529000,Челябинск,2022,,5,33300,1,Не требует ремонта,Оригинал,,"бензин, 1.8 CVT (177 л.с.) 4WD",вариатор,полный,Правый,Внедорожник 5 дв.,чёрный,https://avatars.avto.ru/get-autoru-vos/17720009/1cc3194eaec641b5970e670b9b5c1346/1200x900,2026-09-22T05:53:44Z
Chevrolet,Niva,Chevrolet Niva I Рестайлинг,https://auto.ru/cars/used/sale/chevrolet/niva/1134126691-533d1454/,479000,Челябинск,2012,,5,155900,4,Не требует ремонта,Дубликат,,"бензин, 1.7 MT (80 л.с.) 4WD",механическая,полный,Левый,Внедорожник 5 дв.,серый,https://avatars.avto.ru/get-autoru-vos/18143138/443188fb7ec4760063b7615fea84eaef/1200x900,2026-09-22T05:53:44Z
Mitsubishi,Colt,Mitsubishi Colt VI (Z20/Z30),https://auto.ru/cars/used/sale/mitsubishi/colt/1133943323-91f9f6b0/,589000,Челябинск,2008,,5,116000,3,Не требует ремонта,Дубликат,,"бензин, 1.3 AMT (95 л.с.)",робот,передний,Левый,Хэтчбек 5 дв.,серебристый,https://avatars.avto.ru/get-autoru-vos/1998570/d779bacf9ffad62564b9a8d448347de2/1200x900,2026-09-22T05:53:47Z
BMW,5 серии,BMW 5 серии 520d VI (F10/F11/F07),https://auto.ru/cars/used/sale/bmw/5er/1134209753-05297b79/,1809000,Челябинск,2011,,5,291000,4,Не требует ремонта,Дубликат,,"дизель, 520d 2.0d AT (184 л.с.)",автоматическая,задний,Левый,Седан,белый,https://avatars.avto.ru/get-autoru-vos/18989329/8a90b5d3cd093f1f7e607929bc191ade/1200x900,2026-09-22T05:53:47Z
Mazda,6,Mazda 6 II (GH) Рестайлинг,https://auto.ru/cars/used/sale/mazda/6/1133482947-d651822b/,1079000,Челябинск,2011,,5,194774,4,Не требует ремонта,Дубликат,Impulse Line,"бензин, 2.0 AT (147 л.с.)",автоматическая,передний,Левый,Седан,коричневый,https://avatars.avto.ru/get-autoru-vos/16308788/1b23324a70bd2731cdee5eea8a08e9b6/1200x900,2026-09-22T05:53:47Z
Ford,Focus,Ford Focus III,https://auto.ru/cars/used/sale/ford/focus/1131607169-1462d48c/,609000,Челябинск,2013,,5,249000,2,Не требует ремонта,Оригинал,SYNC Edition,"бензин, 1.6 MT (105 л.с.)",механическая,передний,Левый,Универсал 5 дв.,синий,https://avatars.avto.ru/get-autoru-vos/1711983/67a8b1dc5294e3cc0f7e0a1fff3dd2a3/1200x900,2026-09-22T05:53:47Z
Volkswagen,Jetta,Volkswagen Jetta VI,https://auto.ru/cars/used/sale/volkswagen/jetta/1134082219-3e0ab1ab/,899000,Челябинск,2013,,5,137300,3,Не требует ремонта,Оригинал,,"бензин, 1.6 MT (105 л.с.)",механическая,передний,Левый,Седан,белый,https://avatars.avto.ru/get-autoru-vos/19816781/a5199331666eda706d538bd629771983/1200x900,2026-09-22T05:53:47Z
Mazda,3,Mazda 3 II (BL) Рестайлинг,https://auto.ru/cars/used/sale/mazda/3/1134184633-b43e7cd8/,979000,Челябинск,2011,,5,223689,2,Не требует ремонта,Оригинал,,"бензин, 1.6 AT (105 л.с.)",автоматическая,передний,Левый,Седан,белый,https://avatars.avto.ru/get-autoru-vos/21058297/d35a37b9b4cd8703be8e4d158016c555/1200x900,2026-09-22T05:53:47Z
Toyota,Auris,Toyota Auris I,https://auto.ru/cars/used/sale/toyota/auris/1133520880-74fb0eaf/,719000,Челябинск,2008,,5,222000,4,Не требует ремонта,Оригинал,,"бензин, 1.6 AMT (124 л.с.)",робот,передний,Левый,Хэтчбек 5 дв.,голубой,https://avatars.avto.ru/get-autoru-vos/18535762/188e924ebcc82384a2538d363c479cef/1200x900,2026-09-22T05:53:47Z
Peugeot,308,Peugeot 308 II Рестайлинг,https://auto.ru/cars/used/sale/peugeot/308/1134217251-64c6f579/,1329000,Челябинск,2017,,5,154000,2,Не требует ремонта,Оригинал,,"бензин, 1.2 MT (110 л.с.)",механическая,передний,Левый,Универсал 5 дв.,синий,https://avatars.avto.ru/get-autoru-vos/20680164/083701f091047690b4d1ded57a7bd932/1200x900,2026-09-22T05:53:47Z
Peugeot,408,Peugeot 408 I,https://auto.ru/cars/used/sale/peugeot/408/1133555431-acb1fac9/,659000,Челябинск,2013,,5,181000,3,Не требует ремонта,Оригинал,,"бензин, 1.6 MT (110 л.с.)",механическая,передний,Левый,Седан,золотистый,https://avatars.avto.ru/get-autoru-vos/20392446/552276c1b53df4152dd71827915fa45f/1200x900,2026-09-22T05:53:47Z
Kia,Optima,Kia Optima IV,https://auto.ru/cars/used/sale/kia/optima/1133163475-34088496/,1549000,Челябинск,2017,,5,202000,3,Не требует ремонта,Дубликат,Luxe FCC 2017,"бензин, 2.0 AT (150 л.с.)",автоматическая,передний,Левый,Седан,коричневый,https://avatars.avto.ru/get-autoru-vos/16348430/5fbcedfeb53233b3877167d6bcbb9b0c/1200x900,2026-09-22T05:53:47Z
Lada (ВАЗ),Kalina,Lada (ВАЗ) Kalina I,https://auto.ru/cars/used/sale/vaz/kalina/1134184634-f3703b96/,339000,Челябинск,2008,,5,171900,4,Не требует ремонта,Дубликат,,"бензин, 1.4 MT (89 л.с.)",механическая,передний,Левый,Хэтчбек 5 дв.,синий,https://avatars.avto.ru/get-autoru-vos/20507677/459d0f86848b4a27c76ec3b00b9bac88/1200x900,2026-09-22T05:53:47Z
Chrysler,Sebring,Chrysler Sebring II,https://auto.ru/cars/used/sale/chrysler/sebring/1132990597-d51a6283/,399000,Челябинск,2002,,5,236500,3,Не требует ремонта,Дубликат,,"бензин, 2.0 MT (141 л.с.)",механическая,передний,Левый,Седан,белый,https://avatars.avto.ru/get-autoru-vos/20180167/a706666804f63d4d0da92b552c29edc3/1200x900,2026-09-22T05:53:47Z
Toyota,Prius,Toyota Prius IV (XW50),https://auto.ru/cars/used/sale/toyota/prius/1133264898-5981a056/,1429000,Челябинск,2017,,5,185000,1,Не требует ремонта,Оригинал,Люкс,"гибрид, 1.8hyb AT (98 л.с.)",автоматическая,передний,Правый,Лифтбек,серебристый,https://avatars.avto.ru/get-autoru-vos/19816781/a1422c9fb7ee1e515f4b7a061a62fef3/1200x900,2026-09-22T05:53:47Z
Kia,Ceed,Kia Ceed I Рестайлинг,https://auto.ru/cars/used/sale/kia/ceed/1133886000-20b647ff/,999000,Челябинск,2012,,5,335000,3,Не требует ремонта,Оригинал,,"бензин, 1.6 AT (125 л.с.)",автоматическая,передний,Левый,Универсал 5 дв.,серый,https://photo.auto.ru/photo/get-autoru-vos/19831563/8mRkGWtVorq29hHuI4EmyywaDyc_uwPXDuTl4Jafu94IT6nPZxBSMI_efjT2K0ZHlWMpKFt5YdE--KadigKsigP293mcGTvONezkCTzUHDuCLAFmaCEKy5NpGsJX9NWwkvZj6UIKmhVqa-BUPaYU2WqIlmvMmJOqAe0y6578eWahOHU/1200x900,2026-09-22T05:53:47Z
Opel,Astra,Opel Astra J,https://auto.ru/cars/used/sale/opel/astra/1133885978-6644515d/,999000,Челябинск,2011,,5,70842,4,Не требует ремонта,Оригинал,,"бензин, 1.6 AT (180 л.с.)",автоматическая,передний,Левый,Хэтчбек 5 дв.,белый,https://avatars.avto.ru/get-autoru-vos/19785726/83b4d35586839236b00ff6ed1169e4c2/1200x900,2026-09-22T05:53:47Z
Toyota,Camry,Toyota Camry VII (XV50),https://auto.ru/cars/used/sale/toyota/camry/1131786424-8252ea14/,1459000,Челябинск,2013,,5,242500,4,Не требует ремонта,Дубликат,Комфорт,"бензин, 2.5 AT (181 л.с.)",автоматическая,передний,Левый,Седан,серебристый,https://avatars.avto.ru/get-autoru-vos/18152297/000a0095f186a77aaf1a13e94a59ce6d/1200x900,2026-09-22T05:53:47Z
Ford,Focus,Ford Focus III Рестайлинг,https://auto.ru/cars/used/sale/ford/focus/1133497288-4ab24492/,1189000,Челябинск,2018,,5,155420,4,Не требует ремонта,Дубликат,SYNC Edition,"бензин, 1.6 AMT (105 л.с.)",робот,передний,Левый,Седан,белый,https://avatars.avto.ru/get-autoru-vos/2181439/c205224307c3c8216739ac7d10883f96/1200x900,2026-09-22T05:53:47Z
Toyota,Prius,Toyota Prius III Рестайлинг (XW30),https://auto.ru/cars/used/sale/toyota/prius/1133823013-f072b21e/,1499000,Челябинск,2015,,5,188000,1,Не требует ремонта,Оригинал,,"гибрид, 1.8hyb AT (99 л.с.)",автоматическая,передний,Правый,Лифтбек,белый,https://avatars.avto.ru/get-autoru-vos/21151957/cb9d3bbaee8d72f6a87c2362042d860f/1200x900,2026-09-22T05:53:47Z
Subaru,Outback,Subaru Outback III Рестайлинг,https://auto.ru/cars/used/sale/subaru/outback/1134096217-d2529638/,1129000,Челябинск,2007,,5,268200,3,Не требует ремонта,Дубликат,,"бензин, 2.5 MT (173 л.с.) 4WD",механическая,полный,Левый,Универсал 5 дв.,серый,https://avatars.avto.ru/get-autoru-vos/16976316/1a313fb955c7ad3583838e8e996c8302/1200x900,2026-09-22T05:53:47Z
Toyota,Corolla,"Toyota Corolla X (E140, E150)",https://auto.ru/cars/used/sale/toyota/corolla/1132772251-fee292a0/,719000,Челябинск,2008,,5,271662,2,Не требует ремонта,Оригинал,Комфорт,"бензин, 1.6 MT (124 л.с.)",механическая,передний,Левый,Седан,синий,https://avatars.avto.ru/get-autoru-vos/16019815/f13b3a5b0bf37a97dae785da2cf7c50f/1200x900,2026-09-22T05:53:47Z
Volkswagen,Jetta,Volkswagen Jetta V,https://auto.ru/cars/used/sale/volkswagen/jetta/1134111173-0674e8b4/,479000,Челябинск,2007,,5,300353,3,Не требует ремонта,Дубликат,,"бензин, 1.6 MT (102 л.с.)",механическая,передний,Левый,Седан,серебристый,https://avatars.avto.ru/get-autoru-vos/20036242/129a7d4be26209ff913c54e11f6a41e6/1200x900,2026-09-22T05:53:47Z
Chevrolet,Aveo,Chevrolet Aveo I Рестайлинг,https://auto.ru/cars/used/sale/chevrolet/aveo/1134217252-88ee246c/,419000,Челябинск,2010,,5,226743,4,Не требует ремонта,Оригинал,,"бензин, 1.4 MT (101 л.с.)",механическая,передний,Левый,Седан,белый,https://avatars.avto.ru/get-autoru-vos/20487659/f034b7fb6602592e90c2b1ac0a03aeb4/1200x900,2026-09-22T05:53:47Z
Mazda,CX-5,Mazda CX-5 II,https://auto.ru/cars/used/sale/mazda/cx_5/1132504132-fd1fc30f/,2729000,Челябинск,2018,,5,101000,3,Не требует ремонта,Оригинал,Active,"бензин, 2.0 AT (150 л.с.)",автоматическая,передний,Левый,Внедорожник 5 дв.,красный,https://avatars.avto.ru/get-autoru-vos/17686578/8e51ca484d3b3e0540f8233c90799313/1200x900,2026-09-22T05:53:47Z
Hyundai,Solaris,Hyundai Solaris I,https://auto.ru/cars/used/sale/hyundai/solaris/1132986869-befd3a57/,1009000,Челябинск,2014,,5,174174,3,Не требует ремонта,Дубликат,Active,"бензин, 1.6 AT (123 л.с.)",автоматическая,передний,Левый,Хэтчбек 5 дв.,чёрный,https://avatars.avto.ru/get-autoru-vos/17645331/f48dffee7ecdfed9bd86f45e146a5dde/1200x900,2026-09-22T05:53:47Z
Peugeot,207,Peugeot 207 I,https://auto.ru/cars/used/sale/peugeot/207/1133886001-7c383d57/,639000,Челябинск,2007,,5,197100,4,Не требует ремонта,Дубликат,,"бензин, 1.6 AT (120 л.с.)",автоматическая,передний,Левый,Хэтчбек 5 дв.,синий,https://photo.auto.ru/photo/get-autoru-vos/19851294/lsJhRIp_R6dMdehqVk9RB5XjJY01BuOCNJn17k1MbBmnDMtDvzik99nTvwNA0zZLdzpV7zY2BlYOzUGLR8hNt5gUgjVrR1gCS6jj6Uyp3hQev2kM1Kib1XPaihtcwN1YCznqlrTx7Dy2_f49VXYSIr4Fi-b-plzXR_dvN6Sf917EgMU/1200x900,2026-09-22T05:53:47Z
Ford,Focus,Ford Focus III Рестайлинг,https://auto.ru/cars/used/sale/ford/focus/1133475586-06a1f079/,1179000,Челябинск,2017,,5,100580,3,Не требует ремонта,Оригинал,Ultra Comfort,"бензин, 1.6 AMT (125 л.с.)",робот,передний,Левый,Хэтчбек 5 дв.,белый,https://avatars.avto.ru/get-autoru-vos/14637477/b0a44fec4aa18854966a92b5df248b9d/1200x900,2026-09-22T05:53:47Z
Opel,Astra,Opel Astra J,https://auto.ru/cars/used/sale/opel/astra/1134231594-cfa74c0a/,719000,Челябинск,2011,,5,113875,2,Не требует ремонта,Оригинал,,"бензин, 1.6 MT (115 л.с.)",механическая,передний,Левый,Хэтчбек 5 дв.,серебристый,https://avatars.avto.ru/get-autoru-vos/20444157/a044216061895f4853706a6bdbaf24bb/1200x900,2026-09-22T05:53:47Z
Chevrolet,Lacetti,Chevrolet Lacetti I,https://auto.ru/cars/used/sale/chevrolet/lacetti/1133511310-7c858453/,359000,Челябинск,2007,,5,310973,4,Не требует ремонта,Дубликат,Premium airbag-side,"бензин, 1.6 MT (109 л.с.)",механическая,передний,Левый,Седан,золотистый,https://photo.auto.ru/photo/get-autoru-vos/1907895/KxDLJ5gri1JeRVbuF5ftiX4SVFQk25IZDikTLwocqHeKanRNEL82YaKKnraEJKoyjs_Q04V-OFXVMI12htLsrzgEqqoftmk11QZfb83V7uv48RbXm0tRbi8asEBI4xHdkU5whdEyv0C_bJDgt_Td9EGjbO78Pq9f2fzPZS7z6j732ZE/1200x900,2026-09-22T05:53:47Z
Nissan,Wingroad,Nissan Wingroad III (Y12),https://auto.ru/cars/used/sale/nissan/wingroad/1134111172-30f1f41b/,1049000,Челябинск,2017,,5,93290,2,Не требует ремонта,Оригинал,,"бензин, 1.5 CVT (109 л.с.)",вариатор,передний,Правый,Универсал 5 дв.,чёрный,https://avatars.avto.ru/get-autoru-vos/20140694/56244d80a4618e4467c64bf82c437eb9/1200x900,2026-09-22T05:53:47Z
Toyota,Avensis,Toyota Avensis II Рестайлинг,https://auto.ru/cars/used/sale/toyota/avensis/1131881853-4e099bf2/,859000,Челябинск,2007,,5,434956,4,Не требует ремонта,Оригинал,Сол,"бензин, 1.8 MT (129 л.с.)",механическая,передний,Левый,Седан,чёрный,https://avatars.avto.ru/get-autoru-vos/17909659/1b05a7cedc5ff6d6a14741f3b906fd37/1200x900,2026-09-22T05:53:47Z
Ford,Focus,Ford Focus II,https://auto.ru/cars/used/sale/ford/focus/1132530342-3bf77f9d/,399000,Челябинск,2007,,5,285000,4,Не требует ремонта,Дубликат,Comfort,"бензин, 1.8 MT (125 л.с.)",механическая,передний,Левый,Хэтчбек 5 дв.,серый,https://avatars.avto.ru/get-autoru-vos/20265681/dcf7331d14046e5a18ba735a1b0caa50/1200x900,2026-09-22T05:53:47Z
Lada (ВАЗ),Granta,Lada (ВАЗ) Granta I,https://auto.ru/cars/used/sale/vaz/granta/1134031887-d86c55cf/,499000,Челябинск,2016,,5,69000,1,Не требует ремонта,Оригинал,,"бензин, 1.6 MT (87 л.с.)",механическая,передний,Левый,Седан,чёрный,https://avatars.avto.ru/get-autoru-vos/2157278/bca9b7987cd7db21fcfba016535a15a0/1200x900,2026-09-22T05:53:47Z
Lada (ВАЗ),Priora,Lada (ВАЗ) Priora I Рестайлинг,https://auto.ru/cars/used/sale/vaz/2170/1133942726-8be8e1ac/,529000,Челябинск,2014,,5,152000,1,Не требует ремонта,Оригинал,,"бензин, 1.6 MT (106 л.с.)",механическая,передний,Левый,Хэтчбек 5 дв.,серый,https://avatars.avto.ru/get-autoru-vos/2160258/0d4a48671a60d0cb76cc98bd2023ed5f/1200x900,2026-09-22T05:53:47Z
Opel,Corsa,Opel Corsa D Рестайлинг II,https://auto.ru/cars/used/sale/opel/corsa/1132601630-e772ad16/,659000,Челябинск,2012,,5,122000,3,Не требует ремонта,Дубликат,Color Edition,"бензин, 1.4 AT (100 л.с.)",автоматическая,передний,Левый,Хэтчбек 5 дв.,белый,https://avatars.avto.ru/get-autoru-vos/17712067/154268e62c133d0bb3d0976c1d92424e/1200x900,2026-09-22T05:53:47Z
Ford,Mondeo,Ford Mondeo IV Рестайлинг,https://auto.ru/cars/used/sale/ford/mondeo/1133885985-61cc0a89/,719000,Челябинск,2012,,5,277090,3,Не требует ремонта,Оригинал,,"бензин, 1.6 MT (120 л.с.)",механическая,передний,Левый,Седан,серый,https://avatars.avto.ru/get-autoru-vos/16135405/b7fa4874d07d92d3c38566a187dcfc80/1200x900,2026-09-22T05:53:47Z
Nissan,Almera Classic,Nissan Almera Classic I,https://auto.ru/cars/used/sale/nissan/almera_classic/1134051577-ca1b2ad5/,449000,Челябинск,2008,,5,184000,4,Не требует ремонта,Дубликат,,"бензин, 1.6 MT (107 л.с.)",механическая,передний,Левый,Седан,синий,https://avatars.avto.ru/get-autoru-vos/20543926/3625f786ae74cea1cad7f3e0a383a1b1/1200x900,2026-09-22T05:53:47Z
Opel,Zafira,Opel Zafira B Рестайлинг,https://auto.ru/cars/used/sale/opel/zafira/1133978534-5546370a/,799000,Челябинск,2013,,5,203656,2,Не требует ремонта,Оригинал,,"бензин, 1.8 MT (140 л.с.)",механическая,передний,Левый,Компактвэн,чёрный,https://avatars.avto.ru/get-autoru-vos/2147042/f5b153187bc548bbc564f6d44a4a019d/1200x900,2026-09-22T05:53:47Z
Chery,Tiggo 4,Chery Tiggo 4 I Рестайлинг,https://auto.ru/cars/used/sale/chery/tiggo_4/1133885996-2828a789/,1729000,Челябинск,2021,,5,105221,1,Не требует ремонта,Оригинал,,"бензин, 2.0 CVT (122 л.с.)",вариатор,передний,Левый,Внедорожник 5 дв.,красный,https://avatars.avto.ru/get-autoru-vos/20263483/3cdcc8c8f5f45e5617b7d0612f51e325/1200x900,2026-09-22T05:53:50Z
Kia,Ceed,Kia Ceed I,https://auto.ru/cars/used/sale/kia/ceed/1134031891-e795a1fd/,649000,Челябинск,2009,,5,305000,4,Не требует ремонта,Оригинал,,"бензин, 1.6 AT (122 л.с.)",автоматическая,передний,Левый,Хэтчбек 5 дв.,золотистый,https://avatars.avto.ru/get-autoru-vos/17698736/1cbdac27cbef3ff5fe821a85b7d5546f/1200x900,2026-09-22T05:53:50Z
Hyundai,Solaris,Hyundai Solaris I,https://auto.ru/cars/used/sale/hyundai/solaris/1133978532-6c79d2e9/,779000,Челябинск,2011,,5,198000,4,Не требует ремонта,Оригинал,,"бензин, 1.4 MT (107 л.с.)",механическая,передний,Левый,Хэтчбек 5 дв.,серый,https://avatars.avto.ru/get-autoru-vos/20507677/ca5cb4c1f8a5748aed063d90bd10a38b/1200x900,2026-09-22T05:53:50Z
Kia,Rio,Kia Rio III Рестайлинг,https://auto.ru/cars/used/sale/kia/rio/1133740064-5f5d775b/,1049000,Челябинск,2015,,5,167000,2,Не требует ремонта,Дубликат,,"бензин, 1.6 AT (123 л.с.)",автоматическая,передний,Левый,Седан,серебристый,https://avatars.avto.ru/get-autoru-vos/16164821/88ad7a6cf028eab03ae887022969d5a2/1200x900,2026-09-22T05:53:50Z
Lada (ВАЗ),Granta,Lada (ВАЗ) Granta I,https://auto.ru/cars/used/sale/vaz/granta/1134209754-3e86e573/,539000,Челябинск,2018,,5,114000,2,Не требует ремонта,Оригинал,,"бензин, 1.6 MT (87 л.с.)",механическая,передний,Левый,Седан,красный,https://avatars.avto.ru/get-autoru-vos/17723823/633206221b519bc1ca38a935324193c0/1200x900,2026-09-22T05:53:50Z
Renault,Sandero,Renault Sandero I,https://auto.ru/cars/used/sale/renault/sandero/1133783105-1c2e8e92/,539000,Челябинск,2014,,5,153000,1,Не требует ремонта,Оригинал,,"бензин, 1.4 MT (75 л.с.)",механическая,передний,Левый,Хэтчбек 5 дв.,золотистый,https://photo.auto.ru/photo/get-autoru-vos/17673331/MxHtAjQ8F01lArnm_cxjUq24VNw1es8SnLIjMUrOKoJQnvMioOr156z8rmLFzgdDsq60hGbtWfAWZ2UQ59Jpm64fchRJofGmyIfU1Nnw2my8rfx-P43XWqCyHKLQ4P7hvJgcRxeJj4N7W-HQh2XPS0T3nHup1iI8HsG8qp_HITT4yFQ/1200x900,2026-09-22T05:53:50Z
Mazda,CX-5,Mazda CX-5 I Рестайлинг,https://auto.ru/cars/used/sale/mazda/cx_5/1133885976-2859134c/,1999000,Челябинск,2015,,5,186000,4,Не требует ремонта,Дубликат,,"бензин, 2.5 AT (192 л.с.) 4WD",автоматическая,полный,Левый,Внедорожник 5 дв.,красный,https://avatars.avto.ru/get-autoru-vos/2156482/a70f204991658b75f30d16abd44c490e/1200x900,2026-09-22T05:53:50Z
Kia,Rio,Kia Rio II Рестайлинг,https://auto.ru/cars/used/sale/kia/rio/1133752884-9b482cd1/,589000,Челябинск,2010,,5,153428,2,Не требует ремонта,Оригинал,,"бензин, 1.4 MT (95 л.с.)",механическая,передний,Левый,Седан,золотистый,https://avatars.avto.ru/get-autoru-vos/14916128/70b5eb36915ff54702a2c3920c80365e/1200x900,2026-09-22T05:53:50Z
Ford,Focus,Ford Focus II Рестайлинг,https://auto.ru/cars/used/sale/ford/focus/1134008785-1c72b5f5/,599000,Челябинск,2010,,5,226249,3,Не требует ремонта,Оригинал,,"бензин, 1.8 MT (125 л.с.)",механическая,передний,Левый,Хэтчбек 5 дв.,белый,https://avatars.avto.ru/get-autoru-vos/16019815/8a9c0252098f0160b63921331dfb2303/1200x900,2026-09-22T05:53:50Z
Skoda,Octavia,Skoda Octavia III (A7),https://auto.ru/cars/used/sale/skoda/octavia/1133639557-9328c055/,789000,Челябинск,2014,,5,290000,4,Не требует ремонта,Оригинал,Elegance,"бензин, 1.2 MT (105 л.с.)",механическая,передний,Левый,Лифтбек,серый,https://avatars.avto.ru/get-autoru-vos/20671634/e3510f708cb503703324f1aa4ba6abf8/1200x900,2026-09-22T05:53:50Z
Skoda,Octavia,Skoda Octavia II (A5) Рестайлинг,https://auto.ru/cars/used/sale/skoda/octavia/1133885992-e032fe02/,769000,Челябинск,2010,,5,210217,2,Не требует ремонта,Оригинал,,"бензин, 1.6 MT (102 л.с.)",механическая,передний,Левый,Лифтбек,чёрный,https://avatars.avto.ru/get-autoru-vos/18986119/1ea338e4d619fac1603a13b451584d81/1200x900,2026-09-22T05:53:50Z
Kia,Rio,Kia Rio III Рестайлинг,https://auto.ru/cars/used/sale/kia/rio/1133885980-822867e3/,919000,Челябинск,2015,,5,162044,1,Не требует ремонта,Оригинал,,"бензин, 1.6 MT (123 л.с.)",механическая,передний,Левый,Седан,чёрный,https://avatars.avto.ru/get-autoru-vos/2181439/11ad956a56cd1ab4981ea7a6fc06bc2e/1200x900,2026-09-22T05:53:50Z
Toyota,Corolla,"Toyota Corolla Fielder XI (E160, E170, E180)",https://auto.ru/cars/used/sale/toyota/corolla/1131237956-ae013dbc/,1099000,Челябинск,2014,,5,185000,1,Не требует ремонта,Оригинал,,"гибрид, Fielder 1.5hyb CVT (74 л.с.)",вариатор,передний,Правый,Универсал 5 дв. Fielder,серый,https://avatars.avto.ru/get-autoru-vos/5985536/4b07a3ef82ec45b081079e8f78816614/1200x900,2026-09-22T05:53:50Z
Hyundai,Solaris,Hyundai Solaris I Рестайлинг,https://auto.ru/cars/used/sale/hyundai/solaris/1133885989-855e42b7/,970000,Челябинск,2014,,5,128801,2,Не требует ремонта,Дубликат,,"бензин, 1.6 AT (123 л.с.)",автоматическая,передний,Левый,Хэтчбек 5 дв.,белый,https://avatars.avto.ru/get-autoru-vos/20180167/1e330ab0fb50b4b46f01ec748625bcc0/1200x900,2026-09-22T05:53:50Z
Hyundai,Solaris,Hyundai Solaris I,https://auto.ru/cars/used/sale/hyundai/solaris/1133885991-0bdf9d67/,979000,Челябинск,2014,,5,171239,2,Не требует ремонта,Оригинал,,"бензин, 1.6 AT (123 л.с.)",автоматическая,передний,Левый,Седан,серый,https://avatars.avto.ru/get-autoru-vos/2156482/d7f93daa8d0be4602dfebc565192fc27/1200x900,2026-09-22T05:53:50Z
Kia,Rio,Kia Rio III,https://auto.ru/cars/used/sale/kia/rio/1134031892-99e12274/,759000,Челябинск,2011,,5,190000,1,Не требует ремонта,Оригинал,,"бензин, 1.4 AT (107 л.с.)",автоматическая,передний,Левый,Седан,серый,https://avatars.avto.ru/get-autoru-vos/10932694/4ad087956d83926fefd0cc4784a5249d/1200x900,2026-09-22T05:53:50Z
Ford,Focus,Ford Focus II Рестайлинг,https://auto.ru/cars/used/sale/ford/focus/1133659102-8f2ed35c/,639000,Челябинск,2008,,5,164000,3,Не требует ремонта,Оригинал,,"бензин, 1.8 MT (125 л.с.)",механическая,передний,Левый,Хэтчбек 5 дв.,красный,https://photo.auto.ru/photo/get-autoru-vos/20556383/dm5ZWe9XYSMKu2FvJydeP2Cw3GGWLXnhqTiEV09W5nZ8olIG199yQ5T_gzwH4YzoHjYDlrVjA6Y7YLpsPKnIyPccbJ9lVY9Lo8wM8hCnbgzCKuiA1l6h1f-kTxEZdAzRbOd0e5QlTJOWqn_E7D10JoXG8Tsejm0oinBALGfkMooqnVQ/1200x900,2026-09-22T05:53:50Z
Toyota,Camry,Toyota Camry VIII (XV70),https://auto.ru/cars/used/sale/toyota/camry/1133045913-499d8f75/,2429000,Челябинск,2020,,5,169529,1,Не требует ремонта,Оригинал,Стандарт Плюс,"бензин, 2.5 AT (181 л.с.)",автоматическая,передний,Левый,Седан,синий,https://avatars.avto.ru/get-autoru-vos/20394542/d62afa186a865c3d88665e012c374e8f/1200x900,2026-09-22T05:53:50Z
Ford,Focus,Ford Focus II Рестайлинг,https://auto.ru/cars/used/sale/ford/focus/1133691638-122f3724/,669000,Челябинск,2011,,5,310550,4,Не требует ремонта,Оригинал,,"бензин, 1.6 MT (100 л.с.)",механическая,передний,Левый,Хэтчбек 5 дв.,серый,https://avatars.avto.ru/get-autoru-vos/18621059/765ef4b5f0fa912cf5ee1f608ab5560f/1200x900,2026-09-22T05:53:50Z
Mazda,3,Mazda 3 II (BL),https://auto.ru/cars/used/sale/mazda/3/1134200101-58c00bbd/,709000,Челябинск,2010,,5,285011,4,Не требует ремонта,Оригинал,,"бензин, 1.6 AT (105 л.с.)",автоматическая,передний,Левый,Хэтчбек 5 дв.,серебристый,https://photo.auto.ru/photo/get-autoru-vos/20358835/t_ZMzR3wfpKE46HiNfH6tLcarKxq60Y4p_G3TOmrtjlmUYCNg9oDYZ53EtiCQI6CaiR3TPifW6A139bUwctHaiIuj2QwmAAP_LqlPsohPaQyRMnQTDKoQSFzB3hZlyyPPymvVWNbQxSJO-qoNlQBsr-QmkIxIeMtBW3MqtvUcR19l8c/1200x900,2026-09-22T05:53:50Z
Lada (ВАЗ),Granta,Lada (ВАЗ) Granta I Рестайлинг,https://auto.ru/cars/used/sale/vaz/granta/1134031888-4206016b/,559000,Челябинск,2019,,5,140000,4,Не требует ремонта,Оригинал,,"бензин, 1.6 MT (87 л.с.)",механическая,передний,Левый,Седан,серебристый,https://avatars.avto.ru/get-autoru-vos/17668497/06edcc147e2b61591dc6704415b69d35/1200x900,2026-09-22T05:53:50Z
Lada (ВАЗ),Niva Legend,Lada (ВАЗ) Niva Legend I,https://auto.ru/cars/used/sale/vaz/niva_legend/1132847001-6721c4ac/,1219000,Челябинск,2025,,4,14000,1,Не требует ремонта,Оригинал,Люкс,"бензин, 1.7 MT (83 л.с.) 4WD",механическая,полный,Левый,Внедорожник 3 дв.,синий,https://photo.auto.ru/photo/get-autoru-vos/18702491/K_q-rSFAMuZ5cUfO3FIh3RL-er6zT1fwj1_jt7HrZn-8D09OtpF8q_8vQT2yqHRiw2MTqyjUMzksCcredAwYqS8p-RLJmF6zSjlsOQCRWzau6M89uHIBLOt6qjNGPVflm0uAkD3OAWNlMWAi3Boy1RlnZltt2p4sjAo9TjBQOiNTra0/1200x900,2026-09-22T05:53:50Z
Volkswagen,Jetta,Volkswagen Jetta VI,https://auto.ru/cars/used/sale/volkswagen/jetta/1133993424-6781d61e/,1019000,Челябинск,2013,,5,283864,1,Не требует ремонта,Оригинал,,"бензин, 1.6 AT (105 л.с.)",автоматическая,передний,Левый,Седан,серебристый,https://avatars.avto.ru/get-autoru-vos/15611445/9c5e1d6ebf6e2b368bf7ba236699c2df/1200x900,2026-09-22T05:53:50Z
Kia,Ceed,Kia Ceed II,https://auto.ru/cars/used/sale/kia/ceed/1134068288-11c1dd23/,1149000,Челябинск,2014,,5,216069,3,Не требует ремонта,Дубликат,,"бензин, 1.6 AT (129 л.с.)",автоматическая,передний,Левый,Хэтчбек 5 дв.,чёрный,https://avatars.avto.ru/get-autoru-vos/20263483/3476fff40aff677df599bfc0bb3c62d7/1200x900,2026-09-22T05:53:50Z
Opel,Astra,Opel Astra GTC H Рестайлинг,https://auto.ru/cars/used/sale/opel/astra/1134082220-14f6d11d/,619000,Челябинск,2010,,4,227345,4,Не требует ремонта,Дубликат,,"бензин, GTC 1.6 AMT (115 л.с.)",робот,передний,Левый,Хэтчбек 3 дв. GTC,красный,https://avatars.avto.ru/get-autoru-vos/18720861/964ee4287369ef6dfac07de030611b10/1200x900,2026-09-22T05:53:50Z
Honda,N-WGN,Honda N-WGN I,https://auto.ru/cars/used/sale/honda/n_wgn/1133142289-3b56581b/,879000,Челябинск,2014,,4,125000,1,Не требует ремонта,Оригинал,,"бензин, 0.7 CVT (58 л.с.)",вариатор,передний,Правый,Хэтчбек 5 дв.,чёрный,https://avatars.avto.ru/get-autoru-vos/15688781/87a5def89c42f6bbd6e9241bb2eb9534/1200x900,2026-09-22T05:53:50Z
Volkswagen,Passat,Volkswagen Passat B8,https://auto.ru/cars/used/sale/volkswagen/passat/1133752885-73f943e7/,1969000,Челябинск,2018,,5,161639,3,Не требует ремонта,Оригинал,,"бензин, 1.4 AMT (150 л.с.)",робот,передний,Левый,Седан,серебристый,https://avatars.avto.ru/get-autoru-vos/15041766/657fba0001126e570db498f8aabd0e2b/1200x900,2026-09-22T05:53:50Z
Kia,Picanto,Kia Picanto I Рестайлинг,https://auto.ru/cars/used/sale/kia/picanto/1134051574-5b463c0f/,569000,Челябинск,2010,,4,121940,2,Не требует ремонта,Оригинал,,"бензин, 1.1 AT (65 л.с.)",автоматическая,передний,Левый,Хэтчбек 5 дв.,синий,https://avatars.avto.ru/get-autoru-vos/2177499/3b55850314b2f2fac3ebb4b559146770/1200x900,2026-09-22T05:53:50Z
Ford,Focus,Ford Focus II,https://auto.ru/cars/used/sale/ford/focus/1134231597-7d041641/,579000,Челябинск,2008,,5,219000,4,Не требует ремонта,Дубликат,,"бензин, 2.0 AT (145 л.с.)",автоматическая,передний,Левый,Седан,серый,https://avatars.avto.ru/get-autoru-vos/18106725/31b82ea4d19550cea31e139c9236092d/1200x900,2026-09-22T05:53:50Z
Lada (ВАЗ),Granta,Lada (ВАЗ) Granta I,https://auto.ru/cars/used/sale/vaz/granta/1134139585-38ec9c66/,369000,Челябинск,2012,,5,96319,2,Не требует ремонта,Оригинал,,"бензин, 1.6 MT (87 л.с.)",механическая,передний,Левый,Седан,серый,https://avatars.avto.ru/get-autoru-vos/18861955/9fe19b7ee7222fd37ac0b048979320b8/1200x900,2026-09-22T05:53:50Z
Honda,Civic,Honda Civic VIII,https://auto.ru/cars/used/sale/honda/civic/1133352070-0e9a01bb/,679000,Челябинск,2007,,5,242000,4,Не требует ремонта,Дубликат,Elegancе,"бензин, 1.8 AT (140 л.с.)",автоматическая,передний,Левый,Седан,бежевый,https://avatars.avto.ru/get-autoru-vos/19634380/ce405f304a2769eb116a798cf7995a9c/1200x900,2026-09-22T05:53:50Z
Hyundai,Solaris,Hyundai Solaris I Рестайлинг,https://auto.ru/cars/used/sale/hyundai/solaris/1132318538-4db826fd/,839000,Челябинск,2015,,5,194000,3,Не требует ремонта,Оригинал,Active,"бензин, 1.4 MT (107 л.с.)",механическая,передний,Левый,Хэтчбек 5 дв.,коричневый,https://avatars.avto.ru/get-autoru-vos/18101889/838c645e5ba7108ed681f37ef6399f73/1200x900,2026-09-22T05:53:50Z
Mazda,6,Mazda 6 II (GH) Рестайлинг,https://auto.ru/cars/used/sale/mazda/6/1133272062-2d8e9419/,949000,Челябинск,2011,,5,300000,4,Не требует ремонта,Оригинал,Sport,"бензин, 2.0 AT (147 л.с.)",автоматическая,передний,Левый,Лифтбек,белый,https://avatars.avto.ru/get-autoru-vos/17674678/cb375102bcf45ccda5336ed501b8c3fa/1200x900,2026-09-22T05:53:50Z
Lada (ВАЗ),Granta,Lada (ВАЗ) Granta I Рестайлинг,https://auto.ru/cars/used/sale/vaz/granta/1132422303-02540a72/,699000,Челябинск,2023,,5,94600,2,Не требует ремонта,Оригинал,Standard (2021-2022),"бензин, 1.6 MT (90 л.с.)",механическая,передний,Левый,Седан,белый,https://photo.auto.ru/photo/get-autoru-vos/20022717/o5jivULuLmOh1W0cnM2rFElZm4d5I-dnte07xrorOAFes-b16Vcx153Hw41w328bGkk8Mwi2d-iupTXN93rmfMRJvdTXso1hOR85CqHGYfdjXqkEx47ga5gL3IvrrEbZN5IFT9-37NMflrhNVsrxCKnxQeVHbdqWQl7okvG9olpgFwI/1200x900,2026-09-22T05:53:50Z
Hyundai,Solaris,Hyundai Solaris II Рестайлинг,https://auto.ru/cars/used/sale/hyundai/solaris/1131967414-59b4b073/,1199000,Челябинск,2020,,5,185200,2,Не требует ремонта,Оригинал,Active Plus,"бензин, 1.6 AT (123 л.с.)",автоматическая,передний,Левый,Седан,серебристый,https://avatars.avto.ru/get-autoru-vos/17973312/c13f9ee88f4f4cea6f01fbb9760020d9/1200x900,2026-09-22T05:53:50Z
Lada (ВАЗ),Granta,Lada (ВАЗ) Granta I Рестайлинг,https://auto.ru/cars/used/sale/vaz/granta/1133520877-fbc7b1a3/,899000,Челябинск,2020,,5,26300,1,Не требует ремонта,Оригинал,#Club,"бензин, 1.6 MT (87 л.с.)",механическая,передний,Левый,Лифтбек,коричневый,https://avatars.avto.ru/get-autoru-vos/19793268/0d59e3deb1f9aa88f4bb303f4e6c2dcc/1200x900,2026-09-22T05:53:50Z
Lada (ВАЗ),Granta,Lada (ВАЗ) Granta I Рестайлинг,https://auto.ru/cars/used/sale/vaz/granta/1134200102-8b85e1c1/,939000,Челябинск,2023,,5,48750,1,Не требует ремонта,Оригинал,,"бензин, 1.6 MT (106 л.с.)",механическая,передний,Левый,Лифтбек,чёрный,https://photo.auto.ru/photo/get-autoru-vos/20172247/f9gXK-_mdJkzKC3KPFdILKSFiu9J2bWInjuMeNb61a1OxjKMrddwynbH2zhG3Gz5jh9FJlOHk_5WI9WL23LnaMgjvnIW_DUcuz7BuPu77U7T1SyJLlOKEH3YEV9B0oQ5ws6b08SGCbTbTpUbAAr6FGIILBMyXvIPsM9z0dYW3m5gNok/1200x900,2026-09-22T05:53:50Z
Opel,Astra,Opel Astra GTC H Рестайлинг,https://auto.ru/cars/used/sale/opel/astra/1134127193-8a738552/,549000,Челябинск,2008,,4,266469,4,Не требует ремонта,Дубликат,,"бензин, GTC 1.8 AT (140 л.с.)",автоматическая,передний,Левый,Хэтчбек 3 дв. GTC,чёрный,https://avatars.avto.ru/get-autoru-vos/15628906/1e1d546520fba224e5f14f1a3b4abe3d/1200x900,2026-09-22T05:53:52Z
Ford,Focus,Ford Focus III,https://auto.ru/cars/used/sale/ford/focus/1133315126-f518985b/,799000,Челябинск,2013,,5,270000,4,Не требует ремонта,Оригинал,SYNC Edition,"бензин, 1.6 AMT (105 л.с.)",робот,передний,Левый,Хэтчбек 5 дв.,серый,https://avatars.avto.ru/get-autoru-vos/20104625/99aebc27019f7aa32c249d724f499f50/1200x900,2026-09-22T05:53:52Z
Lada (ВАЗ),Granta,Lada (ВАЗ) Granta I Рестайлинг,https://auto.ru/cars/used/sale/vaz/granta/1134021656-da62fd6b/,659000,Челябинск,2019,,5,52286,2,Не требует ремонта,Оригинал,,"бензин, 1.6 MT (87 л.с.)",механическая,передний,Левый,Седан,серый,https://avatars.avto.ru/get-autoru-vos/20694092/ccdab2de1d3a2bf8cdf99757b6d8c2d7/1200x900,2026-09-22T05:53:52Z
Lada (ВАЗ),Priora,Lada (ВАЗ) Priora I Рестайлинг,https://auto.ru/cars/used/sale/vaz/2170/1133752883-8ce44600/,589000,Челябинск,2016,,5,158079,3,Не требует ремонта,Дубликат,,"бензин, 1.6 MT (87 л.с.)",механическая,передний,Левый,Седан,чёрный,https://avatars.avto.ru/get-autoru-vos/17674678/5aa3efb0381296adcd981937067ba7fb/1200x900,2026-09-22T05:53:52Z
Kia,Cerato,Kia Cerato III Рестайлинг (Classic),https://auto.ru/cars/used/sale/kia/cerato/1133895151-eb7e6bd0/,1749000,Челябинск,2017,,5,103000,2,Не требует ремонта,Оригинал,,"бензин, 1.6 AT (130 л.с.)",автоматическая,передний,Левый,Седан,синий,https://avatars.avto.ru/get-autoru-vos/20939166/97430a2aa0ea07950272d07518f59091/1200x900,2026-09-22T05:53:52Z
Lada (ВАЗ),Vesta,Lada (ВАЗ) Vesta I,https://auto.ru/cars/used/sale/vaz/vesta/1133885986-f14b0d99/,729000,Челябинск,2017,,5,202000,1,Не требует ремонта,Оригинал,,"бензин, 1.6 MT (106 л.с.)",механическая,передний,Левый,Седан,белый,https://avatars.avto.ru/get-autoru-vos/1936147/556bb6e47d2b84f88559b3caa215b00e/1200x900,2026-09-22T05:53:52Z
Lada (ВАЗ),Largus,Lada (ВАЗ) Largus I,https://auto.ru/cars/used/sale/vaz/largus/1133885999-f06946f1/,979000,Челябинск,2019,,5,168000,3,Не требует ремонта,Оригинал,,"бензин, 1.6 MT (106 л.с.)",механическая,передний,Левый,Универсал 5 дв.,белый,https://avatars.avto.ru/get-autoru-vos/18106725/e64183da54c8e958c80b1488600d1e70/1200x900,2026-09-22T05:53:52Z
Lada (ВАЗ),Granta,Lada (ВАЗ) Granta I Рестайлинг,https://auto.ru/cars/used/sale/vaz/granta/1133886002-ed252bcd/,659000,Челябинск,2020,,5,163216,1,Не требует ремонта,Оригинал,,"бензин, 1.6 MT (87 л.с.)",механическая,передний,Левый,Седан,серебристый,https://photo.auto.ru/photo/get-autoru-vos/18408326/qp6NEut8vRyEO2bSop25g3e9-p_nMKPQTunEsGEFkFH6m26a3-pWJRoDyBF3RsyMjGW0Fdr6DYkV2Sz2cDXc_ZcfVSgd_ssaR8c8z1mJ68Ow9YsqchiNyZ5TzV0AsQkQtM9WwAJWiUPJKt0HWLE2zxeJBAUJSGZzHDTgDqRclAXzd0M/1200x900,2026-09-22T05:53:52Z
Ford,Focus,Ford Focus III,https://auto.ru/cars/used/sale/ford/focus/1132053969-724dcddc/,769000,Челябинск,2014,,5,207000,2,Не требует ремонта,Дубликат,SYNC Edition,"бензин, 1.6 AMT (125 л.с.)",робот,передний,Левый,Хэтчбек 5 дв.,чёрный,https://avatars.avto.ru/get-autoru-vos/17665660/54c918c52de0696523821a3d97fd281b/1200x900,2026-09-22T05:53:52Z
Ford,Focus,Ford Focus III,https://auto.ru/cars/used/sale/ford/focus/1133955966-f43b4cad/,819000,Челябинск,2013,,5,230000,4,Не требует ремонта,Оригинал,,"бензин, 1.6 AMT (105 л.с.)",робот,передний,Левый,Хэтчбек 5 дв.,чёрный,https://avatars.avto.ru/get-autoru-vos/20055049/13c24710986dd3a7fa793b0765f7ea48/1200x900,2026-09-22T05:53:52Z
Kia,Rio,Kia Rio IV Рестайлинг,https://auto.ru/cars/used/sale/kia/rio/1133895150-fb451484/,1459000,Челябинск,2021,,5,153000,1,Не требует ремонта,Оригинал,,"бензин, 1.6 AT (123 л.с.)",автоматическая,передний,Левый,Седан,синий,https://avatars.avto.ru/get-autoru-vos/2166679/94236c04cebf9803d4ee85b2ea85e1c1/1200x900,2026-09-22T05:53:52Z
Hyundai,Solaris,Hyundai Solaris II,https://auto.ru/cars/used/sale/hyundai/solaris/1133885994-b1438b57/,1359000,Челябинск,2019,,5,139000,2,Не требует ремонта,Дубликат,,"бензин, 1.6 AT (123 л.с.)",автоматическая,передний,Левый,Седан,оранжевый,https://avatars.avto.ru/get-autoru-vos/4507765/ce4191ef77ca2052ba5fc7132c55ae83/1200x900,2026-09-22T05:53:52Z
Hyundai,Solaris,Hyundai Solaris II,https://auto.ru/cars/used/sale/hyundai/solaris/1134052436-a0e4274d/,1179000,Челябинск,2019,,5,190000,1,Не требует ремонта,Оригинал,,"бензин, 1.6 AT (123 л.с.)",автоматическая,передний,Левый,Седан,коричневый,https://avatars.avto.ru/get-autoru-vos/19873021/809023dedb6a384cf314ca831c9ddad0/1200x900,2026-09-22T05:53:52Z
Lada (ВАЗ),Granta,Lada (ВАЗ) Granta I Рестайлинг,https://auto.ru/cars/used/sale/vaz/granta/1134127195-9e0acb71/,659000,Челябинск,2021,,5,126800,1,Не требует ремонта,Оригинал,,"бензин, 1.6 MT (90 л.с.)",механическая,передний,Левый,Седан,серебристый,https://avatars.avto.ru/get-autoru-vos/17833075/ab4b70094685c988fb7b361e330458cb/1200x900,2026-09-22T05:53:52Z
Hyundai,Solaris,Hyundai Solaris I,https://auto.ru/cars/used/sale/hyundai/solaris/1133639555-e859c45b/,799000,Челябинск,2012,,5,144200,4,Не требует ремонта,Дубликат,Active,"бензин, 1.4 AT (107 л.с.)",автоматическая,передний,Левый,Хэтчбек 5 дв.,синий,https://avatars.avto.ru/get-autoru-vos/17777984/1f671a6bd3b6c5b513867191644eb7dc/1200x900,2026-09-22T05:53:52Z
Lada (ВАЗ),Granta,Lada (ВАЗ) Granta I Рестайлинг,https://auto.ru/cars/used/sale/vaz/granta/1133496274-3f8677e0/,959000,Челябинск,2024,,5,50507,1,Не требует ремонта,Оригинал,Classic Optima,"бензин, 1.6 MT (90 л.с.)",механическая,передний,Левый,Седан,серебристый,https://avatars.avto.ru/get-autoru-vos/1982232/160d7edc89aae433ab41eafdfa22a992/1200x900,2026-09-22T05:53:52Z
Lada (ВАЗ),Granta,Lada (ВАЗ) Granta Cross I Рестайлинг,https://auto.ru/cars/used/sale/vaz/granta/1134120390-a3559048/,789000,Челябинск,2020,,5,141223,1,Не требует ремонта,Оригинал,,"бензин, Cross 1.6 MT (87 л.с.)",механическая,передний,Левый,Универсал 5 дв. Cross,белый,https://avatars.avto.ru/get-autoru-vos/19298886/9e33630b3f2bfb76fae601799b5ebb92/1200x900,2026-09-22T05:53:52Z
Hyundai,Solaris,Hyundai Solaris I,https://auto.ru/cars/used/sale/hyundai/solaris/1133775356-a4c86c2e/,899000,Челябинск,2012,,5,74500,4,Не требует ремонта,Дубликат,,"бензин, 1.6 AT (123 л.с.)",автоматическая,передний,Левый,Хэтчбек 5 дв.,фиолетовый,https://avatars.avto.ru/get-autoru-vos/17698736/549cc8672dcd8f09a53479c9411312d0/1200x900,2026-09-22T05:53:52Z
